customer_id,recency,frequency,monetary,unique_products,avg_unit_price,lifespan_days,avg_order_value,purchase_rate,revenue_per_product,r_score,f_score,m_score,rfm_score,segment,churned,cluster,cluster_name,action
12346,326,12,77556.46,27,6.1,400,6463.04,0.0299,2872.46,2,5,5,12,Loyal,1,0,Champions,"Reward with loyalty perks, ask for reviews"
12347,3,8,5633.32,126,2.55,402,704.16,0.0199,44.71,5,4,5,14,Champion,0,0,Champions,"Reward with loyalty perks, ask for reviews"
12348,76,5,2019.4,25,3.79,362,403.88,0.0138,80.78,3,4,4,11,Loyal,0,2,Loyal Customers,"Upsell premium products, increase frequency"
12349,19,4,4428.69,138,8.46,570,1107.17,0.007,32.09,5,3,5,13,Champion,0,2,Loyal Customers,"Upsell premium products, increase frequency"
12350,311,1,334.4,17,3.84,0,334.4,1.0,19.67,2,1,2,5,Hibernating,1,3,Lost,Minimal spend — low re-engagement ROI
12351,376,1,300.93,21,2.36,0,300.93,1.0,14.33,2,1,2,5,Hibernating,1,3,Lost,Minimal spend — low re-engagement ROI
12352,37,10,2849.84,70,13.68,356,284.98,0.028,40.71,4,5,4,13,Champion,0,2,Loyal Customers,"Upsell premium products, increase frequency"
12353,205,2,406.76,23,2.63,204,203.38,0.0098,17.69,2,2,2,6,Hibernating,1,1,At Risk,"Send win-back campaigns, offer discounts"
12354,233,1,1079.4,58,4.5,0,1079.4,1.0,18.61,2,1,3,6,Hibernating,1,1,At Risk,"Send win-back campaigns, offer discounts"
12355,215,2,947.61,35,3.07,353,473.8,0.0056,27.07,2,2,3,7,At Risk,1,1,At Risk,"Send win-back campaigns, offer discounts"
12356,23,6,6373.68,104,3.15,401,1062.28,0.0149,61.29,4,4,5,13,Champion,0,2,Loyal Customers,"Upsell premium products, increase frequency"
12357,34,3,18287.66,261,6.2,355,6095.89,0.0084,70.07,4,3,5,12,Loyal,0,2,Loyal Customers,"Upsell premium products, increase frequency"
12358,2,5,3887.07,56,5.37,730,777.41,0.0068,69.41,5,4,5,14,Champion,0,2,Loyal Customers,"Upsell premium products, increase frequency"
12359,58,10,8935.94,305,7.37,676,893.59,0.0148,29.3,4,5,5,14,Champion,0,0,Champions,"Reward with loyalty perks, ask for reviews"
12360,53,8,4252.89,160,3.21,603,531.61,0.0132,26.58,4,4,5,13,Champion,0,2,Loyal Customers,"Upsell premium products, increase frequency"
12361,288,4,511.25,18,3.87,394,127.81,0.0101,28.4,2,3,2,7,At Risk,1,1,At Risk,"Send win-back campaigns, offer discounts"
12362,4,11,5356.23,201,4.41,735,486.93,0.0149,26.65,5,5,5,15,Champion,0,0,Champions,"Reward with loyalty perks, ask for reviews"
12363,110,2,552.0,23,2.31,132,276.0,0.015,24.0,3,2,2,7,At Risk,1,1,At Risk,"Send win-back campaigns, offer discounts"
12364,8,4,1313.1,70,1.91,104,328.28,0.0381,18.76,5,3,4,12,Loyal,0,2,Loyal Customers,"Upsell premium products, increase frequency"
12365,292,2,641.38,22,17.15,0,320.69,2.0,29.15,2,2,3,7,At Risk,1,1,At Risk,"Send win-back campaigns, offer discounts"
12366,634,1,500.24,3,1.69,0,500.24,1.0,166.75,1,1,2,4,Hibernating,1,3,Lost,Minimal spend — low re-engagement ROI
12367,5,1,168.9,11,3.2,0,168.9,1.0,15.35,5,1,1,7,At Risk,0,1,At Risk,"Send win-back campaigns, offer discounts"
12368,629,1,917.7,18,4.39,0,917.7,1.0,50.98,1,1,3,5,Hibernating,1,3,Lost,Minimal spend — low re-engagement ROI
12369,414,3,1791.15,90,3.15,228,597.05,0.0131,19.9,1,3,4,8,At Risk,1,3,Lost,Minimal spend — low re-engagement ROI
12370,52,7,4320.31,168,3.43,617,617.19,0.0113,25.72,4,4,5,13,Champion,0,2,Loyal Customers,"Upsell premium products, increase frequency"
12371,45,5,4067.38,134,3.99,600,813.48,0.0083,30.35,4,4,5,13,Champion,0,2,Loyal Customers,"Upsell premium products, increase frequency"
12372,72,3,1298.04,34,3.0,224,432.68,0.0133,38.18,3,3,4,10,Loyal,0,2,Loyal Customers,"Upsell premium products, increase frequency"
12373,312,3,1127.65,36,4.63,362,375.88,0.0083,31.32,2,3,3,8,At Risk,1,2,Loyal Customers,"Upsell premium products, increase frequency"
12374,26,4,2989.22,79,3.48,563,747.3,0.0071,37.84,4,3,5,12,Loyal,0,2,Loyal Customers,"Upsell premium products, increase frequency"
12375,11,2,457.5,14,6.91,87,228.75,0.0227,32.68,5,2,2,9,At Risk,0,1,At Risk,"Send win-back campaigns, offer discounts"
12376,390,2,503.15,11,8.03,28,251.58,0.069,45.74,2,2,2,6,Hibernating,1,3,Lost,Minimal spend — low re-engagement ROI
12377,316,4,3426.32,129,2.74,274,856.58,0.0145,26.56,2,3,5,10,Loyal,1,2,Loyal Customers,"Upsell premium products, increase frequency"
12378,130,2,5416.32,281,3.38,432,2708.16,0.0046,19.28,3,2,5,10,Loyal,1,2,Loyal Customers,"Upsell premium products, increase frequency"
12379,82,4,1620.22,58,2.91,452,405.06,0.0088,27.93,3,3,4,10,Loyal,0,2,Loyal Customers,"Upsell premium products, increase frequency"
12380,22,11,9676.3,156,9.89,640,879.66,0.0172,62.03,4,5,5,14,Champion,0,0,Champions,"Reward with loyalty perks, ask for reviews"
12381,5,5,1845.31,70,4.68,115,369.06,0.0431,26.36,5,4,4,13,Champion,0,2,Loyal Customers,"Upsell premium products, increase frequency"
12383,185,5,1850.56,84,3.09,167,370.11,0.0298,22.03,3,4,4,11,Loyal,1,2,Loyal Customers,"Upsell premium products, increase frequency"
12384,29,2,585.27,26,7.88,92,292.64,0.0215,22.51,4,2,2,8,At Risk,0,1,At Risk,"Send win-back campaigns, offer discounts"
12385,380,1,1938.4,65,3.68,0,1938.4,1.0,29.82,2,1,4,7,At Risk,1,3,Lost,Minimal spend — low re-engagement ROI
12386,338,2,660.8,10,2.54,29,330.4,0.0667,66.08,2,2,3,7,At Risk,1,3,Lost,Minimal spend — low re-engagement ROI
12387,416,1,143.94,9,2.76,0,143.94,1.0,15.99,1,1,1,3,Lost,1,3,Lost,Minimal spend — low re-engagement ROI
12388,16,8,3901.11,83,2.82,566,487.64,0.0141,47.0,5,4,5,14,Champion,0,2,Loyal Customers,"Upsell premium products, increase frequency"
12389,403,3,1433.33,41,2.65,253,477.78,0.0118,34.96,2,3,4,9,At Risk,1,3,Lost,Minimal spend — low re-engagement ROI
12390,80,1,549.84,32,4.0,0,549.84,1.0,17.18,3,1,2,6,Hibernating,0,1,At Risk,"Send win-back campaigns, offer discounts"
12391,22,6,2773.42,241,3.75,641,462.24,0.0093,11.51,4,4,4,12,Loyal,0,2,Loyal Customers,"Upsell premium products, increase frequency"
12392,592,1,234.75,7,5.04,0,234.75,1.0,33.54,1,1,1,3,Lost,1,3,Lost,Minimal spend — low re-engagement ROI
12393,73,6,2399.45,63,2.48,356,399.91,0.0168,38.09,3,4,4,11,Loyal,0,2,Loyal Customers,"Upsell premium products, increase frequency"
12394,64,2,1272.48,26,3.37,153,636.24,0.013,48.94,3,2,4,9,At Risk,0,2,Loyal Customers,"Upsell premium products, increase frequency"
12395,20,15,5067.27,145,3.58,583,337.82,0.0257,34.95,5,5,5,15,Champion,0,0,Champions,"Reward with loyalty perks, ask for reviews"
12396,675,1,931.43,65,2.3,0,931.43,1.0,14.33,1,1,3,5,Hibernating,1,3,Lost,Minimal spend — low re-engagement ROI
12397,36,2,2409.9,110,3.47,99,1204.95,0.02,21.91,4,2,4,10,Loyal,0,2,Loyal Customers,"Upsell premium products, increase frequency"
12398,46,1,1635.66,85,1.99,0,1635.66,1.0,19.24,4,1,4,9,At Risk,0,1,At Risk,"Send win-back campaigns, offer discounts"
12399,120,7,1962.3,67,2.04,525,280.33,0.0133,29.29,3,4,4,11,Loyal,1,2,Loyal Customers,"Upsell premium products, increase frequency"
12400,415,1,205.25,11,2.91,0,205.25,1.0,18.66,1,1,1,3,Lost,1,3,Lost,Minimal spend — low re-engagement ROI
12401,304,1,84.3,5,9.68,0,84.3,1.0,16.86,2,1,1,4,Hibernating,1,3,Lost,Minimal spend — low re-engagement ROI
12402,324,6,1256.9,43,3.31,347,209.48,0.0172,29.23,2,4,4,10,Loyal,1,2,Loyal Customers,"Upsell premium products, increase frequency"
12403,50,2,1019.36,5,7.1,471,509.68,0.0042,203.87,4,2,3,9,At Risk,0,1,At Risk,"Send win-back campaigns, offer discounts"
12404,683,1,63.24,1,63.24,0,63.24,1.0,63.24,1,1,1,3,Lost,1,3,Lost,Minimal spend — low re-engagement ROI
12405,149,1,1710.39,54,3.54,0,1710.39,1.0,31.67,3,1,4,8,At Risk,1,1,At Risk,"Send win-back campaigns, offer discounts"
12406,23,5,6390.36,114,2.53,675,1278.07,0.0074,56.06,4,4,5,13,Champion,0,2,Loyal Customers,"Upsell premium products, increase frequency"
12407,50,5,1708.12,57,3.27,214,341.62,0.0233,29.97,4,4,4,12,Loyal,0,2,Loyal Customers,"Upsell premium products, increase frequency"
12408,33,8,4340.77,104,3.09,465,542.6,0.0172,41.74,4,4,5,13,Champion,0,2,Loyal Customers,"Upsell premium products, increase frequency"
12409,79,7,23419.29,177,3.24,486,3345.61,0.0144,132.31,3,4,5,12,Loyal,0,0,Champions,"Reward with loyalty perks, ask for reviews"
12410,309,3,1013.71,36,6.01,193,337.9,0.0155,28.16,2,3,3,8,At Risk,1,2,Loyal Customers,"Upsell premium products, increase frequency"
12411,410,1,346.9,22,3.4,0,346.9,1.0,15.77,2,1,2,5,Hibernating,1,3,Lost,Minimal spend — low re-engagement ROI
12412,75,6,2596.93,82,2.57,464,432.82,0.0129,31.67,3,4,4,11,Loyal,0,2,Loyal Customers,"Upsell premium products, increase frequency"
12413,67,4,999.45,41,5.9,335,249.86,0.0119,24.38,3,3,3,9,At Risk,0,2,Loyal Customers,"Upsell premium products, increase frequency"
12414,218,6,952.41,21,16.35,246,158.73,0.0243,45.35,2,4,3,9,At Risk,1,2,Loyal Customers,"Upsell premium products, increase frequency"
12415,25,28,144458.37,498,2.97,503,5159.23,0.0556,290.08,4,5,5,14,Champion,0,0,Champions,"Reward with loyalty perks, ask for reviews"
12416,657,1,202.56,11,1.53,0,202.56,1.0,18.41,1,1,1,3,Lost,1,3,Lost,Minimal spend — low re-engagement ROI
12417,4,20,6816.91,270,5.45,730,340.85,0.0274,25.25,5,5,5,15,Champion,0,0,Champions,"Reward with loyalty perks, ask for reviews"
12418,113,4,2021.2,90,3.35,517,505.3,0.0077,22.46,3,3,4,10,Loyal,1,2,Loyal Customers,"Upsell premium products, increase frequency"
12419,386,2,503.01,23,5.04,27,251.5,0.0714,21.87,2,2,2,6,Hibernating,1,3,Lost,Minimal spend — low re-engagement ROI
12420,64,1,600.39,29,4.71,0,600.39,1.0,20.7,3,1,2,6,Hibernating,0,1,At Risk,"Send win-back campaigns, offer discounts"
12421,16,6,1098.6,44,4.77,489,183.1,0.0122,24.97,5,4,3,12,Loyal,0,2,Loyal Customers,"Upsell premium products, increase frequency"
12422,96,17,5231.8,137,10.18,625,307.75,0.0272,38.19,3,5,5,13,Champion,1,0,Champions,"Reward with loyalty perks, ask for reviews"
12423,1,10,2622.39,128,2.97,465,262.24,0.0215,20.49,5,5,4,14,Champion,0,2,Loyal Customers,"Upsell premium products, increase frequency"
12424,163,4,3340.03,78,2.19,385,835.01,0.0104,42.82,3,3,5,11,Loyal,1,2,Loyal Customers,"Upsell premium products, increase frequency"
12425,79,2,1741.41,87,2.4,370,870.7,0.0054,20.02,3,2,4,9,At Risk,0,2,Loyal Customers,"Upsell premium products, increase frequency"
12426,195,2,1345.21,73,3.56,468,672.6,0.0043,18.43,2,2,4,8,At Risk,1,2,Loyal Customers,"Upsell premium products, increase frequency"
12427,22,3,1129.3,26,4.67,349,376.43,0.0086,43.43,4,3,3,10,Loyal,0,2,Loyal Customers,"Upsell premium products, increase frequency"
12428,26,9,7956.46,258,4.63,257,884.05,0.0349,30.84,4,5,5,14,Champion,0,0,Champions,"Reward with loyalty perks, ask for reviews"
12429,10,8,7485.91,124,3.33,537,935.74,0.0149,60.37,5,4,5,14,Champion,0,0,Champions,"Reward with loyalty perks, ask for reviews"
12430,44,1,256.4,11,6.23,0,256.4,1.0,23.31,4,1,1,6,Hibernating,0,1,At Risk,"Send win-back campaigns, offer discounts"
12431,36,27,10857.97,244,3.82,658,402.15,0.041,44.5,4,5,5,14,Champion,0,0,Champions,"Reward with loyalty perks, ask for reviews"
12432,43,5,5059.32,107,10.55,129,1011.86,0.0385,47.28,4,4,5,13,Champion,0,2,Loyal Customers,"Upsell premium products, increase frequency"
12433,1,10,20581.26,285,2.12,476,2058.13,0.021,72.21,5,5,5,15,Champion,0,0,Champions,"Reward with loyalty perks, ask for reviews"
12434,85,3,1103.43,62,3.6,296,367.81,0.0101,17.8,3,3,3,9,At Risk,0,2,Loyal Customers,"Upsell premium products, increase frequency"
12435,80,6,13925.93,88,3.73,657,2320.99,0.0091,158.25,3,4,5,12,Loyal,0,0,Champions,"Reward with loyalty perks, ask for reviews"
12436,100,1,509.01,16,5.27,0,509.01,1.0,31.81,3,1,2,6,Hibernating,1,1,At Risk,"Send win-back campaigns, offer discounts"
12437,2,39,12683.4,273,3.37,735,325.22,0.053,46.46,5,5,5,15,Champion,0,0,Champions,"Reward with loyalty perks, ask for reviews"
12438,15,2,2906.85,84,3.89,125,1453.42,0.0159,34.61,5,2,4,11,Loyal,0,2,Loyal Customers,"Upsell premium products, increase frequency"
12439,683,2,1158.18,69,3.69,43,579.09,0.0455,16.79,1,2,3,6,Hibernating,1,3,Lost,Minimal spend — low re-engagement ROI
12440,463,2,859.2,21,5.45,255,429.6,0.0078,40.91,1,2,3,6,Hibernating,1,3,Lost,Minimal spend — low re-engagement ROI
12441,367,1,347.1,11,3.7,0,347.1,1.0,31.55,2,1,2,5,Hibernating,1,3,Lost,Minimal spend — low re-engagement ROI
12442,4,1,172.06,12,3.34,0,172.06,1.0,14.34,5,1,1,7,At Risk,0,1,At Risk,"Send win-back campaigns, offer discounts"
12443,733,1,485.31,21,5.87,0,485.31,1.0,23.11,1,1,2,4,Hibernating,1,3,Lost,Minimal spend — low re-engagement ROI
12444,22,5,5005.46,138,6.36,149,1001.09,0.0333,36.27,4,4,5,13,Champion,0,2,Loyal Customers,"Upsell premium products, increase frequency"
12445,23,2,434.98,24,3.64,398,217.49,0.005,18.12,4,2,2,8,At Risk,0,1,At Risk,"Send win-back campaigns, offer discounts"
12446,58,1,1002.31,57,4.35,0,1002.31,1.0,17.58,4,1,3,8,At Risk,0,1,At Risk,"Send win-back campaigns, offer discounts"
12447,244,1,476.49,26,3.57,0,476.49,1.0,18.33,2,1,2,5,Hibernating,1,1,At Risk,"Send win-back campaigns, offer discounts"
12448,45,1,449.45,22,5.95,0,449.45,1.0,20.43,4,1,2,7,At Risk,0,1,At Risk,"Send win-back campaigns, offer discounts"
12449,23,6,4835.89,125,3.64,416,805.98,0.0144,38.69,4,4,5,13,Champion,0,2,Loyal Customers,"Upsell premium products, increase frequency"
12450,157,5,688.2,31,2.23,318,137.64,0.0157,22.2,3,4,3,10,Loyal,1,2,Loyal Customers,"Upsell premium products, increase frequency"
12451,11,8,12669.88,352,2.4,518,1583.74,0.0154,35.99,5,4,5,14,Champion,0,0,Champions,"Reward with loyalty perks, ask for reviews"
12452,17,2,430.57,21,4.49,0,215.28,2.0,20.5,5,2,2,9,At Risk,0,1,At Risk,"Send win-back campaigns, offer discounts"
12453,135,1,707.09,43,2.39,0,707.09,1.0,16.44,3,1,3,7,At Risk,1,1,At Risk,"Send win-back campaigns, offer discounts"
12454,57,5,16679.78,24,9.97,364,3335.96,0.0137,694.99,4,4,5,13,Champion,0,0,Champions,"Reward with loyalty perks, ask for reviews"
12455,74,10,5879.95,199,3.92,648,588.0,0.0154,29.55,3,5,5,13,Champion,0,0,Champions,"Reward with loyalty perks, ask for reviews"
12456,45,3,3181.04,105,3.62,210,1060.35,0.0142,30.3,4,3,5,12,Loyal,0,2,Loyal Customers,"Upsell premium products, increase frequency"
12457,67,8,2995.91,63,5.62,368,374.49,0.0217,47.55,3,4,5,12,Loyal,0,2,Loyal Customers,"Upsell premium products, increase frequency"
12458,72,4,1777.49,71,3.96,416,444.37,0.0096,25.04,3,3,4,10,Loyal,0,2,Loyal Customers,"Upsell premium products, increase frequency"
12459,606,1,454.36,23,4.15,0,454.36,1.0,19.75,1,1,2,4,Hibernating,1,3,Lost,Minimal spend — low re-engagement ROI
12460,457,1,326.65,18,4.38,0,326.65,1.0,18.15,1,1,2,4,Hibernating,1,3,Lost,Minimal spend — low re-engagement ROI
12461,95,2,826.88,35,4.26,60,413.44,0.0328,23.63,3,2,3,8,At Risk,1,1,At Risk,"Send win-back campaigns, offer discounts"
12462,19,2,1189.59,51,4.69,284,594.79,0.007,23.33,5,2,3,10,Loyal,0,2,Loyal Customers,"Upsell premium products, increase frequency"
12463,54,4,1344.78,65,3.04,188,336.2,0.0212,20.69,4,3,4,11,Loyal,0,2,Loyal Customers,"Upsell premium products, increase frequency"
12464,11,8,1212.05,6,11.83,299,151.51,0.0267,202.01,5,4,3,12,Loyal,0,2,Loyal Customers,"Upsell premium products, increase frequency"
12465,18,2,742.19,46,2.76,152,371.1,0.0131,16.13,5,2,3,10,Loyal,0,1,At Risk,"Send win-back campaigns, offer discounts"
12466,683,1,56.73,1,56.73,0,56.73,1.0,56.73,1,1,1,3,Lost,1,3,Lost,Minimal spend — low re-engagement ROI
12467,424,1,132.8,9,1.62,0,132.8,1.0,14.76,1,1,1,3,Lost,1,3,Lost,Minimal spend — low re-engagement ROI
12468,188,5,3670.74,127,2.78,495,734.15,0.0101,28.9,3,4,5,12,Loyal,1,2,Loyal Customers,"Upsell premium products, increase frequency"
12469,523,2,3070.54,76,3.0,14,1535.27,0.1333,40.4,1,2,5,8,At Risk,1,3,Lost,Minimal spend — low re-engagement ROI
12470,690,1,211.95,23,3.93,0,211.95,1.0,9.22,1,1,1,3,Lost,1,3,Lost,Minimal spend — low re-engagement ROI
12471,3,79,39963.79,255,3.81,730,505.87,0.1081,156.72,5,5,5,15,Champion,0,0,Champions,"Reward with loyalty perks, ask for reviews"
12472,33,19,17880.59,397,2.4,693,941.08,0.0274,45.04,4,5,5,14,Champion,0,0,Champions,"Reward with loyalty perks, ask for reviews"
12473,30,5,3938.55,140,8.32,162,787.71,0.0307,28.13,4,4,5,13,Champion,0,2,Loyal Customers,"Upsell premium products, increase frequency"
12474,18,31,12424.45,369,2.95,649,400.79,0.0477,33.67,5,5,5,15,Champion,0,0,Champions,"Reward with loyalty perks, ask for reviews"
12475,54,2,1149.64,54,3.09,356,574.82,0.0056,21.29,4,2,3,9,At Risk,0,1,At Risk,"Send win-back campaigns, offer discounts"
12476,16,23,14115.41,358,4.45,486,613.71,0.0472,39.43,5,5,5,15,Champion,0,0,Champions,"Reward with loyalty perks, ask for reviews"
12477,23,9,20276.37,295,4.18,600,2252.93,0.015,68.73,4,5,5,14,Champion,0,0,Champions,"Reward with loyalty perks, ask for reviews"
12478,4,1,680.99,36,4.54,0,680.99,1.0,18.92,5,1,3,9,At Risk,0,1,At Risk,"Send win-back campaigns, offer discounts"
12479,12,1,527.2,31,2.67,0,527.2,1.0,17.01,5,1,2,8,At Risk,0,1,At Risk,"Send win-back campaigns, offer discounts"
12480,29,7,5464.85,177,3.24,479,780.69,0.0146,30.87,4,4,5,13,Champion,0,2,Loyal Customers,"Upsell premium products, increase frequency"
12481,23,15,12361.39,248,3.96,584,824.09,0.0256,49.84,4,5,5,14,Champion,0,0,Champions,"Reward with loyalty perks, ask for reviews"
12482,577,29,23691.4,42,9.93,77,816.94,0.3718,564.08,1,5,5,11,Loyal,1,0,Champions,"Reward with loyalty perks, ask for reviews"
12483,18,19,5120.58,68,6.18,660,269.5,0.0287,75.3,5,5,5,15,Champion,0,0,Champions,"Reward with loyalty perks, ask for reviews"
12484,33,12,6370.15,329,3.07,648,530.85,0.0185,19.36,4,5,5,14,Champion,0,0,Champions,"Reward with loyalty perks, ask for reviews"
12485,530,1,708.1,34,2.41,0,708.1,1.0,20.83,1,1,3,5,Hibernating,1,3,Lost,Minimal spend — low re-engagement ROI
12486,432,1,1037.28,49,4.1,0,1037.28,1.0,21.17,1,1,3,5,Hibernating,1,3,Lost,Minimal spend — low re-engagement ROI
12487,731,1,285.3,2,2.0,0,285.3,1.0,142.65,1,1,1,3,Lost,1,3,Lost,Minimal spend — low re-engagement ROI
12488,10,3,1298.66,46,3.73,65,432.89,0.0455,28.23,5,3,4,12,Loyal,0,2,Loyal Customers,"Upsell premium products, increase frequency"
12489,337,1,334.93,15,5.91,0,334.93,1.0,22.33,2,1,2,5,Hibernating,1,3,Lost,Minimal spend — low re-engagement ROI
12490,6,21,9823.64,195,2.86,733,467.79,0.0286,50.38,5,5,5,15,Champion,0,0,Champions,"Reward with loyalty perks, ask for reviews"
12491,39,1,460.4,25,3.38,0,460.4,1.0,18.42,4,1,2,7,At Risk,0,1,At Risk,"Send win-back campaigns, offer discounts"
12492,64,3,715.21,38,3.26,340,238.4,0.0088,18.82,3,3,3,9,At Risk,0,1,At Risk,"Send win-back campaigns, offer discounts"
12493,166,2,433.74,20,4.31,31,216.87,0.0625,21.69,3,2,2,7,At Risk,1,1,At Risk,"Send win-back campaigns, offer discounts"
12494,16,9,1872.87,83,4.03,560,208.1,0.016,22.56,5,5,4,14,Champion,0,2,Loyal Customers,"Upsell premium products, increase frequency"
12495,641,1,357.4,17,5.71,0,357.4,1.0,21.02,1,1,2,4,Hibernating,1,3,Lost,Minimal spend — low re-engagement ROI
12496,621,2,54.09,10,2.16,0,27.04,2.0,5.41,1,2,1,4,Hibernating,1,3,Lost,Minimal spend — low re-engagement ROI
12497,82,3,6248.5,41,1.88,563,2082.83,0.0053,152.4,3,3,5,11,Loyal,0,2,Loyal Customers,"Upsell premium products, increase frequency"
12498,22,3,403.7,21,4.2,36,134.57,0.0811,19.22,4,3,2,9,At Risk,0,1,At Risk,"Send win-back campaigns, offer discounts"
12499,561,1,393.72,27,2.33,0,393.72,1.0,14.58,1,1,2,4,Hibernating,1,3,Lost,Minimal spend — low re-engagement ROI
12500,24,19,5955.21,88,4.72,650,313.43,0.0292,67.67,4,5,5,14,Champion,0,0,Champions,"Reward with loyalty perks, ask for reviews"
12501,337,1,2169.39,149,2.41,0,2169.39,1.0,14.56,2,1,4,7,At Risk,1,3,Lost,Minimal spend — low re-engagement ROI
12502,96,5,3723.87,102,6.43,214,744.77,0.0233,36.51,3,4,5,12,Loyal,1,2,Loyal Customers,"Upsell premium products, increase frequency"
12503,585,1,1126.0,2,115.8,0,1126.0,1.0,563.0,1,1,3,5,Hibernating,1,3,Lost,Minimal spend — low re-engagement ROI
12504,19,4,779.05,11,6.29,578,194.76,0.0069,70.82,5,3,3,11,Loyal,0,2,Loyal Customers,"Upsell premium products, increase frequency"
12505,409,1,955.2,42,4.44,0,955.2,1.0,22.74,2,1,3,6,Hibernating,1,3,Lost,Minimal spend — low re-engagement ROI
12506,233,1,73.5,23,3.2,0,73.5,1.0,3.2,2,1,1,4,Hibernating,1,1,At Risk,"Send win-back campaigns, offer discounts"
12507,135,4,1844.06,46,4.11,450,461.02,0.0089,40.09,3,3,4,10,Loyal,1,2,Loyal Customers,"Upsell premium products, increase frequency"
12508,27,2,398.27,57,1.72,2,199.14,0.6667,6.99,4,2,2,8,At Risk,0,1,At Risk,"Send win-back campaigns, offer discounts"
12509,285,1,176.5,7,5.56,0,176.5,1.0,25.21,2,1,1,4,Hibernating,1,1,At Risk,"Send win-back campaigns, offer discounts"
12510,143,9,5178.02,94,13.31,592,575.34,0.0152,55.09,3,5,5,13,Champion,1,0,Champions,"Reward with loyalty perks, ask for reviews"
12511,429,1,3084.02,190,3.43,0,3084.02,1.0,16.23,1,1,5,7,At Risk,1,3,Lost,Minimal spend — low re-engagement ROI
12512,67,2,138.03,31,2.58,0,69.02,2.0,4.45,3,2,1,6,Hibernating,0,1,At Risk,"Send win-back campaigns, offer discounts"
12513,113,1,612.29,35,2.18,0,612.29,1.0,17.49,3,1,2,6,Hibernating,1,1,At Risk,"Send win-back campaigns, offer discounts"
12514,268,2,1597.76,76,2.71,374,798.88,0.0053,21.02,2,2,4,8,At Risk,1,2,Loyal Customers,"Upsell premium products, increase frequency"
12515,354,1,383.7,16,6.78,0,383.7,1.0,23.98,2,1,2,5,Hibernating,1,3,Lost,Minimal spend — low re-engagement ROI
12516,78,4,2648.62,49,2.23,521,662.16,0.0077,54.05,3,3,4,10,Loyal,0,2,Loyal Customers,"Upsell premium products, increase frequency"
12517,29,5,2502.84,232,2.35,161,500.57,0.0309,10.79,4,4,4,12,Loyal,0,2,Loyal Customers,"Upsell premium products, increase frequency"
12518,1,5,2056.89,84,2.84,109,411.38,0.0455,24.49,5,4,4,13,Champion,0,2,Loyal Customers,"Upsell premium products, increase frequency"
12519,64,2,726.54,34,3.15,413,363.27,0.0048,21.37,3,2,3,8,At Risk,0,1,At Risk,"Send win-back campaigns, offer discounts"
12520,80,5,2634.26,121,3.29,194,526.85,0.0256,21.77,3,4,4,11,Loyal,0,2,Loyal Customers,"Upsell premium products, increase frequency"
12521,143,1,599.68,38,3.0,0,599.68,1.0,15.78,3,1,2,6,Hibernating,1,1,At Risk,"Send win-back campaigns, offer discounts"
12522,40,2,192.72,11,5.0,12,96.36,0.1538,17.52,4,2,1,7,At Risk,0,1,At Risk,"Send win-back campaigns, offer discounts"
12523,20,23,4372.15,176,4.41,712,190.09,0.0323,24.84,5,5,5,15,Champion,0,0,Champions,"Reward with loyalty perks, ask for reviews"
12524,10,17,11126.11,157,3.14,660,654.48,0.0257,70.87,5,5,5,15,Champion,0,0,Champions,"Reward with loyalty perks, ask for reviews"
12525,499,3,973.73,56,3.01,149,324.58,0.02,17.39,1,3,3,7,At Risk,1,3,Lost,Minimal spend — low re-engagement ROI
12526,1,3,1316.66,64,3.35,93,438.89,0.0319,20.57,5,3,4,12,Loyal,0,2,Loyal Customers,"Upsell premium products, increase frequency"
12527,82,5,735.51,26,2.59,447,147.1,0.0112,28.29,3,4,3,10,Loyal,0,2,Loyal Customers,"Upsell premium products, increase frequency"
12528,10,6,1933.48,50,5.49,303,322.25,0.0197,38.67,5,4,4,13,Champion,0,2,Loyal Customers,"Upsell premium products, increase frequency"
12529,529,1,316.48,21,3.04,0,316.48,1.0,15.07,1,1,2,4,Hibernating,1,3,Lost,Minimal spend — low re-engagement ROI
12530,60,9,3759.26,94,3.28,582,417.7,0.0154,39.99,3,5,5,13,Champion,0,2,Loyal Customers,"Upsell premium products, increase frequency"
12531,15,2,1933.2,126,2.56,671,966.6,0.003,15.34,5,2,4,11,Loyal,0,2,Loyal Customers,"Upsell premium products, increase frequency"
12532,31,1,349.83,16,3.7,0,349.83,1.0,21.86,4,1,2,7,At Risk,0,1,At Risk,"Send win-back campaigns, offer discounts"
12533,628,2,1367.89,63,3.3,110,683.94,0.018,21.71,1,2,4,7,At Risk,1,3,Lost,Minimal spend — low re-engagement ROI
12534,131,1,1089.18,63,3.04,0,1089.18,1.0,17.29,3,1,3,7,At Risk,1,1,At Risk,"Send win-back campaigns, offer discounts"
12535,92,2,716.35,28,4.45,94,358.18,0.0211,25.58,3,2,3,8,At Risk,1,1,At Risk,"Send win-back campaigns, offer discounts"
12536,44,3,12601.83,260,34.75,15,4200.61,0.1875,48.47,4,3,5,12,Loyal,0,2,Loyal Customers,"Upsell premium products, increase frequency"
12537,409,1,732.94,43,2.92,0,732.94,1.0,17.05,2,1,3,6,Hibernating,1,3,Lost,Minimal spend — low re-engagement ROI
12538,30,2,640.45,33,3.83,349,320.23,0.0057,19.41,4,2,3,9,At Risk,0,1,At Risk,"Send win-back campaigns, offer discounts"
12539,23,7,11214.75,276,3.78,694,1602.11,0.0101,40.63,4,4,5,13,Champion,0,0,Champions,"Reward with loyalty perks, ask for reviews"
12540,20,33,22254.49,354,3.89,712,674.38,0.0463,62.87,5,5,5,15,Champion,0,0,Champions,"Reward with loyalty perks, ask for reviews"
12541,30,3,981.18,46,3.62,251,327.06,0.0119,21.33,4,3,3,10,Loyal,0,2,Loyal Customers,"Upsell premium products, increase frequency"
12542,485,2,481.88,39,2.47,156,240.94,0.0127,12.36,1,2,2,5,Hibernating,1,3,Lost,Minimal spend — low re-engagement ROI
12543,449,1,980.25,43,2.61,0,980.25,1.0,22.8,1,1,3,5,Hibernating,1,3,Lost,Minimal spend — low re-engagement ROI
12544,37,1,372.7,19,4.11,0,372.7,1.0,19.62,4,1,2,7,At Risk,0,1,At Risk,"Send win-back campaigns, offer discounts"
12545,76,2,1000.39,42,4.02,184,500.2,0.0108,23.82,3,2,3,8,At Risk,0,1,At Risk,"Send win-back campaigns, offer discounts"
12546,47,2,1161.5,59,3.2,31,580.75,0.0625,19.69,4,2,3,9,At Risk,0,1,At Risk,"Send win-back campaigns, offer discounts"
12547,198,3,383.58,13,4.94,302,127.86,0.0099,29.51,2,3,2,7,At Risk,1,1,At Risk,"Send win-back campaigns, offer discounts"
12548,167,1,95.2,5,6.72,0,95.2,1.0,19.04,3,1,1,5,Hibernating,1,1,At Risk,"Send win-back campaigns, offer discounts"
12549,576,6,1575.68,38,1.65,121,262.61,0.0492,41.47,1,4,4,9,At Risk,1,3,Lost,Minimal spend — low re-engagement ROI
12550,80,1,964.83,57,3.09,0,964.83,1.0,16.93,3,1,3,7,At Risk,0,1,At Risk,"Send win-back campaigns, offer discounts"
12551,358,1,168.0,10,1.68,0,168.0,1.0,16.8,2,1,1,4,Hibernating,1,3,Lost,Minimal spend — low re-engagement ROI
12552,39,2,437.82,20,9.12,0,218.91,2.0,21.89,4,2,2,8,At Risk,0,1,At Risk,"Send win-back campaigns, offer discounts"
12553,9,12,4608.75,109,3.49,415,384.06,0.0288,42.28,5,5,5,15,Champion,0,0,Champions,"Reward with loyalty perks, ask for reviews"
12554,449,1,468.5,26,3.82,0,468.5,1.0,18.02,1,1,2,4,Hibernating,1,3,Lost,Minimal spend — low re-engagement ROI
12555,683,1,129.23,1,129.23,0,129.23,1.0,129.23,1,1,1,3,Lost,1,3,Lost,Minimal spend — low re-engagement ROI
12556,51,2,603.71,100,2.66,100,301.86,0.0198,6.04,4,2,2,8,At Risk,0,1,At Risk,"Send win-back campaigns, offer discounts"
12557,17,8,18716.14,15,2.17,706,2339.52,0.0113,1247.74,5,4,5,14,Champion,0,0,Champions,"Reward with loyalty perks, ask for reviews"
12558,8,1,269.96,11,1.25,0,269.96,1.0,24.54,5,1,1,7,At Risk,0,1,At Risk,"Send win-back campaigns, offer discounts"
12559,311,2,561.71,21,3.55,8,280.86,0.2222,26.75,2,2,2,6,Hibernating,1,3,Lost,Minimal spend — low re-engagement ROI
12560,6,3,2134.01,91,2.86,137,711.34,0.0217,23.45,5,3,4,12,Loyal,0,2,Loyal Customers,"Upsell premium products, increase frequency"
12561,303,1,238.85,16,2.96,0,238.85,1.0,14.93,2,1,1,4,Hibernating,1,3,Lost,Minimal spend — low re-engagement ROI
12562,9,9,4966.92,113,3.27,427,551.88,0.021,43.96,5,5,5,15,Champion,0,0,Champions,"Reward with loyalty perks, ask for reviews"
12563,409,1,249.24,13,3.92,0,249.24,1.0,19.17,2,1,1,4,Hibernating,1,3,Lost,Minimal spend — low re-engagement ROI
12564,262,1,456.9,21,5.58,0,456.9,1.0,21.76,2,1,2,5,Hibernating,1,1,At Risk,"Send win-back campaigns, offer discounts"
12565,289,1,145.92,9,2.35,0,145.92,1.0,16.21,2,1,1,4,Hibernating,1,1,At Risk,"Send win-back campaigns, offer discounts"
12566,87,1,351.65,19,3.9,0,351.65,1.0,18.51,3,1,2,6,Hibernating,0,1,At Risk,"Send win-back campaigns, offer discounts"
12567,23,15,13709.86,365,3.64,644,913.99,0.0233,37.56,4,5,5,14,Champion,0,0,Champions,"Reward with loyalty perks, ask for reviews"
12568,645,1,70.0,5,6.23,0,70.0,1.0,14.0,1,1,1,3,Lost,1,3,Lost,Minimal spend — low re-engagement ROI
12569,3,32,4124.69,92,5.43,250,128.9,0.1275,44.83,5,5,5,15,Champion,0,0,Champions,"Reward with loyalty perks, ask for reviews"
12570,683,1,77.52,1,77.52,0,77.52,1.0,77.52,1,1,1,3,Lost,1,3,Lost,Minimal spend — low re-engagement ROI
12571,40,2,519.61,31,1.32,81,259.8,0.0244,16.76,4,2,2,8,At Risk,0,1,At Risk,"Send win-back campaigns, offer discounts"
12572,9,2,1020.42,53,4.23,43,510.21,0.0455,19.25,5,2,3,10,Loyal,0,1,At Risk,"Send win-back campaigns, offer discounts"
12573,228,5,717.41,107,2.21,237,143.48,0.021,6.7,2,4,3,9,At Risk,1,2,Loyal Customers,"Upsell premium products, increase frequency"
12574,316,1,218.45,11,5.2,0,218.45,1.0,19.86,2,1,1,4,Hibernating,1,3,Lost,Minimal spend — low re-engagement ROI
12575,458,2,622.82,34,3.57,69,311.41,0.0286,18.32,1,2,3,6,Hibernating,1,3,Lost,Minimal spend — low re-engagement ROI
12576,36,8,2142.72,114,2.58,490,267.84,0.0163,18.8,4,4,4,12,Loyal,0,2,Loyal Customers,"Upsell premium products, increase frequency"
12577,36,8,1653.75,259,1.81,700,206.72,0.0114,6.39,4,4,4,12,Loyal,0,2,Loyal Customers,"Upsell premium products, increase frequency"
12578,22,4,4642.45,149,3.11,422,1160.61,0.0095,31.16,4,3,5,12,Loyal,0,2,Loyal Customers,"Upsell premium products, increase frequency"
12579,79,1,440.42,29,3.34,0,440.42,1.0,15.19,3,1,2,6,Hibernating,0,1,At Risk,"Send win-back campaigns, offer discounts"
12580,247,2,1052.9,52,2.61,329,526.45,0.0061,20.25,2,2,3,7,At Risk,1,1,At Risk,"Send win-back campaigns, offer discounts"
12581,40,1,197.71,15,2.89,0,197.71,1.0,13.18,4,1,1,6,Hibernating,0,1,At Risk,"Send win-back campaigns, offer discounts"
12582,239,4,1980.4,88,3.86,338,495.1,0.0118,22.5,2,3,4,9,At Risk,1,2,Loyal Customers,"Upsell premium products, increase frequency"
12583,3,27,14447.44,141,3.1,730,535.09,0.0369,102.46,5,5,5,15,Champion,0,0,Champions,"Reward with loyalty perks, ask for reviews"
12584,4,9,2338.15,44,7.48,276,259.79,0.0325,53.14,5,5,4,14,Champion,0,2,Loyal Customers,"Upsell premium products, increase frequency"
12585,235,2,2040.1,77,3.46,117,1020.05,0.0169,26.49,2,2,4,8,At Risk,1,2,Loyal Customers,"Upsell premium products, increase frequency"
12586,18,4,2062.67,82,5.12,706,515.67,0.0057,25.15,5,3,4,12,Loyal,0,2,Loyal Customers,"Upsell premium products, increase frequency"
12587,8,1,144.0,4,11.56,0,144.0,1.0,36.0,5,1,1,7,At Risk,0,1,At Risk,"Send win-back campaigns, offer discounts"
12588,40,4,958.78,31,7.18,558,239.7,0.0072,30.93,4,3,3,10,Loyal,0,2,Loyal Customers,"Upsell premium products, increase frequency"
12589,29,8,4695.66,121,9.5,660,586.96,0.0121,38.81,4,4,5,13,Champion,0,2,Loyal Customers,"Upsell premium products, increase frequency"
12590,212,2,9864.26,68,10.55,0,4932.13,2.0,145.06,2,2,5,9,At Risk,1,2,Loyal Customers,"Upsell premium products, increase frequency"
12591,318,3,1352.15,63,4.34,91,450.72,0.0326,21.46,2,3,4,9,At Risk,1,2,Loyal Customers,"Upsell premium products, increase frequency"
12592,93,5,2582.66,42,10.83,427,516.53,0.0117,61.49,3,4,4,11,Loyal,1,2,Loyal Customers,"Upsell premium products, increase frequency"
12593,109,3,418.1,14,2.65,110,139.37,0.027,29.86,3,3,2,8,At Risk,1,1,At Risk,"Send win-back campaigns, offer discounts"
12594,38,15,5090.11,78,3.07,608,339.34,0.0246,65.26,4,5,5,14,Champion,0,0,Champions,"Reward with loyalty perks, ask for reviews"
12595,505,1,299.02,19,3.19,0,299.02,1.0,15.74,1,1,2,4,Hibernating,1,3,Lost,Minimal spend — low re-engagement ROI
12596,52,2,618.27,25,4.41,190,309.14,0.0105,24.73,4,2,3,9,At Risk,0,1,At Risk,"Send win-back campaigns, offer discounts"
12597,20,4,3811.22,184,3.94,248,952.8,0.0161,20.71,5,3,5,13,Champion,0,2,Loyal Customers,"Upsell premium products, increase frequency"
12598,10,11,4534.09,130,2.81,639,412.19,0.0172,34.88,5,5,5,15,Champion,0,0,Champions,"Reward with loyalty perks, ask for reviews"
12599,30,13,2296.72,47,2.78,548,176.67,0.0237,48.87,4,5,4,13,Champion,0,0,Champions,"Reward with loyalty perks, ask for reviews"
12600,29,21,5043.92,53,5.83,703,240.19,0.0298,95.17,4,5,5,14,Champion,0,0,Champions,"Reward with loyalty perks, ask for reviews"
12601,190,6,681.26,24,6.8,214,113.54,0.0279,28.39,3,4,3,10,Loyal,1,2,Loyal Customers,"Upsell premium products, increase frequency"
12602,59,1,153.12,12,1.97,0,153.12,1.0,12.76,4,1,1,6,Hibernating,0,1,At Risk,"Send win-back campaigns, offer discounts"
12603,22,1,739.2,2,14.48,0,739.2,1.0,369.6,4,1,3,8,At Risk,0,1,At Risk,"Send win-back campaigns, offer discounts"
12604,80,2,254.18,15,2.59,182,127.09,0.0109,16.95,3,2,1,6,Hibernating,0,1,At Risk,"Send win-back campaigns, offer discounts"
12605,377,4,1232.95,63,2.22,81,308.24,0.0488,19.57,2,3,3,8,At Risk,1,2,Loyal Customers,"Upsell premium products, increase frequency"
12606,683,1,21.0,1,21.0,0,21.0,1.0,21.0,1,1,1,3,Lost,1,3,Lost,Minimal spend — low re-engagement ROI
12607,61,1,1579.51,101,2.16,0,1579.51,1.0,15.64,3,1,4,8,At Risk,0,1,At Risk,"Send win-back campaigns, offer discounts"
12608,405,1,415.79,16,1.63,0,415.79,1.0,25.99,2,1,2,5,Hibernating,1,3,Lost,Minimal spend — low re-engagement ROI
12609,79,9,3435.86,129,3.95,641,381.76,0.014,26.63,3,5,5,13,Champion,0,2,Loyal Customers,"Upsell premium products, increase frequency"
12610,23,5,2099.54,85,5.02,103,419.91,0.0481,24.7,4,4,4,12,Loyal,0,2,Loyal Customers,"Upsell premium products, increase frequency"
12611,53,1,1193.32,65,2.68,0,1193.32,1.0,18.36,4,1,3,8,At Risk,0,1,At Risk,"Send win-back campaigns, offer discounts"
12612,75,1,704.04,19,4.44,0,704.04,1.0,37.05,3,1,3,7,At Risk,0,1,At Risk,"Send win-back campaigns, offer discounts"
12613,58,10,6835.07,218,2.93,668,683.51,0.0149,31.35,4,5,5,14,Champion,0,0,Champions,"Reward with loyalty perks, ask for reviews"
12614,278,1,315.6,20,5.61,0,315.6,1.0,15.78,2,1,2,5,Hibernating,1,1,At Risk,"Send win-back campaigns, offer discounts"
12615,3,8,5740.98,198,3.06,629,717.62,0.0127,28.99,5,4,5,14,Champion,0,0,Champions,"Reward with loyalty perks, ask for reviews"
12616,96,3,1131.1,32,3.76,293,377.03,0.0102,35.35,3,3,3,9,At Risk,1,2,Loyal Customers,"Upsell premium products, increase frequency"
12617,30,1,355.53,39,1.9,0,355.53,1.0,9.12,4,1,2,7,At Risk,0,1,At Risk,"Send win-back campaigns, offer discounts"
12618,22,1,177.31,11,6.64,0,177.31,1.0,16.12,4,1,1,6,Hibernating,0,1,At Risk,"Send win-back campaigns, offer discounts"
12619,17,10,3781.38,55,6.61,544,378.14,0.0183,68.75,5,5,5,15,Champion,0,0,Champions,"Reward with loyalty perks, ask for reviews"
12620,15,3,1339.41,89,2.15,189,446.47,0.0158,15.05,5,3,4,12,Loyal,0,2,Loyal Customers,"Upsell premium products, increase frequency"
12621,2,35,24775.81,344,3.03,666,707.88,0.0525,72.02,5,5,5,15,Champion,0,0,Champions,"Reward with loyalty perks, ask for reviews"
12622,233,1,180.1,11,5.74,0,180.1,1.0,16.37,2,1,1,4,Hibernating,1,1,At Risk,"Send win-back campaigns, offer discounts"
12623,277,7,3747.84,112,2.97,420,535.41,0.0166,33.46,2,4,5,11,Loyal,1,2,Loyal Customers,"Upsell premium products, increase frequency"
12624,107,2,641.13,36,3.87,71,320.56,0.0278,17.81,3,2,3,8,At Risk,1,1,At Risk,"Send win-back campaigns, offer discounts"
12625,212,4,5164.88,144,2.31,384,1291.22,0.0104,35.87,2,3,5,10,Loyal,1,2,Loyal Customers,"Upsell premium products, increase frequency"
12626,24,9,6620.48,232,2.82,303,735.61,0.0296,28.54,4,5,5,14,Champion,0,0,Champions,"Reward with loyalty perks, ask for reviews"
12627,11,7,4478.53,162,2.94,129,639.79,0.0538,27.65,5,4,5,14,Champion,0,2,Loyal Customers,"Upsell premium products, increase frequency"
12628,5,3,786.46,34,3.59,60,262.15,0.0492,23.13,5,3,3,11,Loyal,0,2,Loyal Customers,"Upsell premium products, increase frequency"
12629,386,2,1558.22,40,4.0,37,779.11,0.0526,38.96,2,2,4,8,At Risk,1,3,Lost,Minimal spend — low re-engagement ROI
12630,10,2,1270.88,60,4.49,34,635.44,0.0571,21.18,5,2,4,11,Loyal,0,2,Loyal Customers,"Upsell premium products, increase frequency"
12631,58,6,3481.57,131,3.13,635,580.26,0.0094,26.58,4,4,5,13,Champion,0,2,Loyal Customers,"Upsell premium products, increase frequency"
12632,521,2,804.88,32,2.23,44,402.44,0.0444,25.15,1,2,3,6,Hibernating,1,3,Lost,Minimal spend — low re-engagement ROI
12633,59,7,5678.16,220,3.05,466,811.17,0.015,25.81,4,4,5,13,Champion,0,2,Loyal Customers,"Upsell premium products, increase frequency"
12634,536,2,490.0,20,7.78,12,245.0,0.1538,24.5,1,2,2,5,Hibernating,1,3,Lost,Minimal spend — low re-engagement ROI
12635,90,4,2930.41,159,2.64,367,732.6,0.0109,18.43,3,3,4,10,Loyal,1,2,Loyal Customers,"Upsell premium products, increase frequency"
12636,739,1,141.0,1,141.0,0,141.0,1.0,141.0,1,1,1,3,Lost,1,3,Lost,Minimal spend — low re-engagement ROI
12637,68,12,8340.31,295,2.52,476,695.03,0.0252,28.27,3,5,5,13,Champion,0,0,Champions,"Reward with loyalty perks, ask for reviews"
12638,34,2,921.49,47,3.37,606,460.74,0.0033,19.61,4,2,3,9,At Risk,0,1,At Risk,"Send win-back campaigns, offer discounts"
12639,239,3,1312.37,58,4.47,389,437.46,0.0077,22.63,2,3,4,9,At Risk,1,2,Loyal Customers,"Upsell premium products, increase frequency"
12640,24,3,1174.58,47,5.72,57,391.53,0.0517,24.99,4,3,3,10,Loyal,0,2,Loyal Customers,"Upsell premium products, increase frequency"
12641,116,1,185.9,10,6.97,0,185.9,1.0,18.59,3,1,1,5,Hibernating,1,1,At Risk,"Send win-back campaigns, offer discounts"
12642,26,3,1013.26,39,3.59,82,337.75,0.0361,25.98,4,3,3,10,Loyal,0,2,Loyal Customers,"Upsell premium products, increase frequency"
12643,129,12,8350.42,14,7.07,482,695.87,0.0248,596.46,3,5,5,13,Champion,1,0,Champions,"Reward with loyalty perks, ask for reviews"
12644,130,4,1918.49,106,3.4,564,479.62,0.0071,18.1,3,3,4,10,Loyal,1,2,Loyal Customers,"Upsell premium products, increase frequency"
12645,34,8,3539.3,111,2.62,635,442.41,0.0126,31.89,4,4,5,13,Champion,0,2,Loyal Customers,"Upsell premium products, increase frequency"
12646,5,2,1346.97,43,2.39,44,673.48,0.0444,31.32,5,2,4,11,Loyal,0,2,Loyal Customers,"Upsell premium products, increase frequency"
12647,23,36,17924.35,240,4.9,672,497.9,0.0535,74.68,4,5,5,14,Champion,0,0,Champions,"Reward with loyalty perks, ask for reviews"
12648,155,4,1112.0,38,3.69,546,278.0,0.0073,29.26,3,3,3,9,At Risk,1,2,Loyal Customers,"Upsell premium products, increase frequency"
12649,108,8,2294.65,94,2.71,588,286.83,0.0136,24.41,3,4,4,11,Loyal,1,2,Loyal Customers,"Upsell premium products, increase frequency"
12650,4,1,314.44,20,1.93,0,314.44,1.0,15.72,5,1,2,8,At Risk,0,1,At Risk,"Send win-back campaigns, offer discounts"
12651,335,4,377.75,30,2.04,130,94.44,0.0305,12.59,2,3,2,7,At Risk,1,3,Lost,Minimal spend — low re-engagement ROI
12652,332,2,1017.03,51,3.02,102,508.52,0.0194,19.94,2,2,3,7,At Risk,1,3,Lost,Minimal spend — low re-engagement ROI
12653,149,3,4160.83,76,2.75,378,1386.94,0.0079,54.75,3,3,5,11,Loyal,1,2,Loyal Customers,"Upsell premium products, increase frequency"
12654,11,5,601.98,31,4.42,284,120.4,0.0175,19.42,5,4,2,11,Loyal,0,2,Loyal Customers,"Upsell premium products, increase frequency"
12655,424,1,261.35,16,5.49,0,261.35,1.0,16.33,1,1,1,3,Lost,1,3,Lost,Minimal spend — low re-engagement ROI
12656,18,8,6407.83,174,3.89,545,800.98,0.0147,36.83,5,4,5,14,Champion,0,0,Champions,"Reward with loyalty perks, ask for reviews"
12657,12,4,1643.18,35,5.04,67,410.8,0.0588,46.95,5,3,4,12,Loyal,0,2,Loyal Customers,"Upsell premium products, increase frequency"
12658,19,1,686.05,36,4.11,0,686.05,1.0,19.06,5,1,3,9,At Risk,0,1,At Risk,"Send win-back campaigns, offer discounts"
12659,30,1,91.68,5,5.31,0,91.68,1.0,18.34,4,1,1,6,Hibernating,0,1,At Risk,"Send win-back campaigns, offer discounts"
12660,12,1,245.1,13,3.87,0,245.1,1.0,18.85,5,1,1,7,At Risk,0,1,At Risk,"Send win-back campaigns, offer discounts"
12661,437,1,162.0,11,0.88,0,162.0,1.0,14.73,1,1,1,3,Lost,1,3,Lost,Minimal spend — low re-engagement ROI
12662,1,20,6988.02,163,3.36,617,349.4,0.0324,42.87,5,5,5,15,Champion,0,0,Champions,"Reward with loyalty perks, ask for reviews"
12663,625,2,239.4,9,5.84,43,119.7,0.0455,26.6,1,2,1,4,Hibernating,1,3,Lost,Minimal spend — low re-engagement ROI
12664,9,11,6070.04,10,11.38,718,551.82,0.0153,607.0,5,5,5,15,Champion,0,0,Champions,"Reward with loyalty perks, ask for reviews"
12665,325,3,313.6,13,4.92,344,104.53,0.0087,24.12,2,3,2,7,At Risk,1,3,Lost,Minimal spend — low re-engagement ROI
12666,395,1,1248.42,31,3.85,0,1248.42,1.0,40.27,2,1,3,6,Hibernating,1,3,Lost,Minimal spend — low re-engagement ROI
12667,59,1,620.13,33,3.62,0,620.13,1.0,18.79,4,1,3,8,At Risk,0,1,At Risk,"Send win-back campaigns, offer discounts"
12668,12,10,11444.68,263,3.48,665,1144.47,0.015,43.52,5,5,5,15,Champion,0,0,Champions,"Reward with loyalty perks, ask for reviews"
12669,151,3,2744.03,98,13.74,105,914.68,0.0283,28.0,3,3,4,10,Loyal,1,2,Loyal Customers,"Upsell premium products, increase frequency"
12670,11,7,3760.29,71,3.69,656,537.18,0.0107,52.96,5,4,5,14,Champion,0,2,Loyal Customers,"Upsell premium products, increase frequency"
12671,607,1,2622.48,45,2.73,0,2622.48,1.0,58.28,1,1,4,6,Hibernating,1,3,Lost,Minimal spend — low re-engagement ROI
12672,330,2,437.05,22,4.53,265,218.52,0.0075,19.87,2,2,2,6,Hibernating,1,3,Lost,Minimal spend — low re-engagement ROI
12673,6,3,1230.02,68,2.96,396,410.01,0.0076,18.09,5,3,3,11,Loyal,0,2,Loyal Customers,"Upsell premium products, increase frequency"
12674,39,4,1970.6,52,3.23,169,492.65,0.0235,37.9,4,3,4,11,Loyal,0,2,Loyal Customers,"Upsell premium products, increase frequency"
12675,554,2,958.5,111,3.78,24,479.25,0.08,8.64,1,2,3,6,Hibernating,1,3,Lost,Minimal spend — low re-engagement ROI
12676,25,11,2843.09,67,5.24,458,258.46,0.024,42.43,4,5,4,13,Champion,0,0,Champions,"Reward with loyalty perks, ask for reviews"
12677,556,2,395.1,13,4.05,111,197.55,0.0179,30.39,1,2,2,5,Hibernating,1,3,Lost,Minimal spend — low re-engagement ROI
12678,43,21,34281.18,199,4.8,658,1632.44,0.0319,172.27,4,5,5,14,Champion,0,0,Champions,"Reward with loyalty perks, ask for reviews"
12679,59,4,1113.02,43,4.0,225,278.26,0.0177,25.88,4,3,3,10,Loyal,0,2,Loyal Customers,"Upsell premium products, increase frequency"
12680,1,4,880.81,33,3.91,112,220.2,0.0354,26.69,5,3,3,11,Loyal,0,2,Loyal Customers,"Upsell premium products, increase frequency"
12681,15,45,30868.28,459,2.98,711,685.96,0.0632,67.25,5,5,5,15,Champion,0,0,Champions,"Reward with loyalty perks, ask for reviews"
12682,4,52,24033.91,327,3.59,735,462.19,0.0707,73.5,5,5,5,15,Champion,0,0,Champions,"Reward with loyalty perks, ask for reviews"
12683,5,21,12696.78,236,2.79,722,604.61,0.029,53.8,5,5,5,15,Champion,0,0,Champions,"Reward with loyalty perks, ask for reviews"
12684,8,7,2283.63,61,2.54,205,326.23,0.034,37.44,5,4,4,13,Champion,0,2,Loyal Customers,"Upsell premium products, increase frequency"
12685,29,6,2863.08,117,3.07,65,477.18,0.0909,24.47,4,4,4,12,Loyal,0,2,Loyal Customers,"Upsell premium products, increase frequency"
12686,372,1,178.28,7,3.26,0,178.28,1.0,25.47,2,1,1,4,Hibernating,1,3,Lost,Minimal spend — low re-engagement ROI
12687,481,2,2138.91,126,4.48,0,1069.46,2.0,16.98,1,2,4,7,At Risk,1,3,Lost,Minimal spend — low re-engagement ROI
12688,114,1,4873.81,171,4.12,0,4873.81,1.0,28.5,3,1,5,9,At Risk,1,2,Loyal Customers,"Upsell premium products, increase frequency"
12689,26,2,1247.61,57,2.85,101,623.8,0.0196,21.89,4,2,3,9,At Risk,0,2,Loyal Customers,"Upsell premium products, increase frequency"
12690,206,1,389.01,16,5.53,0,389.01,1.0,24.31,2,1,2,5,Hibernating,1,1,At Risk,"Send win-back campaigns, offer discounts"
12691,29,7,1170.4,24,5.09,392,167.2,0.0178,48.77,4,4,3,11,Loyal,0,2,Loyal Customers,"Upsell premium products, increase frequency"
12692,638,1,110.95,13,3.12,0,110.95,1.0,8.53,1,1,1,3,Lost,1,3,Lost,Minimal spend — low re-engagement ROI
12693,128,7,1703.02,63,5.07,395,243.29,0.0177,27.03,3,4,4,11,Loyal,1,2,Loyal Customers,"Upsell premium products, increase frequency"
12694,71,3,1843.35,69,2.91,350,614.45,0.0085,26.72,3,3,4,10,Loyal,0,2,Loyal Customers,"Upsell premium products, increase frequency"
12695,8,7,1407.12,46,5.39,658,201.02,0.0106,30.59,5,4,4,13,Champion,0,2,Loyal Customers,"Upsell premium products, increase frequency"
12696,435,2,851.91,43,3.29,74,425.96,0.0267,19.81,1,2,3,6,Hibernating,1,3,Lost,Minimal spend — low re-engagement ROI
12697,29,3,957.59,37,5.03,140,319.2,0.0213,25.88,4,3,3,10,Loyal,0,2,Loyal Customers,"Upsell premium products, increase frequency"
12698,591,1,339.75,16,5.1,0,339.75,1.0,21.23,1,1,2,4,Hibernating,1,3,Lost,Minimal spend — low re-engagement ROI
12699,418,1,638.11,41,3.11,0,638.11,1.0,15.56,1,1,3,5,Hibernating,1,3,Lost,Minimal spend — low re-engagement ROI
12700,8,4,4939.99,193,2.62,207,1235.0,0.0192,25.6,5,3,5,13,Champion,0,2,Loyal Customers,"Upsell premium products, increase frequency"
12701,80,6,2446.41,118,2.98,553,407.73,0.0108,20.73,3,4,4,11,Loyal,0,2,Loyal Customers,"Upsell premium products, increase frequency"
12702,20,1,219.0,12,5.44,0,219.0,1.0,18.25,5,1,1,7,At Risk,0,1,At Risk,"Send win-back campaigns, offer discounts"
12703,72,4,1006.53,56,2.92,613,251.63,0.0065,17.97,3,3,3,9,At Risk,0,2,Loyal Customers,"Upsell premium products, increase frequency"
12704,8,8,2340.84,64,6.43,162,292.6,0.0491,36.58,5,4,4,13,Champion,0,2,Loyal Customers,"Upsell premium products, increase frequency"
12705,16,14,11762.1,320,2.62,518,840.15,0.027,36.76,5,5,5,15,Champion,0,0,Champions,"Reward with loyalty perks, ask for reviews"
12707,292,1,603.42,33,3.24,0,603.42,1.0,18.29,2,1,2,5,Hibernating,1,1,At Risk,"Send win-back campaigns, offer discounts"
12708,30,18,5314.1,130,4.1,691,295.23,0.026,40.88,4,5,5,14,Champion,0,0,Champions,"Reward with loyalty perks, ask for reviews"
12709,16,34,31093.34,189,3.8,715,914.51,0.0475,164.52,5,5,5,15,Champion,0,0,Champions,"Reward with loyalty perks, ask for reviews"
12710,97,3,1149.02,75,2.72,104,383.01,0.0286,15.32,3,3,3,9,At Risk,1,2,Loyal Customers,"Upsell premium products, increase frequency"
12711,612,2,1339.05,56,2.58,65,669.52,0.0303,23.91,1,2,4,7,At Risk,1,3,Lost,Minimal spend — low re-engagement ROI
12712,29,21,7193.66,126,5.32,701,342.56,0.0299,57.09,4,5,5,14,Champion,0,0,Champions,"Reward with loyalty perks, ask for reviews"
12713,1,1,848.55,38,2.5,0,848.55,1.0,22.33,5,1,3,9,At Risk,0,1,At Risk,"Send win-back campaigns, offer discounts"
12714,10,12,14093.71,436,2.57,726,1174.48,0.0165,32.33,5,5,5,15,Champion,0,0,Champions,"Reward with loyalty perks, ask for reviews"
12715,107,1,353.86,20,3.4,0,353.86,1.0,17.69,3,1,2,6,Hibernating,1,1,At Risk,"Send win-back campaigns, offer discounts"
12716,4,2,1053.49,60,2.67,129,526.74,0.0154,17.56,5,2,3,10,Loyal,0,1,At Risk,"Send win-back campaigns, offer discounts"
12717,152,3,1308.91,60,4.96,439,436.3,0.0068,21.82,3,3,4,10,Loyal,1,2,Loyal Customers,"Upsell premium products, increase frequency"
12718,72,1,238.25,19,2.72,0,238.25,1.0,12.54,3,1,1,5,Hibernating,0,1,At Risk,"Send win-back campaigns, offer discounts"
12719,6,2,644.95,34,3.64,59,322.48,0.0333,18.97,5,2,3,10,Loyal,0,1,At Risk,"Send win-back campaigns, offer discounts"
12720,3,30,8260.67,262,2.72,503,275.36,0.0595,31.53,5,5,5,15,Champion,0,0,Champions,"Reward with loyalty perks, ask for reviews"
12721,32,8,4013.08,183,3.39,440,501.64,0.0181,21.93,4,4,5,13,Champion,0,2,Loyal Customers,"Upsell premium products, increase frequency"
12722,86,4,997.63,50,3.62,65,249.41,0.0606,19.95,3,3,3,9,At Risk,0,2,Loyal Customers,"Upsell premium products, increase frequency"
12723,4,5,725.07,53,3.2,61,145.01,0.0806,13.68,5,4,3,12,Loyal,0,2,Loyal Customers,"Upsell premium products, increase frequency"
12724,6,7,2317.52,94,3.23,530,331.07,0.0132,24.65,5,4,4,13,Champion,0,2,Loyal Customers,"Upsell premium products, increase frequency"
12725,372,4,2694.56,92,5.61,213,673.64,0.0187,29.29,2,3,4,9,At Risk,1,2,Loyal Customers,"Upsell premium products, increase frequency"
12726,29,11,4014.6,63,2.19,595,364.96,0.0185,63.72,4,5,5,14,Champion,0,0,Champions,"Reward with loyalty perks, ask for reviews"
12727,11,10,5679.53,132,3.28,644,567.95,0.0155,43.03,5,5,5,15,Champion,0,0,Champions,"Reward with loyalty perks, ask for reviews"
12728,72,5,1070.17,48,4.5,312,214.03,0.016,22.3,3,4,3,10,Loyal,0,2,Loyal Customers,"Upsell premium products, increase frequency"
12729,114,1,453.01,26,3.7,0,453.01,1.0,17.42,3,1,2,6,Hibernating,1,1,At Risk,"Send win-back campaigns, offer discounts"
12730,522,1,829.25,47,4.92,0,829.25,1.0,17.64,1,1,3,5,Hibernating,1,3,Lost,Minimal spend — low re-engagement ROI
12731,24,17,25775.71,137,3.38,624,1516.22,0.0272,188.14,4,5,5,14,Champion,0,0,Champions,"Reward with loyalty perks, ask for reviews"
12732,180,1,236.26,12,3.52,0,236.26,1.0,19.69,3,1,1,5,Hibernating,1,1,At Risk,"Send win-back campaigns, offer discounts"
12733,235,4,2424.87,117,3.42,455,606.22,0.0088,20.73,2,3,4,9,At Risk,1,2,Loyal Customers,"Upsell premium products, increase frequency"
12734,353,3,639.65,17,3.84,39,213.22,0.075,37.63,2,3,3,8,At Risk,1,3,Lost,Minimal spend — low re-engagement ROI
12735,316,2,779.57,38,5.42,21,389.78,0.0909,20.52,2,2,3,7,At Risk,1,3,Lost,Minimal spend — low re-engagement ROI
12736,333,1,234.0,4,5.58,0,234.0,1.0,58.5,2,1,1,4,Hibernating,1,3,Lost,Minimal spend — low re-engagement ROI
12737,499,2,3710.5,2,1855.25,0,1855.25,2.0,1855.25,1,2,5,8,At Risk,1,3,Lost,Minimal spend — low re-engagement ROI
12738,373,1,310.7,11,3.95,0,310.7,1.0,28.25,2,1,2,5,Hibernating,1,3,Lost,Minimal spend — low re-engagement ROI
12739,79,4,2726.73,85,8.17,315,681.68,0.0127,32.08,3,3,4,10,Loyal,0,2,Loyal Customers,"Upsell premium products, increase frequency"
12740,64,1,427.6,27,2.07,0,427.6,1.0,15.84,3,1,2,6,Hibernating,0,1,At Risk,"Send win-back campaigns, offer discounts"
12741,530,2,406.07,16,12.22,3,203.04,0.5,25.38,1,2,2,5,Hibernating,1,3,Lost,Minimal spend — low re-engagement ROI
12742,626,1,1201.52,67,1.71,0,1201.52,1.0,17.93,1,1,3,5,Hibernating,1,3,Lost,Minimal spend — low re-engagement ROI
12743,135,2,546.43,114,3.04,0,273.21,2.0,4.79,3,2,2,7,At Risk,1,1,At Risk,"Send win-back campaigns, offer discounts"
12744,52,11,25317.06,245,39.3,539,2301.55,0.0204,103.33,4,5,5,14,Champion,0,0,Champions,"Reward with loyalty perks, ask for reviews"
12745,487,3,925.41,21,11.72,195,308.47,0.0153,44.07,1,3,3,7,At Risk,1,3,Lost,Minimal spend — low re-engagement ROI
12746,541,1,254.55,17,3.48,0,254.55,1.0,14.97,1,1,1,3,Lost,1,3,Lost,Minimal spend — low re-engagement ROI
12747,3,26,9276.54,85,4.34,730,356.79,0.0356,109.14,5,5,5,15,Champion,0,0,Champions,"Reward with loyalty perks, ask for reviews"
12748,1,336,56599.39,2286,2.98,734,168.45,0.4571,24.76,5,5,5,15,Champion,0,0,Champions,"Reward with loyalty perks, ask for reviews"
12749,4,9,6897.36,260,5.48,517,766.37,0.0174,26.53,5,5,5,15,Champion,0,0,Champions,"Reward with loyalty perks, ask for reviews"
12750,129,1,275.88,15,4.62,0,275.88,1.0,18.39,3,1,1,5,Hibernating,1,1,At Risk,"Send win-back campaigns, offer discounts"
12751,445,1,268.27,61,1.83,0,268.27,1.0,4.4,1,1,1,3,Lost,1,3,Lost,Minimal spend — low re-engagement ROI
12752,82,1,4366.78,53,2.29,0,4366.78,1.0,82.39,3,1,5,9,At Risk,0,2,Loyal Customers,"Upsell premium products, increase frequency"
12753,23,6,21429.39,132,2.34,339,3571.56,0.0176,162.34,4,4,5,13,Champion,0,0,Champions,"Reward with loyalty perks, ask for reviews"
12754,236,3,3010.74,49,1.13,72,1003.58,0.0411,61.44,2,3,5,10,Loyal,1,2,Loyal Customers,"Upsell premium products, increase frequency"
12755,281,11,9030.66,34,2.14,413,820.97,0.0266,265.61,2,5,5,12,Loyal,1,0,Champions,"Reward with loyalty perks, ask for reviews"
12756,87,1,112.08,4,0.74,0,112.08,1.0,28.02,3,1,1,5,Hibernating,0,1,At Risk,"Send win-back campaigns, offer discounts"
12757,16,13,7857.1,237,11.91,195,604.39,0.0663,33.15,5,5,5,15,Champion,0,0,Champions,"Reward with loyalty perks, ask for reviews"
12758,117,7,9903.24,187,2.26,621,1414.75,0.0113,52.96,3,4,5,12,Loyal,1,0,Champions,"Reward with loyalty perks, ask for reviews"
12759,53,8,5020.74,206,2.87,683,627.59,0.0117,24.37,4,4,5,13,Champion,0,0,Champions,"Reward with loyalty perks, ask for reviews"
12760,456,1,347.8,21,2.98,0,347.8,1.0,16.56,1,1,2,4,Hibernating,1,3,Lost,Minimal spend — low re-engagement ROI
12761,458,2,782.95,27,4.39,7,391.48,0.25,29.0,1,2,3,6,Hibernating,1,3,Lost,Minimal spend — low re-engagement ROI
12762,8,2,1898.52,62,2.74,17,949.26,0.1111,30.62,5,2,4,11,Loyal,0,2,Loyal Customers,"Upsell premium products, increase frequency"
12763,139,2,814.16,16,1.79,230,407.08,0.0087,50.88,3,2,3,8,At Risk,1,1,At Risk,"Send win-back campaigns, offer discounts"
12764,317,1,1693.88,45,5.39,0,1693.88,1.0,37.64,2,1,4,7,At Risk,1,3,Lost,Minimal spend — low re-engagement ROI
12765,473,6,1404.58,49,2.65,169,234.1,0.0353,28.66,1,4,4,9,At Risk,1,3,Lost,Minimal spend — low re-engagement ROI
12766,4,9,10068.28,253,2.99,403,1118.7,0.0223,39.8,5,5,5,15,Champion,0,0,Champions,"Reward with loyalty perks, ask for reviews"
12767,376,1,949.82,43,2.09,0,949.82,1.0,22.09,2,1,3,6,Hibernating,1,3,Lost,Minimal spend — low re-engagement ROI
12768,451,1,168.69,10,3.01,0,168.69,1.0,16.87,1,1,1,3,Lost,1,3,Lost,Minimal spend — low re-engagement ROI
12769,239,1,1143.6,32,4.46,0,1143.6,1.0,35.74,2,1,3,6,Hibernating,1,1,At Risk,"Send win-back campaigns, offer discounts"
12770,211,2,3246.45,19,2.69,245,1623.22,0.0081,170.87,2,2,5,9,At Risk,1,2,Loyal Customers,"Upsell premium products, increase frequency"
12771,486,1,282.3,15,5.66,0,282.3,1.0,18.82,1,1,1,3,Lost,1,3,Lost,Minimal spend — low re-engagement ROI
12772,60,1,892.47,55,3.7,0,892.47,1.0,16.23,3,1,3,7,At Risk,0,1,At Risk,"Send win-back campaigns, offer discounts"
12773,565,1,124.25,6,2.02,0,124.25,1.0,20.71,1,1,1,3,Lost,1,3,Lost,Minimal spend — low re-engagement ROI
12774,536,1,98.7,6,3.97,0,98.7,1.0,16.45,1,1,1,3,Lost,1,3,Lost,Minimal spend — low re-engagement ROI
12775,18,7,1686.12,55,3.8,392,240.87,0.0178,30.66,5,4,4,13,Champion,0,2,Loyal Customers,"Upsell premium products, increase frequency"
12776,668,1,55.5,4,7.53,0,55.5,1.0,13.88,1,1,1,3,Lost,1,3,Lost,Minimal spend — low re-engagement ROI
12777,458,1,519.45,26,3.2,0,519.45,1.0,19.98,1,1,2,4,Hibernating,1,3,Lost,Minimal spend — low re-engagement ROI
12778,20,9,1775.68,77,3.01,583,197.3,0.0154,23.06,5,5,4,14,Champion,0,2,Loyal Customers,"Upsell premium products, increase frequency"
12779,38,14,6722.27,142,3.16,699,480.16,0.02,47.34,4,5,5,14,Champion,0,0,Champions,"Reward with loyalty perks, ask for reviews"
12780,599,1,337.4,20,3.04,0,337.4,1.0,16.87,1,1,2,4,Hibernating,1,3,Lost,Minimal spend — low re-engagement ROI
12781,64,2,826.74,25,3.13,221,413.37,0.009,33.07,3,2,3,8,At Risk,0,1,At Risk,"Send win-back campaigns, offer discounts"
12782,5,11,4618.24,142,3.95,514,419.84,0.0214,32.52,5,5,5,15,Champion,0,0,Champions,"Reward with loyalty perks, ask for reviews"
12783,3,6,2225.91,76,12.23,73,370.98,0.0811,29.29,5,4,4,13,Champion,0,2,Loyal Customers,"Upsell premium products, increase frequency"
12784,10,3,1804.75,121,3.27,520,601.58,0.0058,14.92,5,3,4,12,Loyal,0,2,Loyal Customers,"Upsell premium products, increase frequency"
12785,365,3,1100.4,42,5.35,366,366.8,0.0082,26.2,2,3,3,8,At Risk,1,3,Lost,Minimal spend — low re-engagement ROI
12786,610,1,728.5,18,3.1,0,728.5,1.0,40.47,1,1,3,5,Hibernating,1,3,Lost,Minimal spend — low re-engagement ROI
12787,10,4,862.18,30,3.14,403,215.54,0.0099,28.74,5,3,3,11,Loyal,0,2,Loyal Customers,"Upsell premium products, increase frequency"
12788,464,4,444.9,20,4.12,65,111.22,0.0606,22.24,1,3,2,6,Hibernating,1,3,Lost,Minimal spend — low re-engagement ROI
12789,66,3,273.35,5,16.84,628,91.12,0.0048,54.67,3,3,1,7,At Risk,0,1,At Risk,"Send win-back campaigns, offer discounts"
12790,193,2,591.85,36,4.5,218,295.92,0.0091,16.44,2,2,2,6,Hibernating,1,1,At Risk,"Send win-back campaigns, offer discounts"
12791,374,6,1056.11,17,9.44,250,176.02,0.0239,62.12,2,4,3,9,At Risk,1,2,Loyal Customers,"Upsell premium products, increase frequency"
12792,257,2,827.01,39,4.01,278,413.5,0.0072,21.21,2,2,3,7,At Risk,1,1,At Risk,"Send win-back campaigns, offer discounts"
12793,335,3,1017.33,34,4.04,66,339.11,0.0448,29.92,2,3,3,8,At Risk,1,3,Lost,Minimal spend — low re-engagement ROI
12794,54,2,860.41,43,2.08,45,430.2,0.0435,20.01,4,2,3,9,At Risk,0,1,At Risk,"Send win-back campaigns, offer discounts"
12795,19,1,430.48,14,7.7,0,430.48,1.0,30.75,5,1,2,8,At Risk,0,1,At Risk,"Send win-back campaigns, offer discounts"
12796,629,1,381.0,7,3.81,0,381.0,1.0,54.43,1,1,2,4,Hibernating,1,3,Lost,Minimal spend — low re-engagement ROI
12797,366,2,806.11,27,5.26,58,403.06,0.0339,29.86,2,2,3,7,At Risk,1,3,Lost,Minimal spend — low re-engagement ROI
12798,11,4,8510.93,27,0.9,411,2127.73,0.0097,315.22,5,3,5,13,Champion,0,2,Loyal Customers,"Upsell premium products, increase frequency"
12799,530,1,219.35,15,2.84,0,219.35,1.0,14.62,1,1,1,3,Lost,1,3,Lost,Minimal spend — low re-engagement ROI
12800,471,3,584.25,31,3.84,206,194.75,0.0145,18.85,1,3,2,6,Hibernating,1,3,Lost,Minimal spend — low re-engagement ROI
12801,501,1,1071.82,50,4.6,0,1071.82,1.0,21.44,1,1,3,5,Hibernating,1,3,Lost,Minimal spend — low re-engagement ROI
12802,187,7,2416.42,108,2.62,377,345.2,0.0185,22.37,3,4,4,11,Loyal,1,2,Loyal Customers,"Upsell premium products, increase frequency"
12803,394,1,1092.81,55,1.81,0,1092.81,1.0,19.87,2,1,3,6,Hibernating,1,3,Lost,Minimal spend — low re-engagement ROI
12804,466,2,327.02,60,2.02,34,163.51,0.0571,5.45,1,2,2,5,Hibernating,1,3,Lost,Minimal spend — low re-engagement ROI
12805,382,4,1434.95,44,3.65,293,358.74,0.0136,32.61,2,3,4,9,At Risk,1,2,Loyal Customers,"Upsell premium products, increase frequency"
12806,436,4,2878.96,58,6.65,153,719.74,0.026,49.64,1,3,4,8,At Risk,1,2,Loyal Customers,"Upsell premium products, increase frequency"
12807,384,1,330.35,16,6.49,0,330.35,1.0,20.65,2,1,2,5,Hibernating,1,3,Lost,Minimal spend — low re-engagement ROI
12808,37,5,906.1,46,3.84,425,181.22,0.0117,19.7,4,4,3,11,Loyal,0,2,Loyal Customers,"Upsell premium products, increase frequency"
12809,178,3,1755.94,75,6.51,469,585.31,0.0064,23.41,3,3,4,10,Loyal,1,2,Loyal Customers,"Upsell premium products, increase frequency"
12810,535,2,534.99,32,1.94,142,267.5,0.014,16.72,1,2,2,5,Hibernating,1,3,Lost,Minimal spend — low re-engagement ROI
12811,261,5,1033.9,47,4.35,166,206.78,0.0299,22.0,2,4,3,9,At Risk,1,2,Loyal Customers,"Upsell premium products, increase frequency"
12812,45,1,229.64,15,2.07,0,229.64,1.0,15.31,4,1,1,6,Hibernating,0,1,At Risk,"Send win-back campaigns, offer discounts"
12813,502,3,1687.8,37,2.35,191,562.6,0.0156,45.62,1,3,4,8,At Risk,1,3,Lost,Minimal spend — low re-engagement ROI
12814,102,1,125.92,2,20.9,0,125.92,1.0,62.96,3,1,1,5,Hibernating,1,1,At Risk,"Send win-back campaigns, offer discounts"
12815,148,2,1063.46,38,5.4,50,531.73,0.0392,27.99,3,2,3,8,At Risk,1,1,At Risk,"Send win-back campaigns, offer discounts"
12816,96,2,572.2,27,8.83,80,286.1,0.0247,21.19,3,2,2,7,At Risk,1,1,At Risk,"Send win-back campaigns, offer discounts"
12817,282,3,690.98,16,7.63,153,230.33,0.0195,43.19,2,3,3,8,At Risk,1,1,At Risk,"Send win-back campaigns, offer discounts"
12818,262,1,1542.08,14,6.76,0,1542.08,1.0,110.15,2,1,4,7,At Risk,1,1,At Risk,"Send win-back campaigns, offer discounts"
12819,459,1,540.52,19,3.33,0,540.52,1.0,28.45,1,1,2,4,Hibernating,1,3,Lost,Minimal spend — low re-engagement ROI
12820,4,11,2689.52,131,2.49,731,244.5,0.015,20.53,5,5,4,14,Champion,0,0,Champions,"Reward with loyalty perks, ask for reviews"
12821,215,2,220.8,13,2.41,397,110.4,0.005,16.98,2,2,1,5,Hibernating,1,1,At Risk,"Send win-back campaigns, offer discounts"
12822,71,2,948.88,41,2.69,16,474.44,0.1176,23.14,3,2,3,8,At Risk,0,1,At Risk,"Send win-back campaigns, offer discounts"
12823,75,18,6501.5,1,6.91,604,361.19,0.0298,6501.5,3,5,5,13,Champion,0,0,Champions,"Reward with loyalty perks, ask for reviews"
12824,60,1,397.12,25,2.54,0,397.12,1.0,15.88,3,1,2,6,Hibernating,0,1,At Risk,"Send win-back campaigns, offer discounts"
12825,522,2,518.63,20,6.16,120,259.32,0.0165,25.93,1,2,2,5,Hibernating,1,3,Lost,Minimal spend — low re-engagement ROI
12826,3,12,2955.75,93,2.01,718,246.31,0.0167,31.78,5,5,4,14,Champion,0,0,Champions,"Reward with loyalty perks, ask for reviews"
12827,6,3,430.15,19,2.87,38,143.38,0.0769,22.64,5,3,2,10,Loyal,0,1,At Risk,"Send win-back campaigns, offer discounts"
12828,3,6,1018.71,46,3.09,127,169.78,0.0469,22.15,5,4,3,12,Loyal,0,2,Loyal Customers,"Upsell premium products, increase frequency"
12829,337,3,385.3,17,7.85,213,128.43,0.014,22.66,2,3,2,7,At Risk,1,3,Lost,Minimal spend — low re-engagement ROI
12830,38,6,6814.64,13,1.09,134,1135.77,0.0444,524.2,4,4,5,13,Champion,0,2,Loyal Customers,"Upsell premium products, increase frequency"
12831,263,3,451.11,16,2.83,200,150.37,0.0149,28.19,2,3,2,7,At Risk,1,1,At Risk,"Send win-back campaigns, offer discounts"
12832,33,2,383.03,27,2.93,65,191.52,0.0303,14.19,4,2,2,8,At Risk,0,1,At Risk,"Send win-back campaigns, offer discounts"
12833,146,1,417.38,24,5.44,0,417.38,1.0,17.39,3,1,2,6,Hibernating,1,1,At Risk,"Send win-back campaigns, offer discounts"
12834,283,1,312.38,18,4.89,0,312.38,1.0,17.35,2,1,2,5,Hibernating,1,1,At Risk,"Send win-back campaigns, offer discounts"
12835,428,41,6043.31,138,3.62,308,147.4,0.1327,43.79,1,5,5,11,Loyal,1,0,Champions,"Reward with loyalty perks, ask for reviews"
12836,60,15,6585.62,280,4.57,679,439.04,0.0221,23.52,3,5,5,13,Champion,0,0,Champions,"Reward with loyalty perks, ask for reviews"
12837,174,2,688.41,83,4.14,396,344.2,0.005,8.29,3,2,3,8,At Risk,1,1,At Risk,"Send win-back campaigns, offer discounts"
12838,34,10,3398.48,230,2.39,559,339.85,0.0179,14.78,4,5,5,14,Champion,0,0,Champions,"Reward with loyalty perks, ask for reviews"
12839,3,26,10071.73,156,2.11,730,387.37,0.0356,64.56,5,5,5,15,Champion,0,0,Champions,"Reward with loyalty perks, ask for reviews"
12840,144,7,4041.97,109,2.14,530,577.42,0.0132,37.08,3,4,5,12,Loyal,1,2,Loyal Customers,"Upsell premium products, increase frequency"
12841,5,40,7540.68,307,2.41,514,188.52,0.0777,24.56,5,5,5,15,Champion,0,0,Champions,"Reward with loyalty perks, ask for reviews"
12842,71,4,1917.99,45,3.79,667,479.5,0.006,42.62,3,3,4,10,Loyal,0,2,Loyal Customers,"Upsell premium products, increase frequency"
12843,66,30,6588.41,130,4.18,661,219.61,0.0453,50.68,3,5,5,13,Champion,0,0,Champions,"Reward with loyalty perks, ask for reviews"
12844,30,4,648.6,88,3.31,564,162.15,0.0071,7.37,4,3,3,10,Loyal,0,2,Loyal Customers,"Upsell premium products, increase frequency"
12845,268,4,354.09,26,2.79,22,88.52,0.1739,13.62,2,3,2,7,At Risk,1,1,At Risk,"Send win-back campaigns, offer discounts"
12846,683,1,15.58,1,15.58,0,15.58,1.0,15.58,1,1,1,3,Lost,1,3,Lost,Minimal spend — low re-engagement ROI
12847,23,2,1636.9,100,1.32,365,818.45,0.0055,16.37,4,2,4,10,Loyal,0,2,Loyal Customers,"Upsell premium products, increase frequency"
12848,676,1,208.0,16,3.97,0,208.0,1.0,13.0,1,1,1,3,Lost,1,3,Lost,Minimal spend — low re-engagement ROI
12849,32,6,3090.56,123,3.6,559,515.09,0.0107,25.13,4,4,5,13,Champion,0,2,Loyal Customers,"Upsell premium products, increase frequency"
12850,446,1,330.0,2,1.65,0,330.0,1.0,165.0,1,1,2,4,Hibernating,1,3,Lost,Minimal spend — low re-engagement ROI
12851,97,2,284.13,71,2.46,380,142.06,0.0052,4.0,3,2,1,6,Hibernating,1,1,At Risk,"Send win-back campaigns, offer discounts"
12852,295,1,311.55,17,3.65,0,311.55,1.0,18.33,2,1,2,5,Hibernating,1,1,At Risk,"Send win-back campaigns, offer discounts"
12853,135,11,3907.5,111,4.0,537,355.23,0.0204,35.2,3,5,5,13,Champion,1,0,Champions,"Reward with loyalty perks, ask for reviews"
12854,79,7,2994.02,188,2.95,649,427.72,0.0108,15.93,3,4,5,12,Loyal,0,2,Loyal Customers,"Upsell premium products, increase frequency"
12855,373,4,650.94,65,5.25,29,162.74,0.1333,10.01,2,3,3,8,At Risk,1,3,Lost,Minimal spend — low re-engagement ROI
12856,8,6,2179.93,155,2.54,55,363.32,0.1071,14.06,5,4,4,13,Champion,0,2,Loyal Customers,"Upsell premium products, increase frequency"
12857,211,6,3688.0,71,3.64,472,614.67,0.0127,51.94,2,4,5,11,Loyal,1,2,Loyal Customers,"Upsell premium products, increase frequency"
12858,384,1,177.92,36,3.1,0,177.92,1.0,4.94,2,1,1,4,Hibernating,1,3,Lost,Minimal spend — low re-engagement ROI
12859,459,1,575.1,21,2.73,0,575.1,1.0,27.39,1,1,2,4,Hibernating,1,3,Lost,Minimal spend — low re-engagement ROI
12860,694,1,55.47,16,2.55,0,55.47,1.0,3.47,1,1,1,3,Lost,1,3,Lost,Minimal spend — low re-engagement ROI
12861,620,1,68.25,4,6.0,0,68.25,1.0,17.06,1,1,1,3,Lost,1,3,Lost,Minimal spend — low re-engagement ROI
12862,426,2,1008.32,119,3.06,69,504.16,0.0286,8.47,1,2,3,6,Hibernating,1,3,Lost,Minimal spend — low re-engagement ROI
12863,53,6,2792.55,24,4.06,537,465.42,0.0112,116.36,4,4,4,12,Loyal,0,2,Loyal Customers,"Upsell premium products, increase frequency"
12864,139,2,299.57,5,0.68,369,149.78,0.0054,59.91,3,2,2,7,At Risk,1,1,At Risk,"Send win-back campaigns, offer discounts"
12865,27,4,3323.47,156,3.06,450,830.87,0.0089,21.3,4,3,5,12,Loyal,0,2,Loyal Customers,"Upsell premium products, increase frequency"
12866,284,3,1227.35,58,3.7,219,409.12,0.0136,21.16,2,3,3,8,At Risk,1,2,Loyal Customers,"Upsell premium products, increase frequency"
12867,27,13,7913.29,365,1.37,696,608.71,0.0187,21.68,4,5,5,14,Champion,0,0,Champions,"Reward with loyalty perks, ask for reviews"
12868,186,8,2247.06,86,2.66,207,280.88,0.0385,26.13,3,4,4,11,Loyal,1,2,Loyal Customers,"Upsell premium products, increase frequency"
12869,682,1,337.67,35,2.58,0,337.67,1.0,9.65,1,1,2,4,Hibernating,1,3,Lost,Minimal spend — low re-engagement ROI
12870,376,3,1676.95,85,4.55,248,558.98,0.012,19.73,2,3,4,9,At Risk,1,3,Lost,Minimal spend — low re-engagement ROI
12871,85,3,744.02,13,2.81,355,248.01,0.0084,57.23,3,3,3,9,At Risk,0,1,At Risk,"Send win-back campaigns, offer discounts"
12872,327,12,3685.49,217,2.6,409,307.12,0.0293,16.98,2,5,5,12,Loyal,1,0,Champions,"Reward with loyalty perks, ask for reviews"
12873,283,3,2027.3,33,3.44,399,675.77,0.0075,61.43,2,3,4,9,At Risk,1,2,Loyal Customers,"Upsell premium products, increase frequency"
12874,386,2,948.42,44,3.08,169,474.21,0.0118,21.56,2,2,3,7,At Risk,1,3,Lost,Minimal spend — low re-engagement ROI
12875,144,5,1356.99,2,0.38,554,271.4,0.009,678.5,3,4,4,11,Loyal,1,2,Loyal Customers,"Upsell premium products, increase frequency"
12876,58,4,4081.79,117,2.52,532,1020.45,0.0075,34.89,4,3,5,12,Loyal,0,2,Loyal Customers,"Upsell premium products, increase frequency"
12877,4,20,2955.17,149,1.97,687,147.76,0.0291,19.83,5,5,4,14,Champion,0,0,Champions,"Reward with loyalty perks, ask for reviews"
12878,237,2,854.99,38,2.03,29,427.5,0.0667,22.5,2,2,3,7,At Risk,1,1,At Risk,"Send win-back campaigns, offer discounts"
12879,45,3,573.22,7,1.83,47,191.07,0.0625,81.89,4,3,2,9,At Risk,0,1,At Risk,"Send win-back campaigns, offer discounts"
12880,382,2,640.13,32,4.12,192,320.06,0.0104,20.0,2,2,3,7,At Risk,1,3,Lost,Minimal spend — low re-engagement ROI
12881,276,1,298.0,7,32.97,0,298.0,1.0,42.57,2,1,2,5,Hibernating,1,1,At Risk,"Send win-back campaigns, offer discounts"
12882,10,2,1463.04,12,6.44,24,731.52,0.08,121.92,5,2,4,11,Loyal,0,2,Loyal Customers,"Upsell premium products, increase frequency"
12883,25,4,703.47,39,5.93,64,175.87,0.0615,18.04,4,3,3,10,Loyal,0,2,Loyal Customers,"Upsell premium products, increase frequency"
12884,89,1,309.05,7,15.98,0,309.05,1.0,44.15,3,1,2,6,Hibernating,0,1,At Risk,"Send win-back campaigns, offer discounts"
12885,64,3,1175.22,66,3.59,60,391.74,0.0492,17.81,3,3,3,9,At Risk,0,2,Loyal Customers,"Upsell premium products, increase frequency"
12886,68,2,1378.4,75,3.72,151,689.2,0.0132,18.38,3,2,4,9,At Risk,0,2,Loyal Customers,"Upsell premium products, increase frequency"
12887,384,1,222.4,13,4.74,0,222.4,1.0,17.11,2,1,1,4,Hibernating,1,3,Lost,Minimal spend — low re-engagement ROI
12888,215,2,354.12,4,5.9,41,177.06,0.0476,88.53,2,2,2,6,Hibernating,1,1,At Risk,"Send win-back campaigns, offer discounts"
12889,382,4,385.46,25,5.09,121,96.36,0.0328,15.42,2,3,2,7,At Risk,1,3,Lost,Minimal spend — low re-engagement ROI
12890,25,2,717.27,124,1.93,363,358.64,0.0055,5.78,4,2,3,9,At Risk,0,1,At Risk,"Send win-back campaigns, offer discounts"
12891,186,11,840.5,2,0.38,473,76.41,0.0232,420.25,3,5,3,11,Loyal,1,2,Loyal Customers,"Upsell premium products, increase frequency"
12892,397,1,263.38,18,3.31,0,263.38,1.0,14.63,2,1,1,4,Hibernating,1,3,Lost,Minimal spend — low re-engagement ROI
12893,31,1,188.14,27,2.21,0,188.14,1.0,6.97,4,1,1,6,Hibernating,0,1,At Risk,"Send win-back campaigns, offer discounts"
12894,576,1,157.35,21,5.63,0,157.35,1.0,7.49,1,1,1,3,Lost,1,3,Lost,Minimal spend — low re-engagement ROI
12895,43,2,372.8,22,3.22,44,186.4,0.0444,16.95,4,2,2,8,At Risk,0,1,At Risk,"Send win-back campaigns, offer discounts"
12897,205,4,514.25,10,3.78,339,128.56,0.0118,51.42,2,3,2,7,At Risk,1,1,At Risk,"Send win-back campaigns, offer discounts"
12898,464,2,310.96,27,2.46,195,155.48,0.0102,11.52,1,2,2,5,Hibernating,1,3,Lost,Minimal spend — low re-engagement ROI
12899,414,1,366.4,17,5.07,0,366.4,1.0,21.55,1,1,2,4,Hibernating,1,3,Lost,Minimal spend — low re-engagement ROI
12900,423,1,340.33,13,3.62,0,340.33,1.0,26.18,1,1,2,4,Hibernating,1,3,Lost,Minimal spend — low re-engagement ROI
12901,9,28,17654.54,30,1.47,261,630.52,0.1069,588.48,5,5,5,15,Champion,0,0,Champions,"Reward with loyalty perks, ask for reviews"
12902,265,1,138.68,10,5.62,0,138.68,1.0,13.87,2,1,1,4,Hibernating,1,1,At Risk,"Send win-back campaigns, offer discounts"
12903,429,1,833.53,41,2.28,0,833.53,1.0,20.33,1,1,3,5,Hibernating,1,3,Lost,Minimal spend — low re-engagement ROI
12904,19,2,509.58,59,3.09,154,254.79,0.0129,8.64,5,2,2,9,At Risk,0,1,At Risk,"Send win-back campaigns, offer discounts"
12905,577,2,1018.42,52,3.65,105,509.21,0.0189,19.58,1,2,3,6,Hibernating,1,3,Lost,Minimal spend — low re-engagement ROI
12906,12,5,2919.81,55,2.55,66,583.96,0.0746,53.09,5,4,4,13,Champion,0,2,Loyal Customers,"Upsell premium products, increase frequency"
12907,396,2,508.91,23,5.21,98,254.46,0.0202,22.13,2,2,2,6,Hibernating,1,3,Lost,Minimal spend — low re-engagement ROI
12908,177,5,1776.0,1,0.59,453,355.2,0.011,1776.0,3,4,4,11,Loyal,1,2,Loyal Customers,"Upsell premium products, increase frequency"
12909,40,8,3103.19,120,4.96,614,387.9,0.013,25.86,4,4,5,13,Champion,0,2,Loyal Customers,"Upsell premium products, increase frequency"
12910,24,13,5796.52,75,1.93,598,445.89,0.0217,77.29,4,5,5,14,Champion,0,0,Champions,"Reward with loyalty perks, ask for reviews"
12911,552,1,1680.47,220,3.13,0,1680.47,1.0,7.64,1,1,4,6,Hibernating,1,3,Lost,Minimal spend — low re-engagement ROI
12912,3,5,1662.3,17,2.72,37,332.46,0.1316,97.78,5,4,4,13,Champion,0,2,Loyal Customers,"Upsell premium products, increase frequency"
12913,5,13,6700.86,52,3.1,733,515.45,0.0177,128.86,5,5,5,15,Champion,0,0,Champions,"Reward with loyalty perks, ask for reviews"
12914,401,1,223.98,9,1.14,0,223.98,1.0,24.89,2,1,1,4,Hibernating,1,3,Lost,Minimal spend — low re-engagement ROI
12915,149,4,1174.75,46,5.57,440,293.69,0.0091,25.54,3,3,3,9,At Risk,1,2,Loyal Customers,"Upsell premium products, increase frequency"
12916,139,7,4654.02,82,4.43,545,664.86,0.0128,56.76,3,4,5,12,Loyal,1,2,Loyal Customers,"Upsell premium products, increase frequency"
12917,129,6,4359.2,45,3.67,602,726.53,0.01,96.87,3,4,5,12,Loyal,1,2,Loyal Customers,"Upsell premium products, increase frequency"
12918,627,1,10953.5,1,10953.5,0,10953.5,1.0,10953.5,1,1,5,7,At Risk,1,3,Lost,Minimal spend — low re-engagement ROI
12919,9,6,1335.19,34,2.6,161,222.53,0.037,39.27,5,4,4,13,Champion,0,2,Loyal Customers,"Upsell premium products, increase frequency"
12920,18,4,488.09,59,3.08,707,122.02,0.0056,8.27,5,3,2,10,Loyal,0,1,At Risk,"Send win-back campaigns, offer discounts"
12921,10,74,35921.04,322,2.29,729,485.42,0.1014,111.56,5,5,5,15,Champion,0,0,Champions,"Reward with loyalty perks, ask for reviews"
12922,162,1,405.38,28,1.63,0,405.38,1.0,14.48,3,1,2,6,Hibernating,1,1,At Risk,"Send win-back campaigns, offer discounts"
12923,65,3,789.87,54,3.57,511,263.29,0.0059,14.63,3,3,3,9,At Risk,0,2,Loyal Customers,"Upsell premium products, increase frequency"
12924,89,12,2469.4,56,2.52,642,205.78,0.0187,44.1,3,5,4,12,Loyal,0,0,Champions,"Reward with loyalty perks, ask for reviews"
12925,5,3,729.33,46,2.12,588,243.11,0.0051,15.86,5,3,3,11,Loyal,0,1,At Risk,"Send win-back campaigns, offer discounts"
12926,412,4,1548.46,202,2.51,314,387.12,0.0127,7.67,1,3,4,8,At Risk,1,3,Lost,Minimal spend — low re-engagement ROI
12927,395,1,197.31,11,2.83,0,197.31,1.0,17.94,2,1,1,4,Hibernating,1,3,Lost,Minimal spend — low re-engagement ROI
12928,36,12,4304.89,94,1.93,514,358.74,0.0233,45.8,4,5,5,14,Champion,0,0,Champions,"Reward with loyalty perks, ask for reviews"
12929,312,1,117.85,8,7.12,0,117.85,1.0,14.73,2,1,1,4,Hibernating,1,3,Lost,Minimal spend — low re-engagement ROI
12930,79,2,415.8,20,2.99,93,207.9,0.0213,20.79,3,2,2,7,At Risk,0,1,At Risk,"Send win-back campaigns, offer discounts"
12931,22,57,92347.34,37,1.97,717,1620.13,0.0794,2495.87,4,5,5,14,Champion,0,0,Champions,"Reward with loyalty perks, ask for reviews"
12932,540,8,1698.56,69,2.08,128,212.32,0.062,24.62,1,4,4,9,At Risk,1,3,Lost,Minimal spend — low re-engagement ROI
12933,25,8,1687.03,227,3.17,704,210.88,0.0113,7.43,4,4,4,12,Loyal,0,2,Loyal Customers,"Upsell premium products, increase frequency"
12934,737,1,181.65,2,41.67,0,181.65,1.0,90.82,1,1,1,3,Lost,1,3,Lost,Minimal spend — low re-engagement ROI
12935,3,15,4243.86,113,2.6,605,282.92,0.0248,37.56,5,5,5,15,Champion,0,0,Champions,"Reward with loyalty perks, ask for reviews"
12936,18,4,1063.9,56,2.03,61,265.98,0.0645,19.0,5,3,3,11,Loyal,0,2,Loyal Customers,"Upsell premium products, increase frequency"
12937,16,9,3097.61,128,2.36,720,344.18,0.0125,24.2,5,5,5,15,Champion,0,2,Loyal Customers,"Upsell premium products, increase frequency"
12938,26,1,114.14,9,1.27,0,114.14,1.0,12.68,4,1,1,6,Hibernating,0,1,At Risk,"Send win-back campaigns, offer discounts"
12939,65,20,25264.8,24,2.6,632,1263.24,0.0316,1052.7,3,5,5,13,Champion,0,0,Champions,"Reward with loyalty perks, ask for reviews"
12940,55,2,913.54,87,3.82,33,456.77,0.0588,10.5,4,2,3,9,At Risk,0,1,At Risk,"Send win-back campaigns, offer discounts"
12941,725,1,377.49,27,1.65,0,377.49,1.0,13.98,1,1,2,4,Hibernating,1,3,Lost,Minimal spend — low re-engagement ROI
12942,132,3,942.65,68,4.37,234,314.22,0.0128,13.86,3,3,3,9,At Risk,1,2,Loyal Customers,"Upsell premium products, increase frequency"
12943,559,2,496.5,22,5.11,47,248.25,0.0417,22.57,1,2,2,5,Hibernating,1,3,Lost,Minimal spend — low re-engagement ROI
12944,36,2,604.51,29,3.19,319,302.26,0.0062,20.85,4,2,2,8,At Risk,0,1,At Risk,"Send win-back campaigns, offer discounts"
12945,289,2,900.11,47,3.71,367,450.06,0.0054,19.15,2,2,3,7,At Risk,1,1,At Risk,"Send win-back campaigns, offer discounts"
12946,437,1,324.45,20,3.32,0,324.45,1.0,16.22,1,1,2,4,Hibernating,1,3,Lost,Minimal spend — low re-engagement ROI
12947,144,6,1908.03,83,3.22,229,318.0,0.0261,22.99,3,4,4,11,Loyal,1,2,Loyal Customers,"Upsell premium products, increase frequency"
12948,17,9,2317.43,89,2.84,721,257.49,0.0125,26.04,5,5,4,14,Champion,0,2,Loyal Customers,"Upsell premium products, increase frequency"
12949,31,22,15526.7,347,3.1,705,705.76,0.0312,44.75,4,5,5,14,Champion,0,0,Champions,"Reward with loyalty perks, ask for reviews"
12950,3,3,1843.0,13,1.39,21,614.33,0.1364,141.77,5,3,4,12,Loyal,0,2,Loyal Customers,"Upsell premium products, increase frequency"
12951,9,15,3213.72,110,2.86,689,214.25,0.0217,29.22,5,5,5,15,Champion,0,0,Champions,"Reward with loyalty perks, ask for reviews"
12952,6,4,1387.79,64,4.06,72,346.95,0.0548,21.68,5,3,4,12,Loyal,0,2,Loyal Customers,"Upsell premium products, increase frequency"
12953,10,2,828.81,45,5.07,512,414.4,0.0039,18.42,5,2,3,10,Loyal,0,1,At Risk,"Send win-back campaigns, offer discounts"
12954,639,1,162.45,10,3.12,0,162.45,1.0,16.24,1,1,1,3,Lost,1,3,Lost,Minimal spend — low re-engagement ROI
12955,2,11,4757.16,81,1.69,266,432.47,0.0412,58.73,5,5,5,15,Champion,0,0,Champions,"Reward with loyalty perks, ask for reviews"
12956,307,4,521.89,42,2.98,417,130.47,0.0096,12.43,2,3,2,7,At Risk,1,3,Lost,Minimal spend — low re-engagement ROI
12957,10,13,8706.97,402,3.36,718,669.77,0.0181,21.66,5,5,5,15,Champion,0,0,Champions,"Reward with loyalty perks, ask for reviews"
12958,401,2,539.49,45,4.46,182,269.74,0.0109,11.99,2,2,2,6,Hibernating,1,3,Lost,Minimal spend — low re-engagement ROI
12959,485,1,150.95,8,3.8,0,150.95,1.0,18.87,1,1,1,3,Lost,1,3,Lost,Minimal spend — low re-engagement ROI
12960,414,4,1322.07,49,2.06,247,330.52,0.0161,26.98,1,3,4,8,At Risk,1,3,Lost,Minimal spend — low re-engagement ROI
12961,380,1,211.99,37,1.63,0,211.99,1.0,5.73,2,1,1,4,Hibernating,1,3,Lost,Minimal spend — low re-engagement ROI
12962,8,2,266.39,15,2.99,106,133.2,0.0187,17.76,5,2,1,8,At Risk,0,1,At Risk,"Send win-back campaigns, offer discounts"
12963,9,12,3601.59,129,3.3,510,300.13,0.0235,27.92,5,5,5,15,Champion,0,0,Champions,"Reward with loyalty perks, ask for reviews"
12964,438,1,132.24,26,3.62,0,132.24,1.0,5.09,1,1,1,3,Lost,1,3,Lost,Minimal spend — low re-engagement ROI
12965,90,1,771.91,108,3.66,0,771.91,1.0,7.15,3,1,3,7,At Risk,1,1,At Risk,"Send win-back campaigns, offer discounts"
12966,10,1,160.18,10,3.42,0,160.18,1.0,16.02,5,1,1,7,At Risk,0,1,At Risk,"Send win-back campaigns, offer discounts"
12967,359,3,4306.92,47,5.24,25,1435.64,0.1154,91.64,2,3,5,10,Loyal,1,2,Loyal Customers,"Upsell premium products, increase frequency"
12968,113,1,135.95,5,3.29,0,135.95,1.0,27.19,3,1,1,5,Hibernating,1,1,At Risk,"Send win-back campaigns, offer discounts"
12969,603,1,122.45,5,4.59,0,122.45,1.0,24.49,1,1,1,3,Lost,1,3,Lost,Minimal spend — low re-engagement ROI
12970,8,10,1524.97,280,2.1,728,152.5,0.0137,5.45,5,5,4,14,Champion,0,2,Loyal Customers,"Upsell premium products, increase frequency"
12971,4,116,15972.79,102,2.46,720,137.7,0.1609,156.6,5,5,5,15,Champion,0,0,Champions,"Reward with loyalty perks, ask for reviews"
12972,414,4,1161.2,69,3.22,247,290.3,0.0161,16.83,1,3,3,7,At Risk,1,3,Lost,Minimal spend — low re-engagement ROI
12973,414,1,385.55,6,28.38,0,385.55,1.0,64.26,1,1,2,4,Hibernating,1,3,Lost,Minimal spend — low re-engagement ROI
12974,198,2,408.95,27,5.42,367,204.48,0.0054,15.15,2,2,2,6,Hibernating,1,1,At Risk,"Send win-back campaigns, offer discounts"
12975,437,6,2100.09,92,4.55,296,350.02,0.0202,22.83,1,4,4,9,At Risk,1,2,Loyal Customers,"Upsell premium products, increase frequency"
12976,212,8,3156.38,106,1.54,453,394.55,0.0176,29.78,2,4,5,11,Loyal,1,2,Loyal Customers,"Upsell premium products, increase frequency"
12977,157,4,517.63,54,5.78,355,129.41,0.0112,9.59,3,3,2,8,At Risk,1,1,At Risk,"Send win-back campaigns, offer discounts"
12978,386,5,2502.82,126,2.6,344,500.56,0.0145,19.86,2,4,4,10,Loyal,1,2,Loyal Customers,"Upsell premium products, increase frequency"
12979,730,1,517.7,56,2.35,0,517.7,1.0,9.24,1,1,2,4,Hibernating,1,3,Lost,Minimal spend — low re-engagement ROI
12980,158,21,16245.78,7,15.09,579,773.61,0.0362,2320.83,3,5,5,13,Champion,1,0,Champions,"Reward with loyalty perks, ask for reviews"
12981,30,2,372.22,12,1.62,103,186.11,0.0192,31.02,4,2,2,8,At Risk,0,1,At Risk,"Send win-back campaigns, offer discounts"
12982,243,8,2744.81,139,2.9,363,343.1,0.022,19.75,2,4,4,10,Loyal,1,2,Loyal Customers,"Upsell premium products, increase frequency"
12983,599,1,490.08,30,1.08,0,490.08,1.0,16.34,1,1,2,4,Hibernating,1,3,Lost,Minimal spend — low re-engagement ROI
12984,19,1,97.5,4,3.85,0,97.5,1.0,24.38,5,1,1,7,At Risk,0,1,At Risk,"Send win-back campaigns, offer discounts"
12985,1,2,1239.38,73,1.91,27,619.69,0.0714,16.98,5,2,3,10,Loyal,0,2,Loyal Customers,"Upsell premium products, increase frequency"
12986,429,10,2729.84,61,3.88,259,272.98,0.0385,44.75,1,5,4,10,Loyal,1,2,Loyal Customers,"Upsell premium products, increase frequency"
12987,74,5,1312.21,61,4.94,615,262.44,0.0081,21.51,3,4,4,11,Loyal,0,2,Loyal Customers,"Upsell premium products, increase frequency"
12988,293,1,535.32,75,4.11,0,535.32,1.0,7.14,2,1,2,5,Hibernating,1,1,At Risk,"Send win-back campaigns, offer discounts"
12989,4,33,13551.75,50,3.12,726,410.66,0.0454,271.04,5,5,5,15,Champion,0,0,Champions,"Reward with loyalty perks, ask for reviews"
12990,32,7,955.5,9,2.0,588,136.5,0.0119,106.17,4,4,3,11,Loyal,0,2,Loyal Customers,"Upsell premium products, increase frequency"
12991,24,3,764.82,45,4.04,366,254.94,0.0082,17.0,4,3,3,10,Loyal,0,2,Loyal Customers,"Upsell premium products, increase frequency"
12992,726,1,93.35,6,4.55,0,93.35,1.0,15.56,1,1,1,3,Lost,1,3,Lost,Minimal spend — low re-engagement ROI
12993,24,8,1259.63,57,2.32,636,157.45,0.0126,22.1,4,4,4,12,Loyal,0,2,Loyal Customers,"Upsell premium products, increase frequency"
12994,5,3,974.42,52,4.21,264,324.81,0.0113,18.74,5,3,3,11,Loyal,0,2,Loyal Customers,"Upsell premium products, increase frequency"
12995,86,1,211.32,3,1.96,0,211.32,1.0,70.44,3,1,1,5,Hibernating,0,1,At Risk,"Send win-back campaigns, offer discounts"
12996,376,1,355.5,22,5.73,0,355.5,1.0,16.16,2,1,2,5,Hibernating,1,3,Lost,Minimal spend — low re-engagement ROI
12997,23,8,2110.91,65,2.96,590,263.86,0.0135,32.48,4,4,4,12,Loyal,0,2,Loyal Customers,"Upsell premium products, increase frequency"
12998,493,3,920.08,58,1.59,160,306.69,0.0186,15.86,1,3,3,7,At Risk,1,3,Lost,Minimal spend — low re-engagement ROI
12999,197,3,455.88,25,2.55,49,151.96,0.06,18.24,2,3,2,7,At Risk,1,1,At Risk,"Send win-back campaigns, offer discounts"
13000,107,4,1032.5,57,3.56,618,258.12,0.0065,18.11,3,3,3,9,At Risk,1,2,Loyal Customers,"Upsell premium products, increase frequency"
13001,5,33,24172.1,300,2.48,731,732.49,0.0451,80.57,5,5,5,15,Champion,0,0,Champions,"Reward with loyalty perks, ask for reviews"
13002,319,3,414.13,19,3.14,116,138.04,0.0256,21.8,2,3,2,7,At Risk,1,3,Lost,Minimal spend — low re-engagement ROI
13003,106,3,149.05,4,2.25,109,49.68,0.0273,37.26,3,3,1,7,At Risk,1,1,At Risk,"Send win-back campaigns, offer discounts"
13004,12,36,11650.85,417,2.32,713,323.63,0.0504,27.94,5,5,5,15,Champion,0,0,Champions,"Reward with loyalty perks, ask for reviews"
13005,174,4,999.68,41,4.45,283,249.92,0.0141,24.38,3,3,3,9,At Risk,1,2,Loyal Customers,"Upsell premium products, increase frequency"
13006,57,1,81.57,4,5.3,0,81.57,1.0,20.39,4,1,1,6,Hibernating,0,1,At Risk,"Send win-back campaigns, offer discounts"
13007,580,1,175.25,11,6.0,0,175.25,1.0,15.93,1,1,1,3,Lost,1,3,Lost,Minimal spend — low re-engagement ROI
13008,324,3,612.13,31,2.39,399,204.04,0.0075,19.75,2,3,2,7,At Risk,1,3,Lost,Minimal spend — low re-engagement ROI
13009,673,1,234.0,4,1.95,0,234.0,1.0,58.5,1,1,1,3,Lost,1,3,Lost,Minimal spend — low re-engagement ROI
13010,375,2,330.12,10,1.78,274,165.06,0.0073,33.01,2,2,2,6,Hibernating,1,3,Lost,Minimal spend — low re-engagement ROI
13011,373,1,101.1,3,4.22,0,101.1,1.0,33.7,2,1,1,4,Hibernating,1,3,Lost,Minimal spend — low re-engagement ROI
13012,10,11,2972.83,95,3.07,582,270.26,0.0189,31.29,5,5,5,15,Champion,0,0,Champions,"Reward with loyalty perks, ask for reviews"
13013,2,29,12625.77,289,3.06,724,435.37,0.04,43.69,5,5,5,15,Champion,0,0,Champions,"Reward with loyalty perks, ask for reviews"
13014,11,11,5381.08,140,4.16,422,489.19,0.026,38.44,5,5,5,15,Champion,0,0,Champions,"Reward with loyalty perks, ask for reviews"
13015,54,11,6586.42,260,5.03,549,598.77,0.02,25.33,4,5,5,14,Champion,0,0,Champions,"Reward with loyalty perks, ask for reviews"
13016,74,3,789.89,39,3.17,49,263.3,0.06,20.25,3,3,3,9,At Risk,0,2,Loyal Customers,"Upsell premium products, increase frequency"
13017,8,1,204.0,1,4.25,0,204.0,1.0,204.0,5,1,1,7,At Risk,0,1,At Risk,"Send win-back campaigns, offer discounts"
13018,17,35,9763.16,401,2.72,632,278.95,0.0553,24.35,5,5,5,15,Champion,0,0,Champions,"Reward with loyalty perks, ask for reviews"
13019,380,6,1229.95,46,4.22,353,204.99,0.0169,26.74,2,4,3,9,At Risk,1,2,Loyal Customers,"Upsell premium products, increase frequency"
13020,563,2,618.96,38,3.45,97,309.48,0.0204,16.29,1,2,3,6,Hibernating,1,3,Lost,Minimal spend — low re-engagement ROI
13021,5,17,4887.24,166,3.73,730,287.48,0.0233,29.44,5,5,5,15,Champion,0,0,Champions,"Reward with loyalty perks, ask for reviews"
13022,430,1,65.3,5,5.06,0,65.3,1.0,13.06,1,1,1,3,Lost,1,3,Lost,Minimal spend — low re-engagement ROI
13023,65,3,1449.03,69,5.2,464,483.01,0.0065,21.0,3,3,4,10,Loyal,0,2,Loyal Customers,"Upsell premium products, increase frequency"
13024,471,2,555.87,26,5.25,111,277.94,0.0179,21.38,1,2,2,5,Hibernating,1,3,Lost,Minimal spend — low re-engagement ROI
13025,732,1,323.39,13,2.14,0,323.39,1.0,24.88,1,1,2,4,Hibernating,1,3,Lost,Minimal spend — low re-engagement ROI
13026,2,9,1733.08,52,1.1,725,192.56,0.0124,33.33,5,5,4,14,Champion,0,2,Loyal Customers,"Upsell premium products, increase frequency"
13027,114,19,17335.2,7,0.4,574,912.38,0.033,2476.46,3,5,5,13,Champion,1,0,Champions,"Reward with loyalty perks, ask for reviews"
13028,23,2,661.32,40,1.01,22,330.66,0.087,16.53,4,2,3,9,At Risk,0,1,At Risk,"Send win-back campaigns, offer discounts"
13029,31,5,1927.3,13,8.02,492,385.46,0.0101,148.25,4,4,4,12,Loyal,0,2,Loyal Customers,"Upsell premium products, increase frequency"
13030,12,2,1227.22,76,3.16,356,613.61,0.0056,16.15,5,2,3,10,Loyal,0,2,Loyal Customers,"Upsell premium products, increase frequency"
13031,408,5,3419.27,275,2.46,147,683.85,0.0338,12.43,2,4,5,11,Loyal,1,2,Loyal Customers,"Upsell premium products, increase frequency"
13032,53,9,2843.55,147,3.46,408,315.95,0.022,19.34,4,5,4,13,Champion,0,2,Loyal Customers,"Upsell premium products, increase frequency"
13033,358,2,220.55,12,2.55,72,110.28,0.0274,18.38,2,2,1,5,Hibernating,1,3,Lost,Minimal spend — low re-engagement ROI
13034,55,3,922.68,42,2.51,346,307.56,0.0086,21.97,4,3,3,10,Loyal,0,2,Loyal Customers,"Upsell premium products, increase frequency"
13035,74,3,1364.2,27,1.99,357,454.73,0.0084,50.53,3,3,4,10,Loyal,0,2,Loyal Customers,"Upsell premium products, increase frequency"
13036,685,1,307.1,6,9.66,0,307.1,1.0,51.18,1,1,2,4,Hibernating,1,3,Lost,Minimal spend — low re-engagement ROI
13037,139,12,3914.95,181,3.53,597,326.25,0.0201,21.63,3,5,5,13,Champion,1,0,Champions,"Reward with loyalty perks, ask for reviews"
13038,81,3,908.46,24,2.76,210,302.82,0.0142,37.85,3,3,3,9,At Risk,0,2,Loyal Customers,"Upsell premium products, increase frequency"
13039,585,4,1010.73,37,5.49,138,252.68,0.0288,27.32,1,3,3,7,At Risk,1,3,Lost,Minimal spend — low re-engagement ROI
13040,9,2,676.99,38,2.8,24,338.5,0.08,17.82,5,2,3,10,Loyal,0,1,At Risk,"Send win-back campaigns, offer discounts"
13041,451,4,799.13,23,3.82,139,199.78,0.0286,34.74,1,3,3,7,At Risk,1,3,Lost,Minimal spend — low re-engagement ROI
13042,599,3,1556.54,164,3.18,133,518.85,0.0224,9.49,1,3,4,8,At Risk,1,3,Lost,Minimal spend — low re-engagement ROI
13043,274,1,516.42,13,5.68,0,516.42,1.0,39.72,2,1,2,5,Hibernating,1,1,At Risk,"Send win-back campaigns, offer discounts"
13044,292,11,4853.9,356,3.29,409,441.26,0.0268,13.63,2,5,5,12,Loyal,1,0,Champions,"Reward with loyalty perks, ask for reviews"
13045,100,3,808.92,41,2.95,387,269.64,0.0077,19.73,3,3,3,9,At Risk,1,2,Loyal Customers,"Upsell premium products, increase frequency"
13046,31,3,949.25,50,4.99,425,316.42,0.007,18.98,4,3,3,10,Loyal,0,2,Loyal Customers,"Upsell premium products, increase frequency"
13047,32,24,8795.16,190,4.68,692,366.46,0.0346,46.29,4,5,5,14,Champion,0,0,Champions,"Reward with loyalty perks, ask for reviews"
13048,15,9,4084.21,125,1.91,667,453.8,0.0135,32.67,5,5,5,15,Champion,0,0,Champions,"Reward with loyalty perks, ask for reviews"
13049,65,4,1408.24,19,3.18,336,352.06,0.0119,74.12,3,3,4,10,Loyal,0,2,Loyal Customers,"Upsell premium products, increase frequency"
13050,15,35,12344.53,513,3.03,709,352.7,0.0493,24.06,5,5,5,15,Champion,0,0,Champions,"Reward with loyalty perks, ask for reviews"
13051,579,2,155.8,4,5.36,40,77.9,0.0488,38.95,1,2,1,4,Hibernating,1,3,Lost,Minimal spend — low re-engagement ROI
13052,213,7,3168.53,161,3.62,442,452.65,0.0158,19.68,2,4,5,11,Loyal,1,2,Loyal Customers,"Upsell premium products, increase frequency"
13053,622,1,127.65,17,3.1,0,127.65,1.0,7.51,1,1,1,3,Lost,1,3,Lost,Minimal spend — low re-engagement ROI
13055,79,4,2321.11,145,2.27,351,580.28,0.0114,16.01,3,3,4,10,Loyal,0,2,Loyal Customers,"Upsell premium products, increase frequency"
13056,552,1,209.48,18,4.78,0,209.48,1.0,11.64,1,1,1,3,Lost,1,3,Lost,Minimal spend — low re-engagement ROI
13057,531,3,722.09,34,1.98,101,240.7,0.0294,21.24,1,3,3,7,At Risk,1,3,Lost,Minimal spend — low re-engagement ROI
13058,25,3,271.4,5,5.83,127,90.47,0.0234,54.28,4,3,1,8,At Risk,0,1,At Risk,"Send win-back campaigns, offer discounts"
13059,250,10,2303.17,155,4.39,368,230.32,0.0271,14.86,2,5,4,11,Loyal,1,2,Loyal Customers,"Upsell premium products, increase frequency"
13060,254,1,307.53,15,3.98,0,307.53,1.0,20.5,2,1,2,5,Hibernating,1,1,At Risk,"Send win-back campaigns, offer discounts"
13061,73,1,248.61,10,3.4,0,248.61,1.0,24.86,3,1,1,5,Hibernating,0,1,At Risk,"Send win-back campaigns, offer discounts"
13062,192,1,346.98,11,6.82,0,346.98,1.0,31.54,2,1,2,5,Hibernating,1,1,At Risk,"Send win-back campaigns, offer discounts"
13063,481,1,188.4,12,2.29,0,188.4,1.0,15.7,1,1,1,3,Lost,1,3,Lost,Minimal spend — low re-engagement ROI
13064,13,6,1680.74,58,4.88,579,280.12,0.0103,28.98,5,4,4,13,Champion,0,2,Loyal Customers,"Upsell premium products, increase frequency"
13065,374,5,1260.91,49,4.44,174,252.18,0.0286,25.73,2,4,4,10,Loyal,1,2,Loyal Customers,"Upsell premium products, increase frequency"
13066,25,2,470.8,48,3.17,7,235.4,0.25,9.81,4,2,2,8,At Risk,0,1,At Risk,"Send win-back campaigns, offer discounts"
13067,83,3,508.51,24,4.57,363,169.5,0.0082,21.19,3,3,2,8,At Risk,0,1,At Risk,"Send win-back campaigns, offer discounts"
13068,11,2,344.0,1,1.72,309,172.0,0.0065,344.0,5,2,2,9,At Risk,0,1,At Risk,"Send win-back campaigns, offer discounts"
13069,1,38,9683.13,573,1.87,542,254.82,0.07,16.9,5,5,5,15,Champion,0,0,Champions,"Reward with loyalty perks, ask for reviews"
13070,193,4,751.7,12,2.05,539,187.92,0.0074,62.64,2,3,3,8,At Risk,1,2,Loyal Customers,"Upsell premium products, increase frequency"
13071,613,1,129.22,12,4.11,0,129.22,1.0,10.77,1,1,1,3,Lost,1,3,Lost,Minimal spend — low re-engagement ROI
13072,267,1,177.15,7,3.35,0,177.15,1.0,25.31,2,1,1,4,Hibernating,1,1,At Risk,"Send win-back campaigns, offer discounts"
13073,412,2,418.08,25,3.55,26,209.04,0.0741,16.72,1,2,2,5,Hibernating,1,3,Lost,Minimal spend — low re-engagement ROI
13074,512,4,1378.74,26,3.96,212,344.68,0.0188,53.03,1,3,4,8,At Risk,1,3,Lost,Minimal spend — low re-engagement ROI
13075,130,1,919.61,22,2.04,0,919.61,1.0,41.8,3,1,3,7,At Risk,1,1,At Risk,"Send win-back campaigns, offer discounts"
13076,458,1,135.4,9,3.98,0,135.4,1.0,15.04,1,1,1,3,Lost,1,3,Lost,Minimal spend — low re-engagement ROI
13077,2,11,3064.67,208,2.02,727,278.61,0.0151,14.73,5,5,5,15,Champion,0,0,Champions,"Reward with loyalty perks, ask for reviews"
13078,4,57,29532.45,153,3.89,735,518.11,0.0774,193.02,5,5,5,15,Champion,0,0,Champions,"Reward with loyalty perks, ask for reviews"
13079,5,6,419.18,11,3.1,413,69.86,0.0145,38.11,5,4,2,11,Loyal,0,2,Loyal Customers,"Upsell premium products, increase frequency"
13080,180,4,280.73,17,2.7,430,70.18,0.0093,16.51,3,3,1,7,At Risk,1,1,At Risk,"Send win-back campaigns, offer discounts"
13081,12,28,59205.15,738,2.15,719,2114.47,0.0389,80.22,5,5,5,15,Champion,0,0,Champions,"Reward with loyalty perks, ask for reviews"
13082,127,21,7335.75,99,2.59,591,349.32,0.0355,74.1,3,5,5,13,Champion,1,0,Champions,"Reward with loyalty perks, ask for reviews"
13083,5,3,395.43,19,2.9,421,131.81,0.0071,20.81,5,3,2,10,Loyal,0,1,At Risk,"Send win-back campaigns, offer discounts"
13084,492,1,122.4,2,0.85,0,122.4,1.0,61.2,1,1,1,3,Lost,1,3,Lost,Minimal spend — low re-engagement ROI
13085,158,8,2433.28,50,3.56,581,304.16,0.0137,48.67,3,4,4,11,Loyal,1,2,Loyal Customers,"Upsell premium products, increase frequency"
13086,383,1,439.33,47,3.93,0,439.33,1.0,9.35,2,1,2,5,Hibernating,1,3,Lost,Minimal spend — low re-engagement ROI
13087,727,1,313.64,15,5.72,0,313.64,1.0,20.91,1,1,2,4,Hibernating,1,3,Lost,Minimal spend — low re-engagement ROI
13088,418,1,236.11,19,4.16,0,236.11,1.0,12.43,1,1,1,3,Lost,1,3,Lost,Minimal spend — low re-engagement ROI
13089,3,203,116737.86,857,2.7,734,575.06,0.2762,136.22,5,5,5,15,Champion,0,0,Champions,"Reward with loyalty perks, ask for reviews"
13090,9,24,14103.09,163,4.58,485,587.63,0.0494,86.52,5,5,5,15,Champion,0,0,Champions,"Reward with loyalty perks, ask for reviews"
13091,29,3,2321.82,41,28.2,701,773.94,0.0043,56.63,4,3,4,11,Loyal,0,2,Loyal Customers,"Upsell premium products, increase frequency"
13092,71,12,2140.28,52,5.24,597,178.36,0.0201,41.16,3,5,4,12,Loyal,0,2,Loyal Customers,"Upsell premium products, increase frequency"
13093,276,55,54943.65,199,2.87,460,998.98,0.1193,276.1,2,5,5,12,Loyal,1,0,Champions,"Reward with loyalty perks, ask for reviews"
13094,22,13,2433.12,5,1.36,367,187.16,0.0353,486.62,4,5,4,13,Champion,0,0,Champions,"Reward with loyalty perks, ask for reviews"
13095,71,1,74.4,6,0.69,0,74.4,1.0,12.4,3,1,1,5,Hibernating,0,1,At Risk,"Send win-back campaigns, offer discounts"
13096,395,1,419.7,1,69.95,0,419.7,1.0,419.7,2,1,2,5,Hibernating,1,3,Lost,Minimal spend — low re-engagement ROI
13097,33,28,13389.22,390,4.26,705,478.19,0.0397,34.33,4,5,5,14,Champion,0,0,Champions,"Reward with loyalty perks, ask for reviews"
13098,2,28,28882.44,156,2.76,316,1031.52,0.0883,185.14,5,5,5,15,Champion,0,0,Champions,"Reward with loyalty perks, ask for reviews"
13099,100,1,207.36,1,0.72,0,207.36,1.0,207.36,3,1,1,5,Hibernating,1,1,At Risk,"Send win-back campaigns, offer discounts"
13101,235,4,695.4,48,2.58,446,173.85,0.0089,14.49,2,3,3,8,At Risk,1,2,Loyal Customers,"Upsell premium products, increase frequency"
13102,2,37,11696.92,212,3.02,580,316.13,0.0637,55.17,5,5,5,15,Champion,0,0,Champions,"Reward with loyalty perks, ask for reviews"
13103,40,3,709.64,27,2.3,537,236.55,0.0056,26.28,4,3,3,10,Loyal,0,1,At Risk,"Send win-back campaigns, offer discounts"
13104,4,9,1709.1,15,2.18,649,189.9,0.0138,113.94,5,5,4,14,Champion,0,2,Loyal Customers,"Upsell premium products, increase frequency"
13105,437,1,72.0,1,0.72,0,72.0,1.0,72.0,1,1,1,3,Lost,1,3,Lost,Minimal spend — low re-engagement ROI
13106,134,2,603.46,15,13.29,280,301.73,0.0071,40.23,3,2,2,7,At Risk,1,1,At Risk,"Send win-back campaigns, offer discounts"
13107,45,9,5253.07,142,1.88,629,583.67,0.0143,36.99,4,5,5,14,Champion,0,0,Champions,"Reward with loyalty perks, ask for reviews"
13108,373,2,1098.52,27,1.49,62,549.26,0.0317,40.69,2,2,3,7,At Risk,1,3,Lost,Minimal spend — low re-engagement ROI
13109,60,3,1134.03,57,2.81,491,378.01,0.0061,19.9,3,3,3,9,At Risk,0,2,Loyal Customers,"Upsell premium products, increase frequency"
13110,32,12,2957.47,167,4.81,707,246.46,0.0169,17.71,4,5,4,13,Champion,0,0,Champions,"Reward with loyalty perks, ask for reviews"
13111,719,1,321.88,12,1.97,0,321.88,1.0,26.82,1,1,2,4,Hibernating,1,3,Lost,Minimal spend — low re-engagement ROI
13112,542,1,20.6,2,1.48,0,20.6,1.0,10.3,1,1,1,3,Lost,1,3,Lost,Minimal spend — low re-engagement ROI
13113,1,37,18625.73,166,3.7,620,503.4,0.0596,112.2,5,5,5,15,Champion,0,0,Champions,"Reward with loyalty perks, ask for reviews"
13114,731,1,234.38,16,5.6,0,234.38,1.0,14.65,1,1,1,3,Lost,1,3,Lost,Minimal spend — low re-engagement ROI
13115,12,10,5494.7,178,2.53,587,549.47,0.017,30.87,5,5,5,15,Champion,0,0,Champions,"Reward with loyalty perks, ask for reviews"
13116,139,1,501.14,30,4.52,0,501.14,1.0,16.7,3,1,2,6,Hibernating,1,1,At Risk,"Send win-back campaigns, offer discounts"
13117,22,18,2643.81,122,2.63,601,146.88,0.0299,21.67,4,5,4,13,Champion,0,0,Champions,"Reward with loyalty perks, ask for reviews"
13118,20,9,2415.41,111,4.32,419,268.38,0.0214,21.76,5,5,4,14,Champion,0,2,Loyal Customers,"Upsell premium products, increase frequency"
13119,669,1,134.9,11,1.51,0,134.9,1.0,12.26,1,1,1,3,Lost,1,3,Lost,Minimal spend — low re-engagement ROI
13120,239,1,30.6,1,2.55,0,30.6,1.0,30.6,2,1,1,4,Hibernating,1,1,At Risk,"Send win-back campaigns, offer discounts"
13121,270,1,283.73,50,1.69,0,283.73,1.0,5.67,2,1,1,4,Hibernating,1,1,At Risk,"Send win-back campaigns, offer discounts"
13122,95,2,922.39,54,2.64,146,461.2,0.0136,17.08,3,2,3,8,At Risk,1,1,At Risk,"Send win-back campaigns, offer discounts"
13123,473,2,506.75,36,3.21,56,253.38,0.0351,14.08,1,2,2,5,Hibernating,1,3,Lost,Minimal spend — low re-engagement ROI
13124,90,4,4782.45,216,3.19,295,1195.61,0.0135,22.14,3,3,5,11,Loyal,1,2,Loyal Customers,"Upsell premium products, increase frequency"
13125,524,1,158.57,20,4.81,0,158.57,1.0,7.93,1,1,1,3,Lost,1,3,Lost,Minimal spend — low re-engagement ROI
13126,5,13,3998.25,183,2.28,642,307.56,0.0202,21.85,5,5,5,15,Champion,0,0,Champions,"Reward with loyalty perks, ask for reviews"
13127,78,1,259.17,15,2.89,0,259.17,1.0,17.28,3,1,1,5,Hibernating,0,1,At Risk,"Send win-back campaigns, offer discounts"
13128,632,1,263.5,1,8.5,0,263.5,1.0,263.5,1,1,1,3,Lost,1,3,Lost,Minimal spend — low re-engagement ROI
13129,453,2,233.25,10,1.86,77,116.62,0.0256,23.32,1,2,1,4,Hibernating,1,3,Lost,Minimal spend — low re-engagement ROI
13130,95,1,64.0,2,2.25,0,64.0,1.0,32.0,3,1,1,5,Hibernating,1,1,At Risk,"Send win-back campaigns, offer discounts"
13131,24,7,3313.77,107,3.15,645,473.4,0.0108,30.97,4,4,5,13,Champion,0,2,Loyal Customers,"Upsell premium products, increase frequency"
13132,262,1,77.3,3,4.93,0,77.3,1.0,25.77,2,1,1,4,Hibernating,1,1,At Risk,"Send win-back campaigns, offer discounts"
13133,274,3,200.45,12,5.23,185,66.82,0.0161,16.7,2,3,1,6,Hibernating,1,1,At Risk,"Send win-back campaigns, offer discounts"
13134,86,6,2475.23,110,3.32,330,412.54,0.0181,22.5,3,4,4,11,Loyal,0,2,Loyal Customers,"Upsell premium products, increase frequency"
13135,197,2,3371.45,18,4.11,294,1685.72,0.0068,187.3,2,2,5,9,At Risk,1,2,Loyal Customers,"Upsell premium products, increase frequency"
13136,57,13,6274.56,204,2.9,674,482.66,0.0193,30.76,4,5,5,14,Champion,0,0,Champions,"Reward with loyalty perks, ask for reviews"
13137,11,16,7712.7,628,2.23,491,482.04,0.0325,12.28,5,5,5,15,Champion,0,0,Champions,"Reward with loyalty perks, ask for reviews"
13138,23,7,1467.24,41,3.05,374,209.61,0.0187,35.79,4,4,4,12,Loyal,0,2,Loyal Customers,"Upsell premium products, increase frequency"
13139,17,8,8202.98,214,3.16,421,1025.37,0.019,38.33,5,4,5,14,Champion,0,0,Champions,"Reward with loyalty perks, ask for reviews"
13140,109,5,1215.68,89,3.27,382,243.14,0.0131,13.66,3,4,3,10,Loyal,1,2,Loyal Customers,"Upsell premium products, increase frequency"
13141,85,17,7668.58,285,2.25,645,451.09,0.0263,26.91,3,5,5,13,Champion,0,0,Champions,"Reward with loyalty perks, ask for reviews"
13142,20,1,307.09,23,3.0,0,307.09,1.0,13.35,5,1,2,8,At Risk,0,1,At Risk,"Send win-back campaigns, offer discounts"
13143,585,1,405.1,23,2.73,0,405.1,1.0,17.61,1,1,2,4,Hibernating,1,3,Lost,Minimal spend — low re-engagement ROI
13144,333,2,135.35,6,4.65,98,67.68,0.0202,22.56,2,2,1,5,Hibernating,1,3,Lost,Minimal spend — low re-engagement ROI
13145,40,7,1423.52,5,61.8,560,203.36,0.0125,284.7,4,4,4,12,Loyal,0,2,Loyal Customers,"Upsell premium products, increase frequency"
13146,27,1,228.91,16,2.03,0,228.91,1.0,14.31,4,1,1,6,Hibernating,0,1,At Risk,"Send win-back campaigns, offer discounts"
13147,11,4,712.8,1,4.95,89,178.2,0.0444,712.8,5,3,3,11,Loyal,0,2,Loyal Customers,"Upsell premium products, increase frequency"
13148,30,26,8621.81,451,3.49,702,331.61,0.037,19.12,4,5,5,14,Champion,0,0,Champions,"Reward with loyalty perks, ask for reviews"
13149,15,4,1676.06,76,2.88,274,419.02,0.0145,22.05,5,3,4,12,Loyal,0,2,Loyal Customers,"Upsell premium products, increase frequency"
13150,485,3,449.97,7,6.93,146,149.99,0.0204,64.28,1,3,2,6,Hibernating,1,3,Lost,Minimal spend — low re-engagement ROI
13151,296,3,2580.74,131,5.16,332,860.25,0.009,19.7,2,3,4,9,At Risk,1,2,Loyal Customers,"Upsell premium products, increase frequency"
13152,418,7,2146.38,114,4.02,277,306.63,0.0252,18.83,1,4,4,9,At Risk,1,2,Loyal Customers,"Upsell premium products, increase frequency"
13153,6,1,486.22,15,1.28,0,486.22,1.0,32.41,5,1,2,8,At Risk,0,1,At Risk,"Send win-back campaigns, offer discounts"
13154,400,3,1624.84,78,3.25,336,541.61,0.0089,20.83,2,3,4,9,At Risk,1,3,Lost,Minimal spend — low re-engagement ROI
13155,34,6,1750.18,79,2.8,458,291.7,0.0131,22.15,4,4,4,12,Loyal,0,2,Loyal Customers,"Upsell premium products, increase frequency"
13156,386,3,1586.54,94,3.32,290,528.85,0.0103,16.88,2,3,4,9,At Risk,1,3,Lost,Minimal spend — low re-engagement ROI
13157,50,9,5687.36,173,1.85,592,631.93,0.0152,32.87,4,5,5,14,Champion,0,0,Champions,"Reward with loyalty perks, ask for reviews"
13158,95,5,1508.18,70,2.03,293,301.64,0.017,21.55,3,4,4,11,Loyal,1,2,Loyal Customers,"Upsell premium products, increase frequency"
13159,9,4,1437.85,114,2.73,106,359.46,0.0374,12.61,5,3,4,12,Loyal,0,2,Loyal Customers,"Upsell premium products, increase frequency"
13160,23,1,91.8,4,3.03,0,91.8,1.0,22.95,4,1,1,6,Hibernating,0,1,At Risk,"Send win-back campaigns, offer discounts"
13161,314,2,478.88,30,5.59,187,239.44,0.0106,15.96,2,2,2,6,Hibernating,1,3,Lost,Minimal spend — low re-engagement ROI
13162,123,16,9275.49,186,2.28,613,579.72,0.0261,49.87,3,5,5,13,Champion,1,0,Champions,"Reward with loyalty perks, ask for reviews"
13163,611,1,17.65,2,5.35,0,17.65,1.0,8.82,1,1,1,3,Lost,1,3,Lost,Minimal spend — low re-engagement ROI
13164,570,2,372.2,7,5.17,98,186.1,0.0202,53.17,1,2,2,5,Hibernating,1,3,Lost,Minimal spend — low re-engagement ROI
13165,47,3,1451.16,47,0.83,366,483.72,0.0082,30.88,4,3,4,11,Loyal,0,2,Loyal Customers,"Upsell premium products, increase frequency"
13166,284,2,884.18,55,2.57,131,442.09,0.0152,16.08,2,2,3,7,At Risk,1,1,At Risk,"Send win-back campaigns, offer discounts"
13167,19,5,1125.15,64,2.91,371,225.03,0.0134,17.58,5,4,3,12,Loyal,0,2,Loyal Customers,"Upsell premium products, increase frequency"
13168,37,5,1875.31,127,3.26,505,375.06,0.0099,14.77,4,4,4,12,Loyal,0,2,Loyal Customers,"Upsell premium products, increase frequency"
13169,64,3,840.08,16,4.33,498,280.03,0.006,52.5,3,3,3,9,At Risk,0,2,Loyal Customers,"Upsell premium products, increase frequency"
13170,27,1,116.01,29,1.55,0,116.01,1.0,4.0,4,1,1,6,Hibernating,0,1,At Risk,"Send win-back campaigns, offer discounts"
13171,22,3,468.41,37,4.04,277,156.14,0.0108,12.66,4,3,2,9,At Risk,0,1,At Risk,"Send win-back campaigns, offer discounts"
13172,401,1,69.6,1,1.45,0,69.6,1.0,69.6,2,1,1,4,Hibernating,1,3,Lost,Minimal spend — low re-engagement ROI
13173,5,11,2639.35,160,3.0,725,239.94,0.0152,16.5,5,5,4,14,Champion,0,0,Champions,"Reward with loyalty perks, ask for reviews"
13174,17,12,9494.84,602,3.32,718,791.24,0.0167,15.77,5,5,5,15,Champion,0,0,Champions,"Reward with loyalty perks, ask for reviews"
13175,583,2,831.45,40,4.04,153,415.72,0.013,20.79,1,2,3,6,Hibernating,1,3,Lost,Minimal spend — low re-engagement ROI
13176,47,1,492.84,66,2.78,0,492.84,1.0,7.47,4,1,2,7,At Risk,0,1,At Risk,"Send win-back campaigns, offer discounts"
13177,65,2,512.2,23,3.31,365,256.1,0.0055,22.27,3,2,2,7,At Risk,0,1,At Risk,"Send win-back campaigns, offer discounts"
13178,27,21,14059.19,194,1.96,697,669.49,0.0301,72.47,4,5,5,14,Champion,0,0,Champions,"Reward with loyalty perks, ask for reviews"
13179,619,1,572.31,34,2.08,0,572.31,1.0,16.83,1,1,2,4,Hibernating,1,3,Lost,Minimal spend — low re-engagement ROI
13180,608,1,86.1,4,3.76,0,86.1,1.0,21.52,1,1,1,3,Lost,1,3,Lost,Minimal spend — low re-engagement ROI
13181,382,1,359.69,19,2.79,0,359.69,1.0,18.93,2,1,2,5,Hibernating,1,3,Lost,Minimal spend — low re-engagement ROI
13182,46,1,121.18,11,0.69,0,121.18,1.0,11.02,4,1,1,6,Hibernating,0,1,At Risk,"Send win-back campaigns, offer discounts"
13183,8,15,7036.18,64,1.88,627,469.08,0.0239,109.94,5,5,5,15,Champion,0,0,Champions,"Reward with loyalty perks, ask for reviews"
13184,15,10,1701.29,138,1.84,275,170.13,0.0362,12.33,5,5,4,14,Champion,0,2,Loyal Customers,"Upsell premium products, increase frequency"
13185,268,1,71.4,1,5.95,0,71.4,1.0,71.4,2,1,1,4,Hibernating,1,1,At Risk,"Send win-back campaigns, offer discounts"
13186,40,3,1575.89,69,3.25,89,525.3,0.0333,22.84,4,3,4,11,Loyal,0,2,Loyal Customers,"Upsell premium products, increase frequency"
13187,338,4,367.01,51,2.48,287,91.75,0.0139,7.2,2,3,2,7,At Risk,1,3,Lost,Minimal spend — low re-engagement ROI
13188,12,1,114.6,2,9.58,0,114.6,1.0,57.3,5,1,1,7,At Risk,0,1,At Risk,"Send win-back campaigns, offer discounts"
13189,19,2,260.68,29,0.39,96,130.34,0.0206,8.99,5,2,1,8,At Risk,0,1,At Risk,"Send win-back campaigns, offer discounts"
13190,545,3,570.66,16,4.14,188,190.22,0.0159,35.67,1,3,2,6,Hibernating,1,3,Lost,Minimal spend — low re-engagement ROI
13191,659,1,164.69,58,1.88,0,164.69,1.0,2.84,1,1,1,3,Lost,1,3,Lost,Minimal spend — low re-engagement ROI
13192,96,6,2558.58,135,2.96,591,426.43,0.0101,18.95,3,4,4,11,Loyal,1,2,Loyal Customers,"Upsell premium products, increase frequency"
13193,62,1,117.88,22,2.87,0,117.88,1.0,5.36,3,1,1,5,Hibernating,0,1,At Risk,"Send win-back campaigns, offer discounts"
13194,136,2,472.78,10,2.55,285,236.39,0.007,47.28,3,2,2,7,At Risk,1,1,At Risk,"Send win-back campaigns, offer discounts"
13195,415,1,172.38,43,2.25,0,172.38,1.0,4.01,1,1,1,3,Lost,1,3,Lost,Minimal spend — low re-engagement ROI
13196,12,7,3068.84,141,2.8,606,438.41,0.0115,21.76,5,4,5,14,Champion,0,2,Loyal Customers,"Upsell premium products, increase frequency"
13197,610,1,373.01,19,4.59,0,373.01,1.0,19.63,1,1,2,4,Hibernating,1,3,Lost,Minimal spend — low re-engagement ROI
13198,11,8,4974.23,265,2.72,424,621.78,0.0188,18.77,5,4,5,14,Champion,0,0,Champions,"Reward with loyalty perks, ask for reviews"
13199,4,67,16432.89,61,2.45,731,245.27,0.0915,269.39,5,5,5,15,Champion,0,0,Champions,"Reward with loyalty perks, ask for reviews"
13200,20,4,870.09,42,3.38,107,217.52,0.037,20.72,5,3,3,11,Loyal,0,2,Loyal Customers,"Upsell premium products, increase frequency"
13201,503,4,1240.61,65,2.24,140,310.15,0.0284,19.09,1,3,3,7,At Risk,1,3,Lost,Minimal spend — low re-engagement ROI
13202,395,7,1580.3,55,4.97,336,225.76,0.0208,28.73,2,4,4,10,Loyal,1,2,Loyal Customers,"Upsell premium products, increase frequency"
13203,10,10,2648.25,158,1.91,712,264.82,0.014,16.76,5,5,4,14,Champion,0,2,Loyal Customers,"Upsell premium products, increase frequency"
13204,732,1,966.66,57,4.16,0,966.66,1.0,16.96,1,1,3,5,Hibernating,1,3,Lost,Minimal spend — low re-engagement ROI
13205,444,1,2803.2,1,10.95,0,2803.2,1.0,2803.2,1,1,4,6,Hibernating,1,3,Lost,Minimal spend — low re-engagement ROI
13206,401,13,8377.32,393,1.97,332,644.41,0.039,21.32,2,5,5,12,Loyal,1,0,Champions,"Reward with loyalty perks, ask for reviews"
13207,16,4,535.86,10,3.7,596,133.96,0.0067,53.59,5,3,2,10,Loyal,0,2,Loyal Customers,"Upsell premium products, increase frequency"
13208,59,9,1988.5,198,2.54,677,220.94,0.0133,10.04,4,5,4,13,Champion,0,2,Loyal Customers,"Upsell premium products, increase frequency"
13209,31,13,8509.51,284,2.41,653,654.58,0.0199,29.96,4,5,5,14,Champion,0,0,Champions,"Reward with loyalty perks, ask for reviews"
13210,94,1,353.48,22,1.51,0,353.48,1.0,16.07,3,1,2,6,Hibernating,1,1,At Risk,"Send win-back campaigns, offer discounts"
13211,11,10,2729.32,98,1.55,722,272.93,0.0138,27.85,5,5,4,14,Champion,0,2,Loyal Customers,"Upsell premium products, increase frequency"
13212,20,3,788.08,128,3.75,41,262.69,0.0714,6.16,5,3,3,11,Loyal,0,2,Loyal Customers,"Upsell premium products, increase frequency"
13213,57,11,3851.52,181,2.63,511,350.14,0.0215,21.28,4,5,5,14,Champion,0,0,Champions,"Reward with loyalty perks, ask for reviews"
13214,418,7,3264.23,207,1.91,228,466.32,0.0306,15.77,1,4,5,10,Loyal,1,2,Loyal Customers,"Upsell premium products, increase frequency"
13215,403,1,81.6,1,0.85,0,81.6,1.0,81.6,2,1,1,4,Hibernating,1,3,Lost,Minimal spend — low re-engagement ROI
13216,268,1,333.74,5,1.45,0,333.74,1.0,66.75,2,1,2,5,Hibernating,1,1,At Risk,"Send win-back campaigns, offer discounts"
13217,123,4,666.48,3,2.01,533,166.62,0.0075,222.16,3,3,3,9,At Risk,1,2,Loyal Customers,"Upsell premium products, increase frequency"
13218,128,1,62.64,5,0.93,0,62.64,1.0,12.53,3,1,1,5,Hibernating,1,1,At Risk,"Send win-back campaigns, offer discounts"
13219,619,1,76.23,11,6.93,0,76.23,1.0,6.93,1,1,1,3,Lost,1,3,Lost,Minimal spend — low re-engagement ROI
13220,79,5,1336.09,46,4.24,497,267.22,0.01,29.05,3,4,4,11,Loyal,0,2,Loyal Customers,"Upsell premium products, increase frequency"
13221,241,2,847.41,62,5.01,119,423.7,0.0167,13.67,2,2,3,7,At Risk,1,1,At Risk,"Send win-back campaigns, offer discounts"
13222,578,1,88.5,1,2.95,0,88.5,1.0,88.5,1,1,1,3,Lost,1,3,Lost,Minimal spend — low re-engagement ROI
13223,201,6,969.12,8,1.66,464,161.52,0.0129,121.14,2,4,3,9,At Risk,1,2,Loyal Customers,"Upsell premium products, increase frequency"
13224,61,2,2155.95,101,2.31,91,1077.97,0.0217,21.35,3,2,4,9,At Risk,0,2,Loyal Customers,"Upsell premium products, increase frequency"
13225,4,16,16260.07,60,2.73,719,1016.25,0.0222,271.0,5,5,5,15,Champion,0,0,Champions,"Reward with loyalty perks, ask for reviews"
13226,274,2,312.46,28,2.64,120,156.23,0.0165,11.16,2,2,2,6,Hibernating,1,1,At Risk,"Send win-back campaigns, offer discounts"
13227,202,1,257.7,9,2.6,0,257.7,1.0,28.63,2,1,1,4,Hibernating,1,1,At Risk,"Send win-back campaigns, offer discounts"
13228,82,1,358.0,2,1.79,0,358.0,1.0,179.0,3,1,2,6,Hibernating,0,1,At Risk,"Send win-back campaigns, offer discounts"
13229,226,1,160.95,10,4.06,0,160.95,1.0,16.1,2,1,1,4,Hibernating,1,1,At Risk,"Send win-back campaigns, offer discounts"
13230,5,30,6360.78,653,2.51,626,212.03,0.0478,9.74,5,5,5,15,Champion,0,0,Champions,"Reward with loyalty perks, ask for reviews"
13232,13,7,1357.6,147,3.28,230,193.94,0.0303,9.24,5,4,4,13,Champion,0,2,Loyal Customers,"Upsell premium products, increase frequency"
13233,75,4,1176.46,74,1.42,619,294.12,0.0065,15.9,3,3,3,9,At Risk,0,2,Loyal Customers,"Upsell premium products, increase frequency"
13234,673,2,356.95,56,3.07,59,178.48,0.0333,6.37,1,2,2,5,Hibernating,1,3,Lost,Minimal spend — low re-engagement ROI
13235,213,1,1031.07,53,2.71,0,1031.07,1.0,19.45,2,1,3,6,Hibernating,1,1,At Risk,"Send win-back campaigns, offer discounts"
13236,25,2,744.85,34,4.03,82,372.42,0.0241,21.91,4,2,3,9,At Risk,0,1,At Risk,"Send win-back campaigns, offer discounts"
13237,388,1,643.0,24,5.36,0,643.0,1.0,26.79,2,1,3,6,Hibernating,1,3,Lost,Minimal spend — low re-engagement ROI
13238,18,6,1006.63,24,3.64,573,167.77,0.0105,41.94,5,4,3,12,Loyal,0,2,Loyal Customers,"Upsell premium products, increase frequency"
13239,262,5,1594.69,86,2.8,240,318.94,0.0207,18.54,2,4,4,10,Loyal,1,2,Loyal Customers,"Upsell premium products, increase frequency"
13240,97,8,1738.52,160,2.58,556,217.32,0.0144,10.87,3,4,4,11,Loyal,1,2,Loyal Customers,"Upsell premium products, increase frequency"
13241,412,1,115.58,40,2.55,0,115.58,1.0,2.89,1,1,1,3,Lost,1,3,Lost,Minimal spend — low re-engagement ROI
13242,113,7,699.4,19,2.0,555,99.91,0.0126,36.81,3,4,3,10,Loyal,1,2,Loyal Customers,"Upsell premium products, increase frequency"
13243,204,5,1278.04,165,2.9,428,255.61,0.0117,7.75,2,4,4,10,Loyal,1,2,Loyal Customers,"Upsell premium products, increase frequency"
13244,93,1,121.74,27,3.75,0,121.74,1.0,4.51,3,1,1,5,Hibernating,1,1,At Risk,"Send win-back campaigns, offer discounts"
13245,51,2,989.22,43,4.03,381,494.61,0.0052,23.01,4,2,3,9,At Risk,0,1,At Risk,"Send win-back campaigns, offer discounts"
13246,19,11,3387.43,229,1.67,507,307.95,0.0217,14.79,5,5,5,15,Champion,0,0,Champions,"Reward with loyalty perks, ask for reviews"
13247,18,4,501.12,18,2.11,64,125.28,0.0615,27.84,5,3,2,10,Loyal,0,1,At Risk,"Send win-back campaigns, offer discounts"
13248,125,2,465.68,25,2.69,64,232.84,0.0308,18.63,3,2,2,7,At Risk,1,1,At Risk,"Send win-back campaigns, offer discounts"
13249,93,9,1608.93,21,2.71,592,178.77,0.0152,76.62,3,5,4,12,Loyal,1,2,Loyal Customers,"Upsell premium products, increase frequency"
13250,461,2,256.04,17,2.48,41,128.02,0.0476,15.06,1,2,1,4,Hibernating,1,3,Lost,Minimal spend — low re-engagement ROI
13251,403,1,252.68,25,1.53,0,252.68,1.0,10.11,2,1,1,4,Hibernating,1,3,Lost,Minimal spend — low re-engagement ROI
13252,395,2,399.3,19,4.68,231,199.65,0.0086,21.02,2,2,2,6,Hibernating,1,3,Lost,Minimal spend — low re-engagement ROI
13253,157,4,2951.11,73,1.63,546,737.78,0.0073,40.43,3,3,4,10,Loyal,1,2,Loyal Customers,"Upsell premium products, increase frequency"
13254,377,1,51.41,4,2.52,0,51.41,1.0,12.85,2,1,1,4,Hibernating,1,3,Lost,Minimal spend — low re-engagement ROI
13255,10,3,904.46,26,4.4,502,301.49,0.006,34.79,5,3,3,11,Loyal,0,2,Loyal Customers,"Upsell premium products, increase frequency"
13257,437,1,149.75,7,7.32,0,149.75,1.0,21.39,1,1,1,3,Lost,1,3,Lost,Minimal spend — low re-engagement ROI
13258,12,5,1035.18,29,3.4,388,207.04,0.0129,35.7,5,4,3,12,Loyal,0,2,Loyal Customers,"Upsell premium products, increase frequency"
13259,62,9,1433.38,234,3.1,637,159.26,0.0141,6.13,3,5,4,12,Loyal,0,2,Loyal Customers,"Upsell premium products, increase frequency"
13260,62,1,557.62,8,4.97,0,557.62,1.0,69.7,3,1,2,6,Hibernating,0,1,At Risk,"Send win-back campaigns, offer discounts"
13261,269,2,944.1,8,5.49,17,472.05,0.1111,118.01,2,2,3,7,At Risk,1,1,At Risk,"Send win-back campaigns, offer discounts"
13262,264,3,573.45,48,3.86,337,191.15,0.0089,11.95,2,3,2,7,At Risk,1,1,At Risk,"Send win-back campaigns, offer discounts"
13263,2,39,8704.69,507,2.32,411,223.2,0.0947,17.17,5,5,5,15,Champion,0,0,Champions,"Reward with loyalty perks, ask for reviews"
13264,443,1,722.56,38,3.24,0,722.56,1.0,19.01,1,1,3,5,Hibernating,1,3,Lost,Minimal spend — low re-engagement ROI
13265,54,5,2107.66,66,2.37,220,421.53,0.0226,31.93,4,4,4,12,Loyal,0,2,Loyal Customers,"Upsell premium products, increase frequency"
13266,12,19,6135.04,154,1.8,711,322.9,0.0267,39.84,5,5,5,15,Champion,0,0,Champions,"Reward with loyalty perks, ask for reviews"
13267,3,36,9758.26,152,3.49,729,271.06,0.0493,64.2,5,5,5,15,Champion,0,0,Champions,"Reward with loyalty perks, ask for reviews"
13268,18,11,3214.69,257,1.56,249,292.24,0.044,12.51,5,5,5,15,Champion,0,0,Champions,"Reward with loyalty perks, ask for reviews"
13269,2,28,8891.7,238,2.51,736,317.56,0.038,37.36,5,5,5,15,Champion,0,0,Champions,"Reward with loyalty perks, ask for reviews"
13270,367,1,1180.0,1,2.95,0,1180.0,1.0,1180.0,2,1,3,6,Hibernating,1,3,Lost,Minimal spend — low re-engagement ROI
13271,38,1,217.38,79,1.2,0,217.38,1.0,2.75,4,1,1,6,Hibernating,0,1,At Risk,"Send win-back campaigns, offer discounts"
13272,32,2,276.56,15,5.34,58,138.28,0.0339,18.44,4,2,1,7,At Risk,0,1,At Risk,"Send win-back campaigns, offer discounts"
13273,114,1,138.98,16,1.3,0,138.98,1.0,8.69,3,1,1,5,Hibernating,1,1,At Risk,"Send win-back campaigns, offer discounts"
13274,410,1,360.85,19,3.76,0,360.85,1.0,18.99,2,1,2,5,Hibernating,1,3,Lost,Minimal spend — low re-engagement ROI
13275,384,2,241.66,48,2.11,248,120.83,0.008,5.03,2,2,1,5,Hibernating,1,3,Lost,Minimal spend — low re-engagement ROI
13276,64,5,1939.26,209,3.48,578,387.85,0.0086,9.28,3,4,4,11,Loyal,0,2,Loyal Customers,"Upsell premium products, increase frequency"
13277,16,7,523.3,10,1.33,524,74.76,0.0133,52.33,5,4,2,11,Loyal,0,2,Loyal Customers,"Upsell premium products, increase frequency"
13278,41,4,1435.85,80,1.91,569,358.96,0.007,17.95,4,3,4,11,Loyal,0,2,Loyal Customers,"Upsell premium products, increase frequency"
13279,79,1,137.75,9,2.6,0,137.75,1.0,15.31,3,1,1,5,Hibernating,0,1,At Risk,"Send win-back campaigns, offer discounts"
13280,123,7,2322.63,159,3.01,522,331.8,0.0134,14.61,3,4,4,11,Loyal,1,2,Loyal Customers,"Upsell premium products, increase frequency"
13281,440,1,350.85,22,2.44,0,350.85,1.0,15.95,1,1,2,4,Hibernating,1,3,Lost,Minimal spend — low re-engagement ROI
13282,19,4,1313.19,42,4.17,388,328.3,0.0103,31.27,5,3,4,12,Loyal,0,2,Loyal Customers,"Upsell premium products, increase frequency"
13283,60,4,373.36,19,2.5,580,93.34,0.0069,19.65,3,3,2,8,At Risk,0,1,At Risk,"Send win-back campaigns, offer discounts"
13284,331,1,201.19,13,4.4,0,201.19,1.0,15.48,2,1,1,4,Hibernating,1,3,Lost,Minimal spend — low re-engagement ROI
13285,24,6,3364.59,182,2.33,600,560.76,0.01,18.49,4,4,5,13,Champion,0,2,Loyal Customers,"Upsell premium products, increase frequency"
13286,601,1,734.91,46,4.14,0,734.91,1.0,15.98,1,1,3,5,Hibernating,1,3,Lost,Minimal spend — low re-engagement ROI
13287,604,3,781.59,46,3.05,101,260.53,0.0294,16.99,1,3,3,7,At Risk,1,3,Lost,Minimal spend — low re-engagement ROI
13288,444,5,927.61,7,4.79,223,185.52,0.0223,132.52,1,4,3,8,At Risk,1,3,Lost,Minimal spend — low re-engagement ROI
13289,724,1,307.95,16,4.39,0,307.95,1.0,19.25,1,1,2,4,Hibernating,1,3,Lost,Minimal spend — low re-engagement ROI
13290,439,1,208.63,1,208.63,0,208.63,1.0,208.63,1,1,1,3,Lost,1,3,Lost,Minimal spend — low re-engagement ROI
13291,156,11,3320.84,155,3.27,510,301.89,0.0215,21.42,3,5,5,13,Champion,1,0,Champions,"Reward with loyalty perks, ask for reviews"
13292,39,5,994.51,55,4.22,487,198.9,0.0102,18.08,4,4,3,11,Loyal,0,2,Loyal Customers,"Upsell premium products, increase frequency"
13293,393,6,1192.94,51,3.38,276,198.82,0.0217,23.39,2,4,3,9,At Risk,1,2,Loyal Customers,"Upsell premium products, increase frequency"
13294,190,3,1689.53,93,3.55,456,563.18,0.0066,18.17,3,3,4,10,Loyal,1,2,Loyal Customers,"Upsell premium products, increase frequency"
13295,360,4,1101.97,56,2.37,217,275.49,0.0183,19.68,2,3,3,8,At Risk,1,2,Loyal Customers,"Upsell premium products, increase frequency"
13296,138,6,792.51,50,1.87,439,132.08,0.0136,15.85,3,4,3,10,Loyal,1,2,Loyal Customers,"Upsell premium products, increase frequency"
13297,8,7,4368.62,108,2.76,534,624.09,0.0131,40.45,5,4,5,14,Champion,0,2,Loyal Customers,"Upsell premium products, increase frequency"
13298,2,1,360.0,2,3.75,0,360.0,1.0,180.0,5,1,2,8,At Risk,0,1,At Risk,"Send win-back campaigns, offer discounts"
13299,269,3,1218.7,56,4.67,260,406.23,0.0115,21.76,2,3,3,8,At Risk,1,2,Loyal Customers,"Upsell premium products, increase frequency"
13300,170,3,1285.51,44,4.03,404,428.5,0.0074,29.22,3,3,4,10,Loyal,1,2,Loyal Customers,"Upsell premium products, increase frequency"
13301,104,4,618.09,75,2.64,188,154.52,0.0212,8.24,3,3,2,8,At Risk,1,2,Loyal Customers,"Upsell premium products, increase frequency"
13302,156,2,159.2,3,14.82,371,79.6,0.0054,53.07,3,2,1,6,Hibernating,1,1,At Risk,"Send win-back campaigns, offer discounts"
13303,401,1,61.72,4,4.39,0,61.72,1.0,15.43,2,1,1,4,Hibernating,1,3,Lost,Minimal spend — low re-engagement ROI
13304,352,4,1217.99,59,3.53,318,304.5,0.0125,20.64,2,3,3,8,At Risk,1,2,Loyal Customers,"Upsell premium products, increase frequency"
13305,5,16,3754.71,153,3.51,635,234.67,0.0252,24.54,5,5,5,15,Champion,0,0,Champions,"Reward with loyalty perks, ask for reviews"
13306,431,1,53.65,4,0.95,0,53.65,1.0,13.41,1,1,1,3,Lost,1,3,Lost,Minimal spend — low re-engagement ROI
13307,121,3,273.34,15,3.24,472,91.11,0.0063,18.22,3,3,1,7,At Risk,1,1,At Risk,"Send win-back campaigns, offer discounts"
13308,23,4,1670.37,65,2.91,574,417.59,0.007,25.7,4,3,4,11,Loyal,0,2,Loyal Customers,"Upsell premium products, increase frequency"
13309,8,6,1706.37,95,1.49,385,284.4,0.0155,17.96,5,4,4,13,Champion,0,2,Loyal Customers,"Upsell premium products, increase frequency"
13310,29,5,1541.2,80,3.25,374,308.24,0.0133,19.26,4,4,4,12,Loyal,0,2,Loyal Customers,"Upsell premium products, increase frequency"
13311,5,2,598.57,25,4.12,145,299.29,0.0137,23.94,5,2,2,9,At Risk,0,1,At Risk,"Send win-back campaigns, offer discounts"
13312,452,1,124.75,5,3.57,0,124.75,1.0,24.95,1,1,1,3,Lost,1,3,Lost,Minimal spend — low re-engagement ROI
13313,23,12,3445.32,105,2.26,715,287.11,0.0168,32.81,4,5,5,14,Champion,0,0,Champions,"Reward with loyalty perks, ask for reviews"
13314,2,3,775.94,55,3.19,72,258.65,0.0411,14.11,5,3,3,11,Loyal,0,2,Loyal Customers,"Upsell premium products, increase frequency"
13315,690,1,310.26,22,1.97,0,310.26,1.0,14.1,1,1,2,4,Hibernating,1,3,Lost,Minimal spend — low re-engagement ROI
13316,38,10,13191.57,115,2.53,602,1319.16,0.0166,114.71,4,5,5,14,Champion,0,0,Champions,"Reward with loyalty perks, ask for reviews"
13317,67,19,6486.09,222,3.72,660,341.37,0.0287,29.22,3,5,5,13,Champion,0,0,Champions,"Reward with loyalty perks, ask for reviews"
13318,2,3,640.76,14,2.86,36,213.59,0.0811,45.77,5,3,3,11,Loyal,0,1,At Risk,"Send win-back campaigns, offer discounts"
13319,6,58,22082.5,345,3.5,727,380.73,0.0797,64.01,5,5,5,15,Champion,0,0,Champions,"Reward with loyalty perks, ask for reviews"
13320,79,6,2228.1,98,1.8,400,371.35,0.015,22.74,3,4,4,11,Loyal,0,2,Loyal Customers,"Upsell premium products, increase frequency"
13321,73,2,567.36,10,2.12,14,283.68,0.1333,56.74,3,2,2,7,At Risk,0,1,At Risk,"Send win-back campaigns, offer discounts"
13322,18,1,199.48,25,2.77,0,199.48,1.0,7.98,5,1,1,7,At Risk,0,1,At Risk,"Send win-back campaigns, offer discounts"
13323,4,5,787.85,6,4.55,81,157.57,0.061,131.31,5,4,3,12,Loyal,0,2,Loyal Customers,"Upsell premium products, increase frequency"
13324,37,18,10513.47,36,3.03,527,584.08,0.0341,292.04,4,5,5,14,Champion,0,0,Champions,"Reward with loyalty perks, ask for reviews"
13325,82,1,675.3,12,3.03,0,675.3,1.0,56.28,3,1,3,7,At Risk,0,1,At Risk,"Send win-back campaigns, offer discounts"
13326,433,1,281.76,13,2.91,0,281.76,1.0,21.67,1,1,1,3,Lost,1,3,Lost,Minimal spend — low re-engagement ROI
13327,39,20,9879.48,175,2.97,682,493.97,0.0293,56.45,4,5,5,14,Champion,0,0,Champions,"Reward with loyalty perks, ask for reviews"
13328,317,1,1308.48,17,1.88,0,1308.48,1.0,76.97,2,1,4,7,At Risk,1,3,Lost,Minimal spend — low re-engagement ROI
13329,32,8,5112.97,68,2.35,703,639.12,0.0114,75.19,4,4,5,13,Champion,0,0,Champions,"Reward with loyalty perks, ask for reviews"
13330,93,6,2806.18,80,2.26,562,467.7,0.0107,35.08,3,4,4,11,Loyal,1,2,Loyal Customers,"Upsell premium products, increase frequency"
13331,402,1,262.4,12,11.85,0,262.4,1.0,21.87,2,1,1,4,Hibernating,1,3,Lost,Minimal spend — low re-engagement ROI
13332,15,1,350.9,21,3.04,0,350.9,1.0,16.71,5,1,2,8,At Risk,0,1,At Risk,"Send win-back campaigns, offer discounts"
13333,412,3,1015.74,54,2.49,247,338.58,0.0121,18.81,1,3,3,7,At Risk,1,3,Lost,Minimal spend — low re-engagement ROI
13334,83,5,6263.75,307,2.96,570,1252.75,0.0088,20.4,3,4,5,12,Loyal,0,2,Loyal Customers,"Upsell premium products, increase frequency"
13336,78,1,795.12,51,2.5,0,795.12,1.0,15.59,3,1,3,7,At Risk,0,1,At Risk,"Send win-back campaigns, offer discounts"
13337,547,1,1575.26,87,3.46,0,1575.26,1.0,18.11,1,1,4,6,Hibernating,1,3,Lost,Minimal spend — low re-engagement ROI
13338,158,4,2445.62,113,5.34,545,611.4,0.0073,21.64,3,3,4,10,Loyal,1,2,Loyal Customers,"Upsell premium products, increase frequency"
13339,201,1,860.12,54,5.24,0,860.12,1.0,15.93,2,1,3,6,Hibernating,1,1,At Risk,"Send win-back campaigns, offer discounts"
13340,46,12,22100.56,190,5.29,609,1841.71,0.0197,116.32,4,5,5,14,Champion,0,0,Champions,"Reward with loyalty perks, ask for reviews"
13341,261,1,775.85,42,4.18,0,775.85,1.0,18.47,2,1,3,6,Hibernating,1,1,At Risk,"Send win-back campaigns, offer discounts"
13343,178,1,353.43,19,6.25,0,353.43,1.0,18.6,3,1,2,6,Hibernating,1,1,At Risk,"Send win-back campaigns, offer discounts"
13344,68,3,2543.72,115,5.01,209,847.91,0.0143,22.12,3,3,4,10,Loyal,0,2,Loyal Customers,"Upsell premium products, increase frequency"
13345,288,1,389.5,20,5.65,0,389.5,1.0,19.48,2,1,2,5,Hibernating,1,1,At Risk,"Send win-back campaigns, offer discounts"
13346,463,6,299.4,4,1.89,133,49.9,0.0448,74.85,1,4,2,7,At Risk,1,3,Lost,Minimal spend — low re-engagement ROI
13347,71,1,341.36,8,7.52,0,341.36,1.0,42.67,3,1,2,6,Hibernating,0,1,At Risk,"Send win-back campaigns, offer discounts"
13348,65,1,233.76,14,2.21,0,233.76,1.0,16.7,3,1,1,5,Hibernating,0,1,At Risk,"Send win-back campaigns, offer discounts"
13349,11,1,247.32,16,4.03,0,247.32,1.0,15.46,5,1,1,7,At Risk,0,1,At Risk,"Send win-back campaigns, offer discounts"
13350,17,2,979.12,36,8.32,63,489.56,0.0312,27.2,5,2,3,10,Loyal,0,1,At Risk,"Send win-back campaigns, offer discounts"
13351,67,1,373.94,16,6.5,0,373.94,1.0,23.37,3,1,2,6,Hibernating,0,1,At Risk,"Send win-back campaigns, offer discounts"
13352,61,1,397.98,24,3.78,0,397.98,1.0,16.58,3,1,2,6,Hibernating,0,1,At Risk,"Send win-back campaigns, offer discounts"
13354,72,1,743.53,51,1.85,0,743.53,1.0,14.58,3,1,3,7,At Risk,0,1,At Risk,"Send win-back campaigns, offer discounts"
13355,123,1,674.7,32,2.73,0,674.7,1.0,21.08,3,1,3,7,At Risk,1,1,At Risk,"Send win-back campaigns, offer discounts"
13356,81,1,768.24,42,4.32,0,768.24,1.0,18.29,3,1,3,7,At Risk,0,1,At Risk,"Send win-back campaigns, offer discounts"
13357,258,5,3838.36,284,3.16,369,767.67,0.0135,13.52,2,4,5,11,Loyal,1,2,Loyal Customers,"Upsell premium products, increase frequency"
13358,269,1,439.03,29,5.01,0,439.03,1.0,15.14,2,1,2,5,Hibernating,1,1,At Risk,"Send win-back campaigns, offer discounts"
13359,64,2,1043.31,52,5.57,339,521.66,0.0059,20.06,3,2,3,8,At Risk,0,1,At Risk,"Send win-back campaigns, offer discounts"
13360,432,4,1553.65,58,3.48,269,388.41,0.0148,26.79,1,3,4,8,At Risk,1,3,Lost,Minimal spend — low re-engagement ROI
13361,473,2,1450.5,29,4.44,145,725.25,0.0137,50.02,1,2,4,7,At Risk,1,3,Lost,Minimal spend — low re-engagement ROI
13362,10,7,5394.07,186,3.37,415,770.58,0.0168,29.0,5,4,5,14,Champion,0,2,Loyal Customers,"Upsell premium products, increase frequency"
13363,18,3,1723.86,78,3.38,392,574.62,0.0076,22.1,5,3,4,12,Loyal,0,2,Loyal Customers,"Upsell premium products, increase frequency"
13364,72,1,134.96,10,2.6,0,134.96,1.0,13.5,3,1,1,5,Hibernating,0,1,At Risk,"Send win-back campaigns, offer discounts"
13365,34,2,2225.37,122,3.12,184,1112.68,0.0108,18.24,4,2,4,10,Loyal,0,2,Loyal Customers,"Upsell premium products, increase frequency"
13366,51,1,56.16,1,0.39,0,56.16,1.0,56.16,4,1,1,6,Hibernating,0,1,At Risk,"Send win-back campaigns, offer discounts"
13367,432,1,510.2,20,4.61,0,510.2,1.0,25.51,1,1,2,4,Hibernating,1,3,Lost,Minimal spend — low re-engagement ROI
13368,257,4,1121.5,45,4.69,166,280.38,0.024,24.92,2,3,3,8,At Risk,1,2,Loyal Customers,"Upsell premium products, increase frequency"
13369,366,1,616.56,14,6.54,0,616.56,1.0,44.04,2,1,2,5,Hibernating,1,3,Lost,Minimal spend — low re-engagement ROI
13370,372,1,1509.74,39,3.73,0,1509.74,1.0,38.71,2,1,4,7,At Risk,1,3,Lost,Minimal spend — low re-engagement ROI
13371,506,2,2297.66,75,4.0,127,1148.83,0.0156,30.64,1,2,4,7,At Risk,1,3,Lost,Minimal spend — low re-engagement ROI
13372,90,1,378.64,23,6.02,0,378.64,1.0,16.46,3,1,2,6,Hibernating,1,1,At Risk,"Send win-back campaigns, offer discounts"
13373,61,6,7587.19,292,3.3,672,1264.53,0.0089,25.98,3,4,5,12,Loyal,0,2,Loyal Customers,"Upsell premium products, increase frequency"
13374,415,2,422.8,17,6.04,34,211.4,0.0571,24.87,1,2,2,5,Hibernating,1,3,Lost,Minimal spend — low re-engagement ROI
13375,89,2,1792.23,62,3.15,356,896.12,0.0056,28.91,3,2,4,9,At Risk,0,2,Loyal Customers,"Upsell premium products, increase frequency"
13376,100,3,1019.76,45,5.38,135,339.92,0.0221,22.66,3,3,3,9,At Risk,1,2,Loyal Customers,"Upsell premium products, increase frequency"
13377,397,2,1552.88,71,5.47,249,776.44,0.008,21.87,2,2,4,8,At Risk,1,3,Lost,Minimal spend — low re-engagement ROI
13379,27,3,572.56,85,1.75,110,190.85,0.027,6.74,4,3,2,9,At Risk,0,1,At Risk,"Send win-back campaigns, offer discounts"
13380,433,1,62.4,3,1.32,0,62.4,1.0,20.8,1,1,1,3,Lost,1,3,Lost,Minimal spend — low re-engagement ROI
13381,32,12,8224.37,154,2.97,706,685.36,0.017,53.41,4,5,5,14,Champion,0,0,Champions,"Reward with loyalty perks, ask for reviews"
13382,281,5,1387.58,74,2.42,451,277.52,0.0111,18.75,2,4,4,10,Loyal,1,2,Loyal Customers,"Upsell premium products, increase frequency"
13383,544,1,305.28,1,1.06,0,305.28,1.0,305.28,1,1,2,4,Hibernating,1,3,Lost,Minimal spend — low re-engagement ROI
13384,31,11,6680.83,192,3.13,469,607.35,0.0234,34.8,4,5,5,14,Champion,0,0,Champions,"Reward with loyalty perks, ask for reviews"
13385,330,1,534.57,35,4.53,0,534.57,1.0,15.27,2,1,2,5,Hibernating,1,3,Lost,Minimal spend — low re-engagement ROI
13386,415,2,835.46,24,2.29,22,417.73,0.087,34.81,1,2,3,6,Hibernating,1,3,Lost,Minimal spend — low re-engagement ROI
13387,418,1,189.44,71,1.92,0,189.44,1.0,2.67,1,1,1,3,Lost,1,3,Lost,Minimal spend — low re-engagement ROI
13388,132,3,1185.65,68,4.14,472,395.22,0.0063,17.44,3,3,3,9,At Risk,1,2,Loyal Customers,"Upsell premium products, increase frequency"
13389,12,3,797.96,50,3.84,221,265.99,0.0135,15.96,5,3,3,11,Loyal,0,2,Loyal Customers,"Upsell premium products, increase frequency"
13390,75,1,544.08,13,3.06,0,544.08,1.0,41.85,3,1,2,6,Hibernating,0,1,At Risk,"Send win-back campaigns, offer discounts"
13391,204,1,59.8,1,14.95,0,59.8,1.0,59.8,2,1,1,4,Hibernating,1,1,At Risk,"Send win-back campaigns, offer discounts"
13392,678,1,91.14,8,1.45,0,91.14,1.0,11.39,1,1,1,3,Lost,1,3,Lost,Minimal spend — low re-engagement ROI
13393,584,4,1131.45,53,4.15,148,282.86,0.0268,21.35,1,3,3,7,At Risk,1,3,Lost,Minimal spend — low re-engagement ROI
13394,2,19,6621.7,254,2.15,736,348.51,0.0258,26.07,5,5,5,15,Champion,0,0,Champions,"Reward with loyalty perks, ask for reviews"
13395,186,3,1180.23,77,1.91,236,393.41,0.0127,15.33,3,3,3,9,At Risk,1,2,Loyal Customers,"Upsell premium products, increase frequency"
13396,30,2,1360.99,42,3.89,290,680.5,0.0069,32.4,4,2,4,10,Loyal,0,2,Loyal Customers,"Upsell premium products, increase frequency"
13397,73,10,3191.87,68,4.59,616,319.19,0.0162,46.94,3,5,5,13,Champion,0,2,Loyal Customers,"Upsell premium products, increase frequency"
13398,193,2,670.34,37,4.04,256,335.17,0.0078,18.12,2,2,3,7,At Risk,1,1,At Risk,"Send win-back campaigns, offer discounts"
13399,465,3,275.4,10,3.61,54,91.8,0.0545,27.54,1,3,1,5,Hibernating,1,3,Lost,Minimal spend — low re-engagement ROI
13400,583,1,310.83,23,1.97,0,310.83,1.0,13.51,1,1,2,4,Hibernating,1,3,Lost,Minimal spend — low re-engagement ROI
13402,128,4,1535.13,55,2.43,437,383.78,0.0091,27.91,3,3,4,10,Loyal,1,2,Loyal Customers,"Upsell premium products, increase frequency"
13403,18,3,229.5,9,3.64,705,76.5,0.0042,25.5,5,3,1,9,At Risk,0,1,At Risk,"Send win-back campaigns, offer discounts"
13404,2,2,252.49,11,2.9,211,126.24,0.0094,22.95,5,2,1,8,At Risk,0,1,At Risk,"Send win-back campaigns, offer discounts"
13405,75,6,1213.81,33,4.93,650,202.3,0.0092,36.78,3,4,3,10,Loyal,0,2,Loyal Customers,"Upsell premium products, increase frequency"
13406,428,2,568.92,7,2.47,204,284.46,0.0098,81.27,1,2,2,5,Hibernating,1,3,Lost,Minimal spend — low re-engagement ROI
13407,579,3,2244.7,85,2.51,83,748.23,0.0357,26.41,1,3,4,8,At Risk,1,3,Lost,Minimal spend — low re-engagement ROI
13408,2,106,51733.46,321,2.5,733,488.05,0.1444,161.16,5,5,5,15,Champion,0,0,Champions,"Reward with loyalty perks, ask for reviews"
13410,25,9,2201.96,25,2.43,707,244.66,0.0127,88.08,4,5,4,13,Champion,0,2,Loyal Customers,"Upsell premium products, increase frequency"
13411,108,1,213.55,17,3.26,0,213.55,1.0,12.56,3,1,1,5,Hibernating,1,1,At Risk,"Send win-back campaigns, offer discounts"
13412,621,1,487.35,33,4.82,0,487.35,1.0,14.77,1,1,2,4,Hibernating,1,3,Lost,Minimal spend — low re-engagement ROI
13413,640,6,429.44,38,1.88,47,71.57,0.125,11.3,1,4,2,7,At Risk,1,3,Lost,Minimal spend — low re-engagement ROI
13414,134,6,2494.14,48,2.01,469,415.69,0.0128,51.96,3,4,4,11,Loyal,1,2,Loyal Customers,"Upsell premium products, increase frequency"
13415,473,4,800.67,85,2.49,255,200.17,0.0156,9.42,1,3,3,7,At Risk,1,3,Lost,Minimal spend — low re-engagement ROI
13416,44,3,940.8,16,4.89,692,313.6,0.0043,58.8,4,3,3,10,Loyal,0,2,Loyal Customers,"Upsell premium products, increase frequency"
13417,5,6,1669.49,57,4.7,664,278.25,0.009,29.29,5,4,4,13,Champion,0,2,Loyal Customers,"Upsell premium products, increase frequency"
13418,12,31,12233.6,328,2.9,716,394.63,0.0432,37.3,5,5,5,15,Champion,0,0,Champions,"Reward with loyalty perks, ask for reviews"
13419,64,1,221.06,16,1.01,0,221.06,1.0,13.82,3,1,1,5,Hibernating,0,1,At Risk,"Send win-back campaigns, offer discounts"
13420,150,2,159.85,8,3.54,20,79.92,0.0952,19.98,3,2,1,6,Hibernating,1,1,At Risk,"Send win-back campaigns, offer discounts"
13421,41,8,4103.12,174,2.29,622,512.89,0.0128,23.58,4,4,5,13,Champion,0,2,Loyal Customers,"Upsell premium products, increase frequency"
13422,65,1,2626.3,127,3.03,0,2626.3,1.0,20.68,3,1,4,8,At Risk,0,2,Loyal Customers,"Upsell premium products, increase frequency"
13423,429,1,217.03,12,2.23,0,217.03,1.0,18.09,1,1,1,3,Lost,1,3,Lost,Minimal spend — low re-engagement ROI
13424,450,1,572.77,40,1.67,0,572.77,1.0,14.32,1,1,2,4,Hibernating,1,3,Lost,Minimal spend — low re-engagement ROI
13425,109,5,3403.63,124,2.56,471,680.73,0.0106,27.45,3,4,5,12,Loyal,1,2,Loyal Customers,"Upsell premium products, increase frequency"
13426,1,22,8167.38,162,2.03,729,371.24,0.0301,50.42,5,5,5,15,Champion,0,0,Champions,"Reward with loyalty perks, ask for reviews"
13427,20,6,1006.53,35,1.71,702,167.76,0.0085,28.76,5,4,3,12,Loyal,0,2,Loyal Customers,"Upsell premium products, increase frequency"
13428,11,3,499.98,122,1.85,504,166.66,0.0059,4.1,5,3,2,10,Loyal,0,1,At Risk,"Send win-back campaigns, offer discounts"
13429,11,4,1006.8,55,1.22,64,251.7,0.0615,18.31,5,3,3,11,Loyal,0,2,Loyal Customers,"Upsell premium products, increase frequency"
13430,19,2,679.45,48,1.66,67,339.72,0.0294,14.16,5,2,3,10,Loyal,0,1,At Risk,"Send win-back campaigns, offer discounts"
13431,68,8,3316.24,113,3.59,592,414.53,0.0135,29.35,3,4,5,12,Loyal,0,2,Loyal Customers,"Upsell premium products, increase frequency"
13432,572,2,439.1,98,2.28,40,219.55,0.0488,4.48,1,2,2,5,Hibernating,1,3,Lost,Minimal spend — low re-engagement ROI
13433,502,4,658.32,22,4.62,195,164.58,0.0204,29.92,1,3,3,7,At Risk,1,3,Lost,Minimal spend — low re-engagement ROI
13434,75,5,1666.86,17,1.98,581,333.37,0.0086,98.05,3,4,4,11,Loyal,0,2,Loyal Customers,"Upsell premium products, increase frequency"
13435,6,9,4475.23,96,2.75,494,497.25,0.0182,46.62,5,5,5,15,Champion,0,0,Champions,"Reward with loyalty perks, ask for reviews"
13436,2,1,196.89,12,5.83,0,196.89,1.0,16.41,5,1,1,7,At Risk,0,1,At Risk,"Send win-back campaigns, offer discounts"
13437,15,7,3408.06,143,4.89,175,486.87,0.0398,23.83,5,4,5,14,Champion,0,2,Loyal Customers,"Upsell premium products, increase frequency"
13438,548,1,46.5,1,4.65,0,46.5,1.0,46.5,1,1,1,3,Lost,1,3,Lost,Minimal spend — low re-engagement ROI
13439,256,3,986.61,132,2.07,270,328.87,0.0111,7.47,2,3,3,8,At Risk,1,2,Loyal Customers,"Upsell premium products, increase frequency"
13440,424,7,1295.25,49,3.22,28,185.04,0.2414,26.43,1,4,4,9,At Risk,1,2,Loyal Customers,"Upsell premium products, increase frequency"
13441,92,2,720.9,33,2.4,339,360.45,0.0059,21.85,3,2,3,8,At Risk,1,1,At Risk,"Send win-back campaigns, offer discounts"
13442,668,3,419.87,33,7.01,70,139.96,0.0423,12.72,1,3,2,6,Hibernating,1,3,Lost,Minimal spend — low re-engagement ROI
13443,449,6,1280.16,176,2.84,228,213.36,0.0262,7.27,1,4,4,9,At Risk,1,3,Lost,Minimal spend — low re-engagement ROI
13444,375,2,631.68,51,2.34,131,315.84,0.0152,12.39,2,2,3,7,At Risk,1,3,Lost,Minimal spend — low re-engagement ROI
13445,627,1,241.9,7,1.97,0,241.9,1.0,34.56,1,1,1,3,Lost,1,3,Lost,Minimal spend — low re-engagement ROI
13446,431,11,3881.89,113,2.7,233,352.9,0.047,34.35,1,5,5,11,Loyal,1,2,Loyal Customers,"Upsell premium products, increase frequency"
13447,24,3,1129.14,55,3.14,12,376.38,0.2308,20.53,4,3,3,10,Loyal,0,2,Loyal Customers,"Upsell premium products, increase frequency"
13448,17,13,9240.87,321,3.72,717,710.84,0.0181,28.79,5,5,5,15,Champion,0,0,Champions,"Reward with loyalty perks, ask for reviews"
13449,24,1,291.88,19,1.92,0,291.88,1.0,15.36,4,1,2,7,At Risk,0,1,At Risk,"Send win-back campaigns, offer discounts"
13450,27,13,4120.04,57,1.5,576,316.93,0.0225,72.28,4,5,5,14,Champion,0,0,Champions,"Reward with loyalty perks, ask for reviews"
13451,27,11,7190.92,561,2.06,601,653.72,0.0183,12.82,4,5,5,14,Champion,0,0,Champions,"Reward with loyalty perks, ask for reviews"
13452,260,3,729.8,2,208.32,213,243.27,0.014,364.9,2,3,3,8,At Risk,1,1,At Risk,"Send win-back campaigns, offer discounts"
13453,166,3,781.69,33,3.77,236,260.56,0.0127,23.69,3,3,3,9,At Risk,1,2,Loyal Customers,"Upsell premium products, increase frequency"
13454,642,1,219.87,23,1.49,0,219.87,1.0,9.56,1,1,1,3,Lost,1,3,Lost,Minimal spend — low re-engagement ROI
13455,25,6,2905.93,79,4.56,706,484.32,0.0085,36.78,4,4,4,12,Loyal,0,2,Loyal Customers,"Upsell premium products, increase frequency"
13456,18,6,1766.72,43,3.46,189,294.45,0.0316,41.09,5,4,4,13,Champion,0,2,Loyal Customers,"Upsell premium products, increase frequency"
13457,689,2,148.22,9,1.56,48,74.11,0.0408,16.47,1,2,1,4,Hibernating,1,3,Lost,Minimal spend — low re-engagement ROI
13458,8,16,11959.27,290,2.54,381,747.45,0.0419,41.24,5,5,5,15,Champion,0,0,Champions,"Reward with loyalty perks, ask for reviews"
13459,625,2,1160.41,57,2.28,57,580.21,0.0345,20.36,1,2,3,6,Hibernating,1,3,Lost,Minimal spend — low re-engagement ROI
13460,30,2,183.44,16,1.06,20,91.72,0.0952,11.46,4,2,1,7,At Risk,0,1,At Risk,"Send win-back campaigns, offer discounts"
13461,39,6,4160.0,30,1.81,558,693.33,0.0107,138.67,4,4,5,13,Champion,0,2,Loyal Customers,"Upsell premium products, increase frequency"
13462,253,5,1153.85,64,2.52,473,230.77,0.0105,18.03,2,4,3,9,At Risk,1,2,Loyal Customers,"Upsell premium products, increase frequency"
13464,59,6,3097.64,128,3.74,559,516.27,0.0107,24.2,4,4,5,13,Champion,0,2,Loyal Customers,"Upsell premium products, increase frequency"
13465,447,2,931.12,34,2.32,139,465.56,0.0143,27.39,1,2,3,6,Hibernating,1,3,Lost,Minimal spend — low re-engagement ROI
13466,185,5,1013.35,49,2.75,444,202.67,0.0112,20.68,3,4,3,10,Loyal,1,2,Loyal Customers,"Upsell premium products, increase frequency"
13467,11,2,1083.71,89,2.73,25,541.86,0.0769,12.18,5,2,3,10,Loyal,0,1,At Risk,"Send win-back campaigns, offer discounts"
13468,2,72,13390.51,290,4.17,734,185.98,0.098,46.17,5,5,5,15,Champion,0,0,Champions,"Reward with loyalty perks, ask for reviews"
13469,654,1,82.4,6,2.7,0,82.4,1.0,13.73,1,1,1,3,Lost,1,3,Lost,Minimal spend — low re-engagement ROI
13470,100,2,165.0,7,1.65,15,82.5,0.125,23.57,3,2,1,6,Hibernating,1,1,At Risk,"Send win-back campaigns, offer discounts"
13471,2,4,2531.58,214,2.51,46,632.9,0.0851,11.83,5,3,4,12,Loyal,0,2,Loyal Customers,"Upsell premium products, increase frequency"
13472,464,2,592.24,24,2.63,91,296.12,0.0217,24.68,1,2,2,5,Hibernating,1,3,Lost,Minimal spend — low re-engagement ROI
13473,61,8,2657.76,65,4.26,663,332.22,0.012,40.89,3,4,4,11,Loyal,0,2,Loyal Customers,"Upsell premium products, increase frequency"
13474,237,3,663.79,116,2.82,258,221.26,0.0116,5.72,2,3,3,8,At Risk,1,1,At Risk,"Send win-back campaigns, offer discounts"
13475,192,4,1431.78,64,2.89,107,357.94,0.037,22.37,2,3,4,9,At Risk,1,2,Loyal Customers,"Upsell premium products, increase frequency"
13476,179,5,2061.47,86,6.99,466,412.29,0.0107,23.97,3,4,4,11,Loyal,1,2,Loyal Customers,"Upsell premium products, increase frequency"
13477,38,11,2834.17,112,2.51,646,257.65,0.017,25.31,4,5,4,13,Champion,0,0,Champions,"Reward with loyalty perks, ask for reviews"
13478,470,5,2215.78,114,3.89,207,443.16,0.024,19.44,1,4,4,9,At Risk,1,3,Lost,Minimal spend — low re-engagement ROI
13479,201,4,851.37,45,2.77,276,212.84,0.0144,18.92,2,3,3,8,At Risk,1,2,Loyal Customers,"Upsell premium products, increase frequency"
13480,417,2,627.82,40,3.59,262,313.91,0.0076,15.7,1,2,3,6,Hibernating,1,3,Lost,Minimal spend — low re-engagement ROI
13481,46,11,3830.84,162,2.97,689,348.26,0.0159,23.65,4,5,5,14,Champion,0,0,Champions,"Reward with loyalty perks, ask for reviews"
13482,233,2,336.09,20,2.72,395,168.04,0.0051,16.8,2,2,2,6,Hibernating,1,1,At Risk,"Send win-back campaigns, offer discounts"
13483,66,1,140.34,10,1.06,0,140.34,1.0,14.03,3,1,1,5,Hibernating,0,1,At Risk,"Send win-back campaigns, offer discounts"
13484,242,3,790.72,38,5.07,398,263.57,0.0075,20.81,2,3,3,8,At Risk,1,2,Loyal Customers,"Upsell premium products, increase frequency"
13485,234,11,3019.22,131,3.43,503,274.47,0.0218,23.05,2,5,5,12,Loyal,1,2,Loyal Customers,"Upsell premium products, increase frequency"
13486,79,3,1122.41,69,2.91,76,374.14,0.039,16.27,3,3,3,9,At Risk,0,2,Loyal Customers,"Upsell premium products, increase frequency"
13487,58,5,846.87,31,4.52,677,169.37,0.0074,27.32,4,4,3,11,Loyal,0,2,Loyal Customers,"Upsell premium products, increase frequency"
13488,18,23,15587.88,370,3.48,666,677.73,0.0345,42.13,5,5,5,15,Champion,0,0,Champions,"Reward with loyalty perks, ask for reviews"
13489,106,4,449.52,11,1.42,189,112.38,0.0211,40.87,3,3,2,8,At Risk,1,1,At Risk,"Send win-back campaigns, offer discounts"
13490,655,1,154.25,8,9.41,0,154.25,1.0,19.28,1,1,1,3,Lost,1,3,Lost,Minimal spend — low re-engagement ROI
13491,52,27,4566.56,144,3.56,681,169.13,0.0396,31.71,4,5,5,14,Champion,0,0,Champions,"Reward with loyalty perks, ask for reviews"
13492,137,3,1269.84,38,4.5,78,423.28,0.038,33.42,3,3,4,10,Loyal,1,2,Loyal Customers,"Upsell premium products, increase frequency"
13493,276,2,618.63,6,12.9,11,309.32,0.1667,103.1,2,2,3,7,At Risk,1,1,At Risk,"Send win-back campaigns, offer discounts"
13494,312,1,316.26,18,3.67,0,316.26,1.0,17.57,2,1,2,5,Hibernating,1,3,Lost,Minimal spend — low re-engagement ROI
13495,8,10,5374.26,59,2.24,724,537.43,0.0138,91.09,5,5,5,15,Champion,0,0,Champions,"Reward with loyalty perks, ask for reviews"
13496,11,2,653.33,28,3.11,349,326.67,0.0057,23.33,5,2,3,10,Loyal,0,1,At Risk,"Send win-back campaigns, offer discounts"
13497,283,6,1320.33,52,3.15,386,220.05,0.0155,25.39,2,4,4,10,Loyal,1,2,Loyal Customers,"Upsell premium products, increase frequency"
13498,731,1,327.38,17,2.27,0,327.38,1.0,19.26,1,1,2,4,Hibernating,1,3,Lost,Minimal spend — low re-engagement ROI
13499,18,5,1159.11,31,2.13,252,231.82,0.0198,37.39,5,4,3,12,Loyal,0,2,Loyal Customers,"Upsell premium products, increase frequency"
13500,24,4,1466.3,77,3.56,378,366.58,0.0106,19.04,4,3,4,11,Loyal,0,2,Loyal Customers,"Upsell premium products, increase frequency"
13501,289,3,2885.11,90,3.69,282,961.7,0.0106,32.06,2,3,4,9,At Risk,1,2,Loyal Customers,"Upsell premium products, increase frequency"
13502,17,5,780.5,28,2.38,531,156.1,0.0094,27.88,5,4,3,12,Loyal,0,2,Loyal Customers,"Upsell premium products, increase frequency"
13503,72,6,1905.39,158,3.1,589,317.56,0.0102,12.06,3,4,4,11,Loyal,0,2,Loyal Customers,"Upsell premium products, increase frequency"
13504,65,1,295.93,22,3.7,0,295.93,1.0,13.45,3,1,2,6,Hibernating,0,1,At Risk,"Send win-back campaigns, offer discounts"
13505,73,4,4393.63,182,3.3,159,1098.41,0.025,24.14,3,3,5,11,Loyal,0,2,Loyal Customers,"Upsell premium products, increase frequency"
13506,317,5,1639.2,55,2.74,144,327.84,0.0345,29.8,2,4,4,10,Loyal,1,2,Loyal Customers,"Upsell premium products, increase frequency"
13507,4,4,2479.16,146,3.35,142,619.79,0.028,16.98,5,3,4,12,Loyal,0,2,Loyal Customers,"Upsell premium products, increase frequency"
13508,244,2,287.05,27,3.84,399,143.52,0.005,10.63,2,2,1,5,Hibernating,1,1,At Risk,"Send win-back campaigns, offer discounts"
13509,9,8,1114.72,27,1.35,498,139.34,0.016,41.29,5,4,3,12,Loyal,0,2,Loyal Customers,"Upsell premium products, increase frequency"
13510,2,11,4558.29,176,3.13,717,414.39,0.0153,25.9,5,5,5,15,Champion,0,0,Champions,"Reward with loyalty perks, ask for reviews"
13511,677,1,282.76,5,13.0,0,282.76,1.0,56.55,1,1,1,3,Lost,1,3,Lost,Minimal spend — low re-engagement ROI
13512,261,4,713.39,31,3.12,322,178.35,0.0124,23.01,2,3,3,8,At Risk,1,2,Loyal Customers,"Upsell premium products, increase frequency"
13513,127,3,824.59,32,2.84,528,274.86,0.0057,25.77,3,3,3,9,At Risk,1,2,Loyal Customers,"Upsell premium products, increase frequency"
13514,74,4,815.9,15,4.9,608,203.98,0.0066,54.39,3,3,3,9,At Risk,0,2,Loyal Customers,"Upsell premium products, increase frequency"
13515,73,6,1265.82,64,2.61,571,210.97,0.0105,19.78,3,4,4,11,Loyal,0,2,Loyal Customers,"Upsell premium products, increase frequency"
13516,22,4,1685.26,55,3.57,396,421.32,0.0101,30.64,4,3,4,11,Loyal,0,2,Loyal Customers,"Upsell premium products, increase frequency"
13517,60,3,2128.42,125,2.92,120,709.47,0.0248,17.03,3,3,4,10,Loyal,0,2,Loyal Customers,"Upsell premium products, increase frequency"
13518,86,1,659.44,36,2.75,0,659.44,1.0,18.32,3,1,3,7,At Risk,0,1,At Risk,"Send win-back campaigns, offer discounts"
13519,79,2,343.21,19,4.36,364,171.6,0.0055,18.06,3,2,2,7,At Risk,0,1,At Risk,"Send win-back campaigns, offer discounts"
13520,59,11,6909.4,81,4.46,663,628.13,0.0166,85.3,4,5,5,14,Champion,0,0,Champions,"Reward with loyalty perks, ask for reviews"
13521,2,3,1093.65,313,1.81,8,364.55,0.3333,3.49,5,3,3,11,Loyal,0,2,Loyal Customers,"Upsell premium products, increase frequency"
13522,31,1,125.8,5,3.27,0,125.8,1.0,25.16,4,1,1,6,Hibernating,0,1,At Risk,"Send win-back campaigns, offer discounts"
13523,34,6,5101.52,177,5.6,369,850.25,0.0162,28.82,4,4,5,13,Champion,0,2,Loyal Customers,"Upsell premium products, increase frequency"
13524,41,5,680.18,17,3.47,179,136.04,0.0278,40.01,4,4,3,11,Loyal,0,2,Loyal Customers,"Upsell premium products, increase frequency"
13525,15,2,628.78,5,3.9,233,314.39,0.0085,125.76,5,2,3,10,Loyal,0,1,At Risk,"Send win-back campaigns, offer discounts"
13526,739,2,1182.0,29,1.03,0,591.0,2.0,40.76,1,2,3,6,Hibernating,1,3,Lost,Minimal spend — low re-engagement ROI
13527,34,12,4683.74,266,3.0,653,390.31,0.0183,17.61,4,5,5,14,Champion,0,0,Champions,"Reward with loyalty perks, ask for reviews"
13529,79,2,307.76,15,5.6,125,153.88,0.0159,20.52,3,2,2,7,At Risk,0,1,At Risk,"Send win-back campaigns, offer discounts"
13530,635,1,402.98,18,2.01,0,402.98,1.0,22.39,1,1,2,4,Hibernating,1,3,Lost,Minimal spend — low re-engagement ROI
13531,206,6,1738.52,44,4.58,531,289.75,0.0113,39.51,2,4,4,10,Loyal,1,2,Loyal Customers,"Upsell premium products, increase frequency"
13532,34,1,210.31,66,2.22,0,210.31,1.0,3.19,4,1,1,6,Hibernating,0,1,At Risk,"Send win-back campaigns, offer discounts"
13533,183,3,270.79,61,1.93,84,90.26,0.0353,4.44,3,3,1,7,At Risk,1,1,At Risk,"Send win-back campaigns, offer discounts"
13534,3,35,7720.9,163,2.79,517,220.6,0.0676,47.37,5,5,5,15,Champion,0,0,Champions,"Reward with loyalty perks, ask for reviews"
13535,403,1,89.5,1,8.95,0,89.5,1.0,89.5,2,1,1,4,Hibernating,1,3,Lost,Minimal spend — low re-engagement ROI
13536,2,7,3448.29,91,3.22,74,492.61,0.0933,37.89,5,4,5,14,Champion,0,2,Loyal Customers,"Upsell premium products, increase frequency"
13537,426,2,717.85,38,3.24,26,358.92,0.0741,18.89,1,2,3,6,Hibernating,1,3,Lost,Minimal spend — low re-engagement ROI
13538,44,12,3112.73,105,4.32,632,259.39,0.019,29.65,4,5,5,14,Champion,0,0,Champions,"Reward with loyalty perks, ask for reviews"
13539,86,7,1569.36,69,4.07,504,224.19,0.0139,22.74,3,4,4,11,Loyal,0,2,Loyal Customers,"Upsell premium products, increase frequency"
13540,468,3,632.39,26,5.55,188,210.8,0.0159,24.32,1,3,3,7,At Risk,1,3,Lost,Minimal spend — low re-engagement ROI
13541,428,2,785.25,10,3.5,143,392.62,0.0139,78.53,1,2,3,6,Hibernating,1,3,Lost,Minimal spend — low re-engagement ROI
13542,377,17,4006.17,98,5.53,352,235.66,0.0482,40.88,2,5,5,12,Loyal,1,0,Champions,"Reward with loyalty perks, ask for reviews"
13543,635,2,1439.61,37,4.6,52,719.8,0.0377,38.91,1,2,4,7,At Risk,1,3,Lost,Minimal spend — low re-engagement ROI
13544,40,6,829.0,219,2.6,605,138.17,0.0099,3.79,4,4,3,11,Loyal,0,2,Loyal Customers,"Upsell premium products, increase frequency"
13545,391,2,374.64,54,2.51,153,187.32,0.013,6.94,2,2,2,6,Hibernating,1,3,Lost,Minimal spend — low re-engagement ROI
13546,13,5,1092.14,95,2.26,411,218.43,0.0121,11.5,5,4,3,12,Loyal,0,2,Loyal Customers,"Upsell premium products, increase frequency"
13547,409,1,175.53,44,2.9,0,175.53,1.0,3.99,2,1,1,4,Hibernating,1,3,Lost,Minimal spend — low re-engagement ROI
13548,97,3,908.99,169,2.76,375,303.0,0.008,5.38,3,3,3,9,At Risk,1,2,Loyal Customers,"Upsell premium products, increase frequency"
13549,26,8,1005.8,44,3.18,361,125.72,0.0221,22.86,4,4,3,11,Loyal,0,2,Loyal Customers,"Upsell premium products, increase frequency"
13550,384,1,349.51,40,1.68,0,349.51,1.0,8.74,2,1,2,5,Hibernating,1,3,Lost,Minimal spend — low re-engagement ROI
13551,320,2,244.2,5,7.39,346,122.1,0.0058,48.84,2,2,1,5,Hibernating,1,3,Lost,Minimal spend — low re-engagement ROI
13552,67,22,6978.92,162,3.64,592,317.22,0.0371,43.08,3,5,5,13,Champion,0,0,Champions,"Reward with loyalty perks, ask for reviews"
13553,675,1,517.8,85,3.52,0,517.8,1.0,6.09,1,1,2,4,Hibernating,1,3,Lost,Minimal spend — low re-engagement ROI
13554,381,7,1638.28,156,4.04,66,234.04,0.1045,10.5,2,4,4,10,Loyal,1,2,Loyal Customers,"Upsell premium products, increase frequency"
13555,74,13,8999.19,264,2.72,615,692.25,0.0211,34.09,3,5,5,13,Champion,0,0,Champions,"Reward with loyalty perks, ask for reviews"
13556,430,2,200.82,8,2.07,6,100.41,0.2857,25.1,1,2,1,4,Hibernating,1,3,Lost,Minimal spend — low re-engagement ROI
13557,29,13,3032.26,126,2.07,702,233.25,0.0185,24.07,4,5,5,14,Champion,0,0,Champions,"Reward with loyalty perks, ask for reviews"
13558,6,4,605.06,123,2.21,62,151.26,0.0635,4.92,5,3,2,10,Loyal,0,2,Loyal Customers,"Upsell premium products, increase frequency"
13559,513,2,990.0,1,2.75,30,495.0,0.0645,990.0,1,2,3,6,Hibernating,1,3,Lost,Minimal spend — low re-engagement ROI
13560,8,1,174.37,32,2.99,0,174.37,1.0,5.45,5,1,1,7,At Risk,0,1,At Risk,"Send win-back campaigns, offer discounts"
13561,216,11,1820.72,131,2.33,433,165.52,0.0253,13.9,2,5,4,11,Loyal,1,2,Loyal Customers,"Upsell premium products, increase frequency"
13562,82,8,4838.18,88,4.25,612,604.77,0.0131,54.98,3,4,5,12,Loyal,0,2,Loyal Customers,"Upsell premium products, increase frequency"
13563,85,2,777.53,49,8.51,55,388.76,0.0357,15.87,3,2,3,8,At Risk,0,1,At Risk,"Send win-back campaigns, offer discounts"
13564,145,37,17249.55,484,3.52,593,466.2,0.0623,35.64,3,5,5,13,Champion,1,0,Champions,"Reward with loyalty perks, ask for reviews"
13565,20,3,414.8,45,1.94,391,138.27,0.0077,9.22,5,3,2,10,Loyal,0,1,At Risk,"Send win-back campaigns, offer discounts"
13566,41,5,1708.12,263,1.78,598,341.62,0.0083,6.49,4,4,4,12,Loyal,0,2,Loyal Customers,"Upsell premium products, increase frequency"
13567,429,4,1083.69,180,2.58,113,270.92,0.0351,6.02,1,3,3,7,At Risk,1,3,Lost,Minimal spend — low re-engagement ROI
13568,174,1,192.85,41,3.0,0,192.85,1.0,4.7,3,1,1,5,Hibernating,1,1,At Risk,"Send win-back campaigns, offer discounts"
13569,18,4,893.78,140,2.75,411,223.44,0.0097,6.38,5,3,3,11,Loyal,0,2,Loyal Customers,"Upsell premium products, increase frequency"
13570,244,1,239.49,27,2.1,0,239.49,1.0,8.87,2,1,1,4,Hibernating,1,1,At Risk,"Send win-back campaigns, offer discounts"
13571,13,26,4546.54,263,1.91,718,174.87,0.0362,17.29,5,5,5,15,Champion,0,0,Champions,"Reward with loyalty perks, ask for reviews"
13572,206,1,1384.25,32,4.5,0,1384.25,1.0,43.26,2,1,4,7,At Risk,1,1,At Risk,"Send win-back campaigns, offer discounts"
13573,51,6,916.47,73,2.96,586,152.74,0.0102,12.55,4,4,3,11,Loyal,0,2,Loyal Customers,"Upsell premium products, increase frequency"
13574,412,1,421.25,84,2.08,0,421.25,1.0,5.01,1,1,2,4,Hibernating,1,3,Lost,Minimal spend — low re-engagement ROI
13575,24,5,732.07,41,2.15,152,146.41,0.0327,17.86,4,4,3,11,Loyal,0,2,Loyal Customers,"Upsell premium products, increase frequency"
13576,11,28,11551.74,145,3.52,721,412.56,0.0388,79.67,5,5,5,15,Champion,0,0,Champions,"Reward with loyalty perks, ask for reviews"
13577,26,11,3489.28,102,3.27,699,317.21,0.0157,34.21,4,5,5,14,Champion,0,0,Champions,"Reward with loyalty perks, ask for reviews"
13578,410,1,147.66,9,1.97,0,147.66,1.0,16.41,2,1,1,4,Hibernating,1,3,Lost,Minimal spend — low re-engagement ROI
13579,15,5,1539.04,72,3.67,644,307.81,0.0078,21.38,5,4,4,13,Champion,0,2,Loyal Customers,"Upsell premium products, increase frequency"
13580,407,1,107.75,5,9.23,0,107.75,1.0,21.55,2,1,1,4,Hibernating,1,3,Lost,Minimal spend — low re-engagement ROI
13581,310,2,280.53,32,2.82,104,140.26,0.019,8.77,2,2,1,5,Hibernating,1,3,Lost,Minimal spend — low re-engagement ROI
13582,390,2,241.68,10,2.86,227,120.84,0.0088,24.17,2,2,1,5,Hibernating,1,3,Lost,Minimal spend — low re-engagement ROI
13583,156,2,1445.03,93,2.38,523,722.52,0.0038,15.54,3,2,4,9,At Risk,1,2,Loyal Customers,"Upsell premium products, increase frequency"
13584,307,3,392.45,74,2.41,369,130.82,0.0081,5.3,2,3,2,7,At Risk,1,3,Lost,Minimal spend — low re-engagement ROI
13585,531,3,684.54,29,1.51,207,228.18,0.0144,23.6,1,3,3,7,At Risk,1,3,Lost,Minimal spend — low re-engagement ROI
13586,542,1,131.53,20,3.86,0,131.53,1.0,6.58,1,1,1,3,Lost,1,3,Lost,Minimal spend — low re-engagement ROI
13587,64,4,1673.5,27,3.87,599,418.38,0.0067,61.98,3,3,4,10,Loyal,0,2,Loyal Customers,"Upsell premium products, increase frequency"
13588,16,9,2478.95,131,1.38,239,275.44,0.0375,18.92,5,5,4,14,Champion,0,2,Loyal Customers,"Upsell premium products, increase frequency"
13589,15,6,1120.74,48,7.08,719,186.79,0.0083,23.35,5,4,3,12,Loyal,0,2,Loyal Customers,"Upsell premium products, increase frequency"
13590,12,18,6349.59,255,2.33,726,352.76,0.0248,24.9,5,5,5,15,Champion,0,0,Champions,"Reward with loyalty perks, ask for reviews"
13591,65,7,2093.94,89,4.25,660,299.13,0.0106,23.53,3,4,4,11,Loyal,0,2,Loyal Customers,"Upsell premium products, increase frequency"
13592,36,4,247.96,15,6.26,228,61.99,0.0175,16.53,4,3,1,8,At Risk,0,1,At Risk,"Send win-back campaigns, offer discounts"
13593,109,14,5523.69,212,3.91,538,394.55,0.026,26.06,3,5,5,13,Champion,1,0,Champions,"Reward with loyalty perks, ask for reviews"
13594,53,2,533.32,31,2.5,432,266.66,0.0046,17.2,4,2,2,8,At Risk,0,1,At Risk,"Send win-back campaigns, offer discounts"
13595,517,3,818.22,114,3.06,129,272.74,0.0231,7.18,1,3,3,7,At Risk,1,3,Lost,Minimal spend — low re-engagement ROI
13596,6,2,697.04,133,2.28,7,348.52,0.25,5.24,5,2,3,10,Loyal,0,1,At Risk,"Send win-back campaigns, offer discounts"
13597,401,2,396.71,17,2.23,2,198.36,0.6667,23.34,2,2,2,6,Hibernating,1,3,Lost,Minimal spend — low re-engagement ROI
13598,48,5,789.59,78,2.87,604,157.92,0.0083,10.12,4,4,3,11,Loyal,0,2,Loyal Customers,"Upsell premium products, increase frequency"
13599,2,33,10167.63,235,2.57,737,308.11,0.0447,43.27,5,5,5,15,Champion,0,0,Champions,"Reward with loyalty perks, ask for reviews"
13600,313,2,518.42,35,2.8,321,259.21,0.0062,14.81,2,2,2,6,Hibernating,1,3,Lost,Minimal spend — low re-engagement ROI
13601,46,4,1185.14,160,2.18,501,296.29,0.008,7.41,4,3,3,10,Loyal,0,2,Loyal Customers,"Upsell premium products, increase frequency"
13602,65,4,1025.17,49,2.9,495,256.29,0.0081,20.92,3,3,3,9,At Risk,0,2,Loyal Customers,"Upsell premium products, increase frequency"
13603,27,1,164.34,27,2.11,0,164.34,1.0,6.09,4,1,1,6,Hibernating,0,1,At Risk,"Send win-back campaigns, offer discounts"
13604,659,1,717.62,21,5.51,0,717.62,1.0,34.17,1,1,3,5,Hibernating,1,3,Lost,Minimal spend — low re-engagement ROI
13605,388,2,522.67,50,1.93,184,261.33,0.0108,10.45,2,2,2,6,Hibernating,1,3,Lost,Minimal spend — low re-engagement ROI
13606,30,3,280.54,40,2.27,282,93.51,0.0106,7.01,4,3,1,8,At Risk,0,1,At Risk,"Send win-back campaigns, offer discounts"
13607,41,2,1078.31,110,3.33,362,539.16,0.0055,9.8,4,2,3,9,At Risk,0,1,At Risk,"Send win-back campaigns, offer discounts"
13608,541,1,236.2,31,2.22,0,236.2,1.0,7.62,1,1,1,3,Lost,1,3,Lost,Minimal spend — low re-engagement ROI
13609,594,1,167.35,7,13.19,0,167.35,1.0,23.91,1,1,1,3,Lost,1,3,Lost,Minimal spend — low re-engagement ROI
13610,13,14,2175.88,309,3.14,691,155.42,0.0202,7.04,5,5,4,14,Champion,0,0,Champions,"Reward with loyalty perks, ask for reviews"
13611,90,10,3319.53,170,2.66,647,331.95,0.0154,19.53,3,5,5,13,Champion,1,2,Loyal Customers,"Upsell premium products, increase frequency"
13612,633,1,818.29,50,3.4,0,818.29,1.0,16.37,1,1,3,5,Hibernating,1,3,Lost,Minimal spend — low re-engagement ROI
13613,453,5,1039.85,50,3.97,207,207.97,0.024,20.8,1,4,3,8,At Risk,1,3,Lost,Minimal spend — low re-engagement ROI
13614,25,6,2359.19,227,3.96,527,393.2,0.0114,10.39,4,4,4,12,Loyal,0,2,Loyal Customers,"Upsell premium products, increase frequency"
13615,319,8,6272.53,259,4.6,361,784.07,0.0221,24.22,2,4,5,11,Loyal,1,2,Loyal Customers,"Upsell premium products, increase frequency"
13616,569,2,288.1,31,2.99,122,144.05,0.0163,9.29,1,2,1,4,Hibernating,1,3,Lost,Minimal spend — low re-engagement ROI
13617,41,8,1278.75,48,3.47,454,159.84,0.0176,26.64,4,4,4,12,Loyal,0,2,Loyal Customers,"Upsell premium products, increase frequency"
13618,174,1,177.34,13,1.04,0,177.34,1.0,13.64,3,1,1,5,Hibernating,1,1,At Risk,"Send win-back campaigns, offer discounts"
13619,545,2,231.69,39,3.16,129,115.84,0.0154,5.94,1,2,1,4,Hibernating,1,3,Lost,Minimal spend — low re-engagement ROI
13620,529,1,112.34,5,2.5,0,112.34,1.0,22.47,1,1,1,3,Lost,1,3,Lost,Minimal spend — low re-engagement ROI
13621,117,1,213.85,19,1.13,0,213.85,1.0,11.26,3,1,1,5,Hibernating,1,1,At Risk,"Send win-back campaigns, offer discounts"
13622,697,1,658.95,32,3.46,0,658.95,1.0,20.59,1,1,3,5,Hibernating,1,3,Lost,Minimal spend — low re-engagement ROI
13623,31,10,2566.49,211,3.41,706,256.65,0.0141,12.16,4,5,4,13,Champion,0,2,Loyal Customers,"Upsell premium products, increase frequency"
13624,389,1,462.08,22,2.79,0,462.08,1.0,21.0,2,1,2,5,Hibernating,1,3,Lost,Minimal spend — low re-engagement ROI
13625,597,1,301.26,21,5.41,0,301.26,1.0,14.35,1,1,2,4,Hibernating,1,3,Lost,Minimal spend — low re-engagement ROI
13626,253,2,707.04,44,3.73,126,353.52,0.0157,16.07,2,2,3,7,At Risk,1,1,At Risk,"Send win-back campaigns, offer discounts"
13627,60,7,2245.9,118,3.0,581,320.84,0.012,19.03,3,4,4,11,Loyal,0,2,Loyal Customers,"Upsell premium products, increase frequency"
13628,677,1,310.14,16,4.14,0,310.14,1.0,19.38,1,1,2,4,Hibernating,1,3,Lost,Minimal spend — low re-engagement ROI
13629,24,19,13370.86,28,2.12,642,703.73,0.0295,477.53,4,5,5,14,Champion,0,0,Champions,"Reward with loyalty perks, ask for reviews"
13630,6,7,2031.78,51,2.0,280,290.25,0.0249,39.84,5,4,4,13,Champion,0,2,Loyal Customers,"Upsell premium products, increase frequency"
13631,100,11,3070.42,6,6.16,167,279.13,0.0655,511.74,3,5,5,13,Champion,1,0,Champions,"Reward with loyalty perks, ask for reviews"
13632,25,8,3648.15,166,3.35,586,456.02,0.0136,21.98,4,4,5,13,Champion,0,2,Loyal Customers,"Upsell premium products, increase frequency"
13634,34,16,5073.47,269,3.61,664,317.09,0.0241,18.86,4,5,5,14,Champion,0,0,Champions,"Reward with loyalty perks, ask for reviews"
13635,68,4,2999.16,135,2.29,671,749.79,0.006,22.22,3,3,5,11,Loyal,0,2,Loyal Customers,"Upsell premium products, increase frequency"
13636,37,5,949.12,57,3.79,248,189.82,0.0201,16.65,4,4,3,11,Loyal,0,2,Loyal Customers,"Upsell premium products, increase frequency"
13637,53,3,810.5,79,2.37,174,270.17,0.0171,10.26,4,3,3,10,Loyal,0,2,Loyal Customers,"Upsell premium products, increase frequency"
13638,16,1,122.64,8,2.99,0,122.64,1.0,15.33,5,1,1,7,At Risk,0,1,At Risk,"Send win-back campaigns, offer discounts"
13639,75,2,1346.27,49,1.6,362,673.14,0.0055,27.47,3,2,4,9,At Risk,0,2,Loyal Customers,"Upsell premium products, increase frequency"
13640,612,1,405.0,4,3.75,0,405.0,1.0,101.25,1,1,2,4,Hibernating,1,3,Lost,Minimal spend — low re-engagement ROI
13641,641,5,1016.47,41,3.46,93,203.29,0.0532,24.79,1,4,3,8,At Risk,1,3,Lost,Minimal spend — low re-engagement ROI
13642,216,4,514.72,93,2.9,217,128.68,0.0183,5.53,2,3,2,7,At Risk,1,1,At Risk,"Send win-back campaigns, offer discounts"
13643,32,10,2156.77,71,3.81,700,215.68,0.0143,30.38,4,5,4,13,Champion,0,2,Loyal Customers,"Upsell premium products, increase frequency"
13644,17,4,2624.26,144,3.04,89,656.06,0.0444,18.22,5,3,4,12,Loyal,0,2,Loyal Customers,"Upsell premium products, increase frequency"
13645,121,1,252.1,5,3.37,0,252.1,1.0,50.42,3,1,1,5,Hibernating,1,1,At Risk,"Send win-back campaigns, offer discounts"
13646,400,2,326.25,58,4.41,0,163.12,2.0,5.62,2,2,2,6,Hibernating,1,3,Lost,Minimal spend — low re-engagement ROI
13647,10,8,3071.68,98,3.29,593,383.96,0.0135,31.34,5,4,5,14,Champion,0,2,Loyal Customers,"Upsell premium products, increase frequency"
13648,401,8,1764.02,95,2.9,337,220.5,0.0237,18.57,2,4,4,10,Loyal,1,2,Loyal Customers,"Upsell premium products, increase frequency"
13649,257,6,1678.88,97,3.63,270,279.81,0.0221,17.31,2,4,4,10,Loyal,1,2,Loyal Customers,"Upsell premium products, increase frequency"
13650,17,10,3288.0,127,3.18,666,328.8,0.015,25.89,5,5,5,15,Champion,0,0,Champions,"Reward with loyalty perks, ask for reviews"
13651,36,3,226.85,14,7.63,346,75.62,0.0086,16.2,4,3,1,8,At Risk,0,1,At Risk,"Send win-back campaigns, offer discounts"
13652,46,5,2570.85,116,2.78,606,514.17,0.0082,22.16,4,4,4,12,Loyal,0,2,Loyal Customers,"Upsell premium products, increase frequency"
13653,488,1,152.2,9,2.78,0,152.2,1.0,16.91,1,1,1,3,Lost,1,3,Lost,Minimal spend — low re-engagement ROI
13654,44,11,6308.0,262,2.29,694,573.45,0.0158,24.08,4,5,5,14,Champion,0,0,Champions,"Reward with loyalty perks, ask for reviews"
13655,115,6,2280.51,103,3.36,477,380.08,0.0126,22.14,3,4,4,11,Loyal,1,2,Loyal Customers,"Upsell premium products, increase frequency"
13656,165,4,1078.85,81,2.23,430,269.71,0.0093,13.32,3,3,3,9,At Risk,1,2,Loyal Customers,"Upsell premium products, increase frequency"
13657,11,2,382.14,16,2.99,190,191.07,0.0105,23.88,5,2,2,9,At Risk,0,1,At Risk,"Send win-back campaigns, offer discounts"
13658,10,9,6025.5,164,4.26,662,669.5,0.0136,36.74,5,5,5,15,Champion,0,0,Champions,"Reward with loyalty perks, ask for reviews"
13659,206,12,4894.88,224,3.92,455,407.91,0.0263,21.85,2,5,5,12,Loyal,1,0,Champions,"Reward with loyalty perks, ask for reviews"
13660,401,1,314.59,39,5.0,0,314.59,1.0,8.07,2,1,2,5,Hibernating,1,3,Lost,Minimal spend — low re-engagement ROI
13661,604,1,325.24,17,4.05,0,325.24,1.0,19.13,1,1,2,4,Hibernating,1,3,Lost,Minimal spend — low re-engagement ROI
13662,86,11,2250.11,126,3.95,572,204.56,0.0192,17.86,3,5,4,12,Loyal,0,2,Loyal Customers,"Upsell premium products, increase frequency"
13663,180,5,2047.51,87,3.83,467,409.5,0.0107,23.53,3,4,4,11,Loyal,1,2,Loyal Customers,"Upsell premium products, increase frequency"
13665,387,3,1711.66,97,2.03,117,570.55,0.0254,17.65,2,3,4,9,At Risk,1,3,Lost,Minimal spend — low re-engagement ROI
13666,61,5,127.9,19,3.9,675,25.58,0.0074,6.73,3,4,1,8,At Risk,0,1,At Risk,"Send win-back campaigns, offer discounts"
13667,150,1,305.02,82,2.43,0,305.02,1.0,3.72,3,1,2,6,Hibernating,1,1,At Risk,"Send win-back campaigns, offer discounts"
13668,3,35,13089.94,411,3.41,725,374.0,0.0482,31.85,5,5,5,15,Champion,0,0,Champions,"Reward with loyalty perks, ask for reviews"
13669,51,3,413.55,13,2.22,356,137.85,0.0084,31.81,4,3,2,9,At Risk,0,1,At Risk,"Send win-back campaigns, offer discounts"
13670,76,1,349.7,25,1.88,0,349.7,1.0,13.99,3,1,2,6,Hibernating,0,1,At Risk,"Send win-back campaigns, offer discounts"
13671,395,1,194.95,61,1.92,0,194.95,1.0,3.2,2,1,1,4,Hibernating,1,3,Lost,Minimal spend — low re-engagement ROI
13672,302,3,419.92,13,3.76,429,139.97,0.007,32.3,2,3,2,7,At Risk,1,1,At Risk,"Send win-back campaigns, offer discounts"
13673,19,2,396.92,47,3.3,13,198.46,0.1429,8.45,5,2,2,9,At Risk,0,1,At Risk,"Send win-back campaigns, offer discounts"
13674,433,1,240.68,14,4.18,0,240.68,1.0,17.19,1,1,1,3,Lost,1,3,Lost,Minimal spend — low re-engagement ROI
13675,152,2,486.82,25,1.9,133,243.41,0.0149,19.47,3,2,2,7,At Risk,1,1,At Risk,"Send win-back campaigns, offer discounts"
13676,540,2,243.9,13,3.83,80,121.95,0.0247,18.76,1,2,1,4,Hibernating,1,3,Lost,Minimal spend — low re-engagement ROI
13677,405,2,556.19,98,3.5,115,278.1,0.0172,5.68,2,2,2,6,Hibernating,1,3,Lost,Minimal spend — low re-engagement ROI
13678,152,1,232.6,16,0.39,0,232.6,1.0,14.54,3,1,1,5,Hibernating,1,1,At Risk,"Send win-back campaigns, offer discounts"
13679,494,3,281.26,44,2.96,241,93.75,0.0124,6.39,1,3,1,5,Hibernating,1,3,Lost,Minimal spend — low re-engagement ROI
13680,2,12,11435.67,354,2.69,733,952.97,0.0163,32.3,5,5,5,15,Champion,0,0,Champions,"Reward with loyalty perks, ask for reviews"
13681,18,4,827.83,37,2.9,137,206.96,0.029,22.37,5,3,3,11,Loyal,0,2,Loyal Customers,"Upsell premium products, increase frequency"
13682,188,1,59.5,3,7.08,0,59.5,1.0,19.83,3,1,1,5,Hibernating,1,1,At Risk,"Send win-back campaigns, offer discounts"
13683,458,1,258.6,10,1.73,0,258.6,1.0,25.86,1,1,1,3,Lost,1,3,Lost,Minimal spend — low re-engagement ROI
13684,286,4,596.98,81,2.24,335,149.24,0.0119,7.37,2,3,2,7,At Risk,1,2,Loyal Customers,"Upsell premium products, increase frequency"
13685,3,7,3119.44,29,0.7,57,445.63,0.1207,107.57,5,4,5,14,Champion,0,2,Loyal Customers,"Upsell premium products, increase frequency"
13686,183,3,409.04,27,1.48,218,136.35,0.0137,15.15,3,3,2,8,At Risk,1,1,At Risk,"Send win-back campaigns, offer discounts"
13687,439,1,11880.84,45,0.15,0,11880.84,1.0,264.02,1,1,5,7,At Risk,1,2,Loyal Customers,"Upsell premium products, increase frequency"
13688,636,1,375.5,5,4.55,0,375.5,1.0,75.1,1,1,2,4,Hibernating,1,3,Lost,Minimal spend — low re-engagement ROI
13689,64,2,1259.5,6,1.72,381,629.75,0.0052,209.92,3,2,4,9,At Risk,0,2,Loyal Customers,"Upsell premium products, increase frequency"
13690,60,1,172.25,9,5.97,0,172.25,1.0,19.14,3,1,1,5,Hibernating,0,1,At Risk,"Send win-back campaigns, offer discounts"
13691,397,1,212.78,54,2.1,0,212.78,1.0,3.94,2,1,1,4,Hibernating,1,3,Lost,Minimal spend — low re-engagement ROI
13692,25,5,3114.4,83,2.37,395,622.88,0.0126,37.52,4,4,5,13,Champion,0,2,Loyal Customers,"Upsell premium products, increase frequency"
13693,375,9,2011.82,78,4.18,358,223.54,0.0251,25.79,2,5,4,11,Loyal,1,2,Loyal Customers,"Upsell premium products, increase frequency"
13694,4,143,196482.81,896,1.67,731,1374.01,0.1954,219.29,5,5,5,15,Champion,0,0,Champions,"Reward with loyalty perks, ask for reviews"
13695,32,16,2770.73,47,2.56,546,173.17,0.0293,58.95,4,5,4,13,Champion,0,0,Champions,"Reward with loyalty perks, ask for reviews"
13696,422,3,2020.4,24,4.64,244,673.47,0.0122,84.18,1,3,4,8,At Risk,1,3,Lost,Minimal spend — low re-engagement ROI
13697,39,1,151.3,12,1.39,0,151.3,1.0,12.61,4,1,1,6,Hibernating,0,1,At Risk,"Send win-back campaigns, offer discounts"
13698,597,2,465.53,31,3.46,85,232.76,0.0233,15.02,1,2,2,5,Hibernating,1,3,Lost,Minimal spend — low re-engagement ROI
13699,156,2,764.15,33,5.7,395,382.08,0.0051,23.16,3,2,3,8,At Risk,1,1,At Risk,"Send win-back campaigns, offer discounts"
13700,27,13,2613.46,163,1.55,644,201.04,0.0202,16.03,4,5,4,13,Champion,0,0,Champions,"Reward with loyalty perks, ask for reviews"
13701,447,1,161.0,9,2.27,0,161.0,1.0,17.89,1,1,1,3,Lost,1,3,Lost,Minimal spend — low re-engagement ROI
13702,446,1,135.18,5,2.38,0,135.18,1.0,27.04,1,1,1,3,Lost,1,3,Lost,Minimal spend — low re-engagement ROI
13703,319,2,425.56,36,3.43,96,212.78,0.0206,11.82,2,2,2,6,Hibernating,1,3,Lost,Minimal spend — low re-engagement ROI
13704,6,9,2308.06,111,3.33,83,256.45,0.1071,20.79,5,5,4,14,Champion,0,2,Loyal Customers,"Upsell premium products, increase frequency"
13705,8,7,2035.33,55,6.0,616,290.76,0.0113,37.01,5,4,4,13,Champion,0,2,Loyal Customers,"Upsell premium products, increase frequency"
13706,303,2,631.17,38,4.4,324,315.58,0.0062,16.61,2,2,3,7,At Risk,1,3,Lost,Minimal spend — low re-engagement ROI
13707,268,5,3365.86,142,2.94,269,673.17,0.0185,23.7,2,4,5,11,Loyal,1,2,Loyal Customers,"Upsell premium products, increase frequency"
13708,272,1,296.88,49,2.06,0,296.88,1.0,6.06,2,1,2,5,Hibernating,1,1,At Risk,"Send win-back campaigns, offer discounts"
13709,4,18,7591.75,296,3.57,693,421.76,0.0259,25.65,5,5,5,15,Champion,0,0,Champions,"Reward with loyalty perks, ask for reviews"
13710,32,3,509.52,13,1.65,580,169.84,0.0052,39.19,4,3,2,9,At Risk,0,1,At Risk,"Send win-back campaigns, offer discounts"
13711,219,9,1792.26,80,4.24,505,199.14,0.0178,22.4,2,5,4,11,Loyal,1,2,Loyal Customers,"Upsell premium products, increase frequency"
13712,247,2,766.42,32,2.78,364,383.21,0.0055,23.95,2,2,3,7,At Risk,1,1,At Risk,"Send win-back campaigns, offer discounts"
13713,409,3,743.26,70,2.85,174,247.75,0.0171,10.62,2,3,3,8,At Risk,1,3,Lost,Minimal spend — low re-engagement ROI
13714,466,1,161.35,30,3.64,0,161.35,1.0,5.38,1,1,1,3,Lost,1,3,Lost,Minimal spend — low re-engagement ROI
13715,282,17,8483.29,277,2.35,357,499.02,0.0475,30.63,2,5,5,12,Loyal,1,0,Champions,"Reward with loyalty perks, ask for reviews"
13716,270,1,138.28,21,1.42,0,138.28,1.0,6.58,2,1,1,4,Hibernating,1,1,At Risk,"Send win-back campaigns, offer discounts"
13717,33,8,1763.3,110,2.32,453,220.41,0.0176,16.03,4,4,4,12,Loyal,0,2,Loyal Customers,"Upsell premium products, increase frequency"
13718,247,2,306.55,9,5.53,49,153.28,0.04,34.06,2,2,2,6,Hibernating,1,1,At Risk,"Send win-back campaigns, offer discounts"
13719,16,11,2815.25,194,3.12,556,255.93,0.0197,14.51,5,5,4,14,Champion,0,0,Champions,"Reward with loyalty perks, ask for reviews"
13720,117,4,799.9,42,3.18,138,199.98,0.0288,19.05,3,3,3,9,At Risk,1,2,Loyal Customers,"Upsell premium products, increase frequency"
13721,37,2,741.54,41,2.28,358,370.77,0.0056,18.09,4,2,3,9,At Risk,0,1,At Risk,"Send win-back campaigns, offer discounts"
13722,132,10,5635.41,137,3.33,514,563.54,0.0194,41.13,3,5,5,13,Champion,1,0,Champions,"Reward with loyalty perks, ask for reviews"
13723,218,6,1209.2,51,3.35,394,201.53,0.0152,23.71,2,4,3,9,At Risk,1,2,Loyal Customers,"Upsell premium products, increase frequency"
13724,638,1,213.01,39,2.15,0,213.01,1.0,5.46,1,1,1,3,Lost,1,3,Lost,Minimal spend — low re-engagement ROI
13725,50,8,1980.56,95,4.34,258,247.57,0.0309,20.85,4,4,4,12,Loyal,0,2,Loyal Customers,"Upsell premium products, increase frequency"
13726,39,2,1079.66,39,1.08,61,539.83,0.0323,27.68,4,2,3,9,At Risk,0,1,At Risk,"Send win-back campaigns, offer discounts"
13727,29,8,1080.05,74,5.91,701,135.01,0.0114,14.6,4,4,3,11,Loyal,0,2,Loyal Customers,"Upsell premium products, increase frequency"
13728,37,16,2855.17,75,4.98,693,178.45,0.0231,38.07,4,5,4,13,Champion,0,0,Champions,"Reward with loyalty perks, ask for reviews"
13729,436,3,724.73,36,3.6,248,241.58,0.012,20.13,1,3,3,7,At Risk,1,3,Lost,Minimal spend — low re-engagement ROI
13730,136,2,752.6,38,3.24,25,376.3,0.0769,19.81,3,2,3,8,At Risk,1,1,At Risk,"Send win-back campaigns, offer discounts"
13731,220,2,610.59,36,4.29,27,305.3,0.0714,16.96,2,2,2,6,Hibernating,1,1,At Risk,"Send win-back campaigns, offer discounts"
13732,29,1,491.86,33,1.58,0,491.86,1.0,14.9,4,1,2,7,At Risk,0,1,At Risk,"Send win-back campaigns, offer discounts"
13733,411,2,487.03,28,2.82,324,243.52,0.0062,17.39,2,2,2,6,Hibernating,1,3,Lost,Minimal spend — low re-engagement ROI
13734,509,4,6701.64,24,7.52,94,1675.41,0.0421,279.24,1,3,5,9,At Risk,1,2,Loyal Customers,"Upsell premium products, increase frequency"
13735,25,13,9813.22,362,3.39,701,754.86,0.0185,27.11,4,5,5,14,Champion,0,0,Champions,"Reward with loyalty perks, ask for reviews"
13736,6,7,2766.21,325,2.5,728,395.17,0.0096,8.51,5,4,4,13,Champion,0,2,Loyal Customers,"Upsell premium products, increase frequency"
13737,201,1,339.6,29,3.85,0,339.6,1.0,11.71,2,1,2,5,Hibernating,1,1,At Risk,"Send win-back campaigns, offer discounts"
13738,397,1,440.93,88,2.62,0,440.93,1.0,5.01,2,1,2,5,Hibernating,1,3,Lost,Minimal spend — low re-engagement ROI
13739,19,2,292.2,6,4.42,509,146.1,0.0039,48.7,5,2,2,9,At Risk,0,1,At Risk,"Send win-back campaigns, offer discounts"
13740,241,5,1597.77,83,3.36,496,319.55,0.0101,19.25,2,4,4,10,Loyal,1,2,Loyal Customers,"Upsell premium products, increase frequency"
13741,72,3,668.43,34,5.23,145,222.81,0.0205,19.66,3,3,3,9,At Risk,0,1,At Risk,"Send win-back campaigns, offer discounts"
13742,17,12,3131.02,200,4.1,303,260.92,0.0395,15.66,5,5,5,15,Champion,0,0,Champions,"Reward with loyalty perks, ask for reviews"
13743,3,7,1341.6,8,1.12,256,191.66,0.0272,167.7,5,4,4,13,Champion,0,2,Loyal Customers,"Upsell premium products, increase frequency"
13744,96,2,1156.36,54,1.71,197,578.18,0.0101,21.41,3,2,3,8,At Risk,1,1,At Risk,"Send win-back campaigns, offer discounts"
13745,163,2,777.36,46,0.89,383,388.68,0.0052,16.9,3,2,3,8,At Risk,1,1,At Risk,"Send win-back campaigns, offer discounts"
13746,414,1,176.69,9,3.46,0,176.69,1.0,19.63,1,1,1,3,Lost,1,3,Lost,Minimal spend — low re-engagement ROI
13747,374,2,249.4,4,5.57,51,124.7,0.0385,62.35,2,2,1,5,Hibernating,1,3,Lost,Minimal spend — low re-engagement ROI
13748,96,9,2268.35,40,3.16,642,252.04,0.014,56.71,3,5,4,12,Loyal,1,2,Loyal Customers,"Upsell premium products, increase frequency"
13750,54,11,3602.18,51,4.06,563,327.47,0.0195,70.63,4,5,5,14,Champion,0,0,Champions,"Reward with loyalty perks, ask for reviews"
13751,289,1,296.25,9,3.53,0,296.25,1.0,32.92,2,1,2,5,Hibernating,1,1,At Risk,"Send win-back campaigns, offer discounts"
13752,125,7,1590.73,75,3.47,403,227.25,0.0173,21.21,3,4,4,11,Loyal,1,2,Loyal Customers,"Upsell premium products, increase frequency"
13753,288,4,2094.57,64,1.88,449,523.64,0.0089,32.73,2,3,4,9,At Risk,1,2,Loyal Customers,"Upsell premium products, increase frequency"
13754,152,3,447.05,16,2.8,285,149.02,0.0105,27.94,3,3,2,8,At Risk,1,1,At Risk,"Send win-back campaigns, offer discounts"
13755,4,9,2161.35,232,3.07,59,240.15,0.15,9.32,5,5,4,14,Champion,0,2,Loyal Customers,"Upsell premium products, increase frequency"
13756,3,23,9207.5,142,2.83,722,400.33,0.0318,64.84,5,5,5,15,Champion,0,0,Champions,"Reward with loyalty perks, ask for reviews"
13757,675,1,195.55,8,3.47,0,195.55,1.0,24.44,1,1,1,3,Lost,1,3,Lost,Minimal spend — low re-engagement ROI
13758,12,15,9416.98,213,3.37,727,627.8,0.0206,44.21,5,5,5,15,Champion,0,0,Champions,"Reward with loyalty perks, ask for reviews"
13759,34,2,659.41,24,3.36,37,329.7,0.0526,27.48,4,2,3,9,At Risk,0,1,At Risk,"Send win-back campaigns, offer discounts"
13760,55,5,1363.64,95,2.7,539,272.73,0.0093,14.35,4,4,4,12,Loyal,0,2,Loyal Customers,"Upsell premium products, increase frequency"
13761,51,6,1952.17,118,2.86,606,325.36,0.0099,16.54,4,4,4,12,Loyal,0,2,Loyal Customers,"Upsell premium products, increase frequency"
13762,219,5,2472.48,23,1.2,479,494.5,0.0104,107.5,2,4,4,10,Loyal,1,2,Loyal Customers,"Upsell premium products, increase frequency"
13763,64,3,5217.44,50,2.47,371,1739.15,0.0081,104.35,3,3,5,11,Loyal,0,2,Loyal Customers,"Upsell premium products, increase frequency"
13764,71,6,2953.26,295,2.6,571,492.21,0.0105,10.01,3,4,4,11,Loyal,0,2,Loyal Customers,"Upsell premium products, increase frequency"
13765,654,1,352.82,17,3.98,0,352.82,1.0,20.75,1,1,2,4,Hibernating,1,3,Lost,Minimal spend — low re-engagement ROI
13766,496,1,190.35,16,2.07,0,190.35,1.0,11.9,1,1,1,3,Lost,1,3,Lost,Minimal spend — low re-engagement ROI
13767,3,73,35540.53,117,3.72,736,486.86,0.0991,303.77,5,5,5,15,Champion,0,0,Champions,"Reward with loyalty perks, ask for reviews"
13768,727,2,875.97,30,3.45,4,437.98,0.4,29.2,1,2,3,6,Hibernating,1,3,Lost,Minimal spend — low re-engagement ROI
13769,3,20,5800.42,121,3.44,721,290.02,0.0277,47.94,5,5,5,15,Champion,0,0,Champions,"Reward with loyalty perks, ask for reviews"
13770,423,4,785.37,48,3.45,308,196.34,0.0129,16.36,1,3,3,7,At Risk,1,3,Lost,Minimal spend — low re-engagement ROI
13771,65,9,5728.82,182,2.85,588,636.54,0.0153,31.48,3,5,5,13,Champion,0,0,Champions,"Reward with loyalty perks, ask for reviews"
13772,34,8,3114.22,394,2.91,620,389.28,0.0129,7.9,4,4,5,13,Champion,0,2,Loyal Customers,"Upsell premium products, increase frequency"
13773,397,2,301.54,19,2.64,263,150.77,0.0076,15.87,2,2,2,6,Hibernating,1,3,Lost,Minimal spend — low re-engagement ROI
13774,82,1,345.0,22,3.29,0,345.0,1.0,15.68,3,1,2,6,Hibernating,0,1,At Risk,"Send win-back campaigns, offer discounts"
13775,591,1,1049.66,63,3.13,0,1049.66,1.0,16.66,1,1,3,5,Hibernating,1,3,Lost,Minimal spend — low re-engagement ROI
13776,429,2,623.98,1,311.99,0,311.99,2.0,623.98,1,2,3,6,Hibernating,1,3,Lost,Minimal spend — low re-engagement ROI
13777,1,61,56478.42,44,2.26,737,925.88,0.0827,1283.6,5,5,5,15,Champion,0,0,Champions,"Reward with loyalty perks, ask for reviews"
13778,104,4,1124.49,33,3.86,462,281.12,0.0086,34.08,3,3,3,9,At Risk,1,2,Loyal Customers,"Upsell premium products, increase frequency"
13779,516,1,161.13,27,4.03,0,161.13,1.0,5.97,1,1,1,3,Lost,1,3,Lost,Minimal spend — low re-engagement ROI
13780,8,3,735.82,90,2.54,399,245.27,0.0075,8.18,5,3,3,11,Loyal,0,1,At Risk,"Send win-back campaigns, offer discounts"
13781,251,3,778.83,56,3.84,470,259.61,0.0064,13.91,2,3,3,8,At Risk,1,1,At Risk,"Send win-back campaigns, offer discounts"
13782,13,13,1793.72,187,3.74,720,137.98,0.018,9.59,5,5,4,14,Champion,0,2,Loyal Customers,"Upsell premium products, increase frequency"
13783,488,4,1542.09,4,0.56,185,385.52,0.0215,385.52,1,3,4,8,At Risk,1,3,Lost,Minimal spend — low re-engagement ROI
13784,10,14,2910.23,13,3.15,440,207.87,0.0317,223.86,5,5,4,14,Champion,0,0,Champions,"Reward with loyalty perks, ask for reviews"
13785,429,4,542.49,26,5.63,31,135.62,0.125,20.86,1,3,2,6,Hibernating,1,3,Lost,Minimal spend — low re-engagement ROI
13786,368,6,3358.94,80,2.55,368,559.82,0.0163,41.99,2,4,5,11,Loyal,1,2,Loyal Customers,"Upsell premium products, increase frequency"
13787,76,6,1222.5,71,2.95,619,203.75,0.0097,17.22,3,4,3,10,Loyal,0,2,Loyal Customers,"Upsell premium products, increase frequency"
13788,506,1,3.75,1,3.75,0,3.75,1.0,3.75,1,1,1,3,Lost,1,3,Lost,Minimal spend — low re-engagement ROI
13789,389,1,239.46,18,1.04,0,239.46,1.0,13.3,2,1,1,4,Hibernating,1,3,Lost,Minimal spend — low re-engagement ROI
13790,5,1,348.8,45,0.77,0,348.8,1.0,7.75,5,1,2,8,At Risk,0,1,At Risk,"Send win-back campaigns, offer discounts"
13791,128,2,1516.0,7,1.25,40,758.0,0.0488,216.57,3,2,4,9,At Risk,1,2,Loyal Customers,"Upsell premium products, increase frequency"
13792,67,3,383.95,23,4.07,356,127.98,0.0084,16.69,3,3,2,8,At Risk,0,1,At Risk,"Send win-back campaigns, offer discounts"
13793,647,1,96.0,7,1.94,0,96.0,1.0,13.71,1,1,1,3,Lost,1,3,Lost,Minimal spend — low re-engagement ROI
13794,547,1,126.03,9,3.67,0,126.03,1.0,14.0,1,1,1,3,Lost,1,3,Lost,Minimal spend — low re-engagement ROI
13795,389,4,836.3,23,1.83,249,209.08,0.016,36.36,2,3,3,8,At Risk,1,3,Lost,Minimal spend — low re-engagement ROI
13796,500,1,289.7,22,2.3,0,289.7,1.0,13.17,1,1,1,3,Lost,1,3,Lost,Minimal spend — low re-engagement ROI
13797,437,3,1179.45,71,3.7,210,393.15,0.0142,16.61,1,3,3,7,At Risk,1,3,Lost,Minimal spend — low re-engagement ROI
13798,2,110,75836.87,168,2.3,729,689.43,0.1507,451.41,5,5,5,15,Champion,0,0,Champions,"Reward with loyalty perks, ask for reviews"
13799,117,9,2803.57,64,2.59,527,311.51,0.017,43.81,3,5,4,12,Loyal,1,2,Loyal Customers,"Upsell premium products, increase frequency"
13800,310,3,1679.56,73,2.67,427,559.85,0.007,23.01,2,3,4,9,At Risk,1,2,Loyal Customers,"Upsell premium products, increase frequency"
13801,67,1,324.8,23,3.95,0,324.8,1.0,14.12,3,1,2,6,Hibernating,0,1,At Risk,"Send win-back campaigns, offer discounts"
13802,139,19,26259.11,212,2.89,523,1382.06,0.0363,123.86,3,5,5,13,Champion,1,0,Champions,"Reward with loyalty perks, ask for reviews"
13803,256,3,1338.91,73,2.74,363,446.3,0.0082,18.34,2,3,4,9,At Risk,1,2,Loyal Customers,"Upsell premium products, increase frequency"
13804,31,9,3208.52,149,2.99,406,356.5,0.0221,21.53,4,5,5,14,Champion,0,2,Loyal Customers,"Upsell premium products, increase frequency"
13805,53,2,924.6,10,0.59,76,462.3,0.026,92.46,4,2,3,9,At Risk,0,1,At Risk,"Send win-back campaigns, offer discounts"
13806,64,1,256.38,10,5.23,0,256.38,1.0,25.64,3,1,1,5,Hibernating,0,1,At Risk,"Send win-back campaigns, offer discounts"
13807,368,3,534.8,24,6.59,368,178.27,0.0081,22.28,2,3,2,7,At Risk,1,3,Lost,Minimal spend — low re-engagement ROI
13808,6,5,1747.66,70,3.75,91,349.53,0.0543,24.97,5,4,4,13,Champion,0,2,Loyal Customers,"Upsell premium products, increase frequency"
13809,306,3,679.7,23,5.99,155,226.57,0.0192,29.55,2,3,3,8,At Risk,1,3,Lost,Minimal spend — low re-engagement ROI
13810,29,3,1499.01,32,21.28,27,499.67,0.1071,46.84,4,3,4,11,Loyal,0,2,Loyal Customers,"Upsell premium products, increase frequency"
13811,184,3,814.5,7,26.25,55,271.5,0.0536,116.36,3,3,3,9,At Risk,1,2,Loyal Customers,"Upsell premium products, increase frequency"
13812,43,3,539.0,33,3.59,63,179.67,0.0469,16.33,4,3,2,9,At Risk,0,1,At Risk,"Send win-back campaigns, offer discounts"
13813,40,8,2765.47,84,4.05,694,345.68,0.0115,32.92,4,4,4,12,Loyal,0,2,Loyal Customers,"Upsell premium products, increase frequency"
13814,93,3,2257.32,56,3.12,434,752.44,0.0069,40.31,3,3,4,10,Loyal,1,2,Loyal Customers,"Upsell premium products, increase frequency"
13815,23,8,7475.74,203,2.7,643,934.47,0.0124,36.83,4,4,5,13,Champion,0,0,Champions,"Reward with loyalty perks, ask for reviews"
13816,24,2,571.67,25,4.74,40,285.83,0.0488,22.87,4,2,2,8,At Risk,0,1,At Risk,"Send win-back campaigns, offer discounts"
13817,30,2,382.98,20,3.22,322,191.49,0.0062,19.15,4,2,2,8,At Risk,0,1,At Risk,"Send win-back campaigns, offer discounts"
13818,430,1,61.28,5,1.34,0,61.28,1.0,12.26,1,1,1,3,Lost,1,3,Lost,Minimal spend — low re-engagement ROI
13819,302,6,2642.35,47,2.1,436,440.39,0.0137,56.22,2,4,4,10,Loyal,1,2,Loyal Customers,"Upsell premium products, increase frequency"
13820,419,3,660.65,68,2.86,262,220.22,0.0114,9.72,1,3,3,7,At Risk,1,3,Lost,Minimal spend — low re-engagement ROI
13821,145,6,1410.73,158,3.56,559,235.12,0.0107,8.93,3,4,4,11,Loyal,1,2,Loyal Customers,"Upsell premium products, increase frequency"
13822,6,2,632.0,90,1.79,34,316.0,0.0571,7.02,5,2,3,10,Loyal,0,1,At Risk,"Send win-back campaigns, offer discounts"
13823,19,7,3403.45,108,4.7,705,486.21,0.0099,31.51,5,4,5,14,Champion,0,2,Loyal Customers,"Upsell premium products, increase frequency"
13824,33,12,3314.76,59,2.86,604,276.23,0.0198,56.18,4,5,5,14,Champion,0,0,Champions,"Reward with loyalty perks, ask for reviews"
13825,622,2,255.59,38,2.76,108,127.8,0.0183,6.73,1,2,1,4,Hibernating,1,3,Lost,Minimal spend — low re-engagement ROI
13826,177,1,189.5,10,5.73,0,189.5,1.0,18.95,3,1,1,5,Hibernating,1,1,At Risk,"Send win-back campaigns, offer discounts"
13827,58,3,412.05,83,3.74,85,137.35,0.0349,4.96,4,3,2,9,At Risk,0,1,At Risk,"Send win-back campaigns, offer discounts"
13828,23,1,209.49,15,1.9,0,209.49,1.0,13.97,4,1,1,6,Hibernating,0,1,At Risk,"Send win-back campaigns, offer discounts"
13829,422,1,102.0,1,8.5,0,102.0,1.0,102.0,1,1,1,3,Lost,1,3,Lost,Minimal spend — low re-engagement ROI
13830,582,1,156.85,11,7.18,0,156.85,1.0,14.26,1,1,1,3,Lost,1,3,Lost,Minimal spend — low re-engagement ROI
13831,17,18,7023.58,121,4.49,713,390.2,0.0252,58.05,5,5,5,15,Champion,0,0,Champions,"Reward with loyalty perks, ask for reviews"
13832,20,2,613.69,54,2.61,403,306.85,0.005,11.36,5,2,2,9,At Risk,0,1,At Risk,"Send win-back campaigns, offer discounts"
13833,160,2,701.36,43,4.61,244,350.68,0.0082,16.31,3,2,3,8,At Risk,1,1,At Risk,"Send win-back campaigns, offer discounts"
13834,577,2,324.19,15,5.72,92,162.1,0.0215,21.61,1,2,2,5,Hibernating,1,3,Lost,Minimal spend — low re-engagement ROI
13835,26,7,1095.27,60,3.76,620,156.47,0.0113,18.25,4,4,3,11,Loyal,0,2,Loyal Customers,"Upsell premium products, increase frequency"
13836,400,2,620.37,29,4.03,15,310.18,0.125,21.39,2,2,3,7,At Risk,1,3,Lost,Minimal spend — low re-engagement ROI
13837,212,2,271.24,17,2.2,105,135.62,0.0189,15.96,2,2,1,5,Hibernating,1,1,At Risk,"Send win-back campaigns, offer discounts"
13838,6,10,1966.09,328,3.12,573,196.61,0.0174,5.99,5,5,4,14,Champion,0,2,Loyal Customers,"Upsell premium products, increase frequency"
13839,487,1,139.95,7,5.64,0,139.95,1.0,19.99,1,1,1,3,Lost,1,3,Lost,Minimal spend — low re-engagement ROI
13840,417,1,651.4,40,2.87,0,651.4,1.0,16.28,1,1,3,5,Hibernating,1,3,Lost,Minimal spend — low re-engagement ROI
13841,253,1,85.0,1,0.85,0,85.0,1.0,85.0,2,1,1,4,Hibernating,1,1,At Risk,"Send win-back campaigns, offer discounts"
13842,59,18,5629.91,214,4.14,602,312.77,0.0299,26.31,4,5,5,14,Champion,0,0,Champions,"Reward with loyalty perks, ask for reviews"
13843,382,1,319.75,18,3.92,0,319.75,1.0,17.76,2,1,2,5,Hibernating,1,3,Lost,Minimal spend — low re-engagement ROI
13844,12,1,361.62,20,2.46,0,361.62,1.0,18.08,5,1,2,8,At Risk,0,1,At Risk,"Send win-back campaigns, offer discounts"
13845,65,1,312.98,9,1.95,0,312.98,1.0,34.78,3,1,2,6,Hibernating,0,1,At Risk,"Send win-back campaigns, offer discounts"
13846,25,4,1307.79,81,3.16,375,326.95,0.0106,16.15,4,3,4,11,Loyal,0,2,Loyal Customers,"Upsell premium products, increase frequency"
13847,720,1,310.72,19,5.93,0,310.72,1.0,16.35,1,1,2,4,Hibernating,1,3,Lost,Minimal spend — low re-engagement ROI
13848,93,8,3335.0,3,0.38,637,416.88,0.0125,1111.67,3,4,5,12,Loyal,1,2,Loyal Customers,"Upsell premium products, increase frequency"
13849,52,5,3469.3,189,3.66,572,693.86,0.0087,18.36,4,4,5,13,Champion,0,2,Loyal Customers,"Upsell premium products, increase frequency"
13850,130,1,1595.48,93,2.42,0,1595.48,1.0,17.16,3,1,4,8,At Risk,1,1,At Risk,"Send win-back campaigns, offer discounts"
13851,96,8,4606.46,111,2.67,584,575.81,0.0137,41.5,3,4,5,12,Loyal,1,2,Loyal Customers,"Upsell premium products, increase frequency"
13852,611,1,187.35,11,3.74,0,187.35,1.0,17.03,1,1,1,3,Lost,1,3,Lost,Minimal spend — low re-engagement ROI
13853,58,1,1090.14,23,4.55,0,1090.14,1.0,47.4,4,1,3,8,At Risk,0,1,At Risk,"Send win-back campaigns, offer discounts"
13854,9,39,12253.96,61,4.38,691,314.2,0.0564,200.88,5,5,5,15,Champion,0,0,Champions,"Reward with loyalty perks, ask for reviews"
13855,501,4,1310.34,64,3.15,230,327.58,0.0173,20.47,1,3,4,8,At Risk,1,3,Lost,Minimal spend — low re-engagement ROI
13856,169,11,1142.03,33,3.58,450,103.82,0.0244,34.61,3,5,3,11,Loyal,1,2,Loyal Customers,"Upsell premium products, increase frequency"
13857,394,6,1001.01,99,2.15,177,166.84,0.0337,10.11,2,4,3,9,At Risk,1,2,Loyal Customers,"Upsell premium products, increase frequency"
13858,58,1,216.17,11,4.34,0,216.17,1.0,19.65,4,1,1,6,Hibernating,0,1,At Risk,"Send win-back campaigns, offer discounts"
13859,327,2,515.86,34,4.35,203,257.93,0.0098,15.17,2,2,2,6,Hibernating,1,3,Lost,Minimal spend — low re-engagement ROI
13860,2,5,1245.9,58,3.51,85,249.18,0.0581,21.48,5,4,3,12,Loyal,0,2,Loyal Customers,"Upsell premium products, increase frequency"
13861,430,2,273.26,21,2.77,101,136.63,0.0196,13.01,1,2,1,4,Hibernating,1,3,Lost,Minimal spend — low re-engagement ROI
13862,19,9,2556.09,113,1.74,371,284.01,0.0242,22.62,5,5,4,14,Champion,0,2,Loyal Customers,"Upsell premium products, increase frequency"
13863,248,4,1239.55,59,4.39,345,309.89,0.0116,21.01,2,3,3,8,At Risk,1,2,Loyal Customers,"Upsell premium products, increase frequency"
13864,387,1,662.4,1,3.45,0,662.4,1.0,662.4,2,1,3,6,Hibernating,1,3,Lost,Minimal spend — low re-engagement ROI
13865,59,4,501.56,26,3.9,231,125.39,0.0172,19.29,4,3,2,9,At Risk,0,1,At Risk,"Send win-back campaigns, offer discounts"
13866,75,1,145.67,7,3.38,0,145.67,1.0,20.81,3,1,1,5,Hibernating,0,1,At Risk,"Send win-back campaigns, offer discounts"
13867,32,3,1015.29,51,3.94,186,338.43,0.016,19.91,4,3,3,10,Loyal,0,2,Loyal Customers,"Upsell premium products, increase frequency"
13868,8,2,3192.54,32,1.85,31,1596.27,0.0625,99.77,5,2,5,12,Loyal,0,2,Loyal Customers,"Upsell premium products, increase frequency"
13869,124,10,8111.57,502,2.99,567,811.16,0.0176,16.16,3,5,5,13,Champion,1,0,Champions,"Reward with loyalty perks, ask for reviews"
13870,3,15,5712.08,159,2.44,667,380.81,0.0225,35.93,5,5,5,15,Champion,0,0,Champions,"Reward with loyalty perks, ask for reviews"
13871,23,17,7885.85,183,3.69,696,463.87,0.0244,43.09,4,5,5,14,Champion,0,0,Champions,"Reward with loyalty perks, ask for reviews"
13872,528,3,919.57,51,4.24,198,306.52,0.0151,18.03,1,3,3,7,At Risk,1,3,Lost,Minimal spend — low re-engagement ROI
13873,120,8,1038.92,55,4.61,526,129.86,0.0152,18.89,3,4,3,10,Loyal,1,2,Loyal Customers,"Upsell premium products, increase frequency"
13874,359,7,2049.15,46,3.77,314,292.74,0.0222,44.55,2,4,4,10,Loyal,1,2,Loyal Customers,"Upsell premium products, increase frequency"
13875,54,14,4814.37,159,3.35,668,343.88,0.0209,30.28,4,5,5,14,Champion,0,0,Champions,"Reward with loyalty perks, ask for reviews"
13876,64,1,122.7,7,5.11,0,122.7,1.0,17.53,3,1,1,5,Hibernating,0,1,At Risk,"Send win-back campaigns, offer discounts"
13877,87,3,449.68,23,2.44,603,149.89,0.005,19.55,3,3,2,8,At Risk,0,1,At Risk,"Send win-back campaigns, offer discounts"
13878,55,4,2473.06,93,4.43,549,618.26,0.0073,26.59,4,3,4,11,Loyal,0,2,Loyal Customers,"Upsell premium products, increase frequency"
13879,646,1,395.5,25,3.27,0,395.5,1.0,15.82,1,1,2,4,Hibernating,1,3,Lost,Minimal spend — low re-engagement ROI
13880,22,17,4391.66,148,2.53,540,258.33,0.0314,29.67,4,5,5,14,Champion,0,0,Champions,"Reward with loyalty perks, ask for reviews"
13881,4,43,45179.1,182,2.79,641,1050.68,0.067,248.24,5,5,5,15,Champion,0,0,Champions,"Reward with loyalty perks, ask for reviews"
13882,3,5,1191.13,54,3.38,61,238.23,0.0806,22.06,5,4,3,12,Loyal,0,2,Loyal Customers,"Upsell premium products, increase frequency"
13883,11,15,6560.02,200,3.21,720,437.33,0.0208,32.8,5,5,5,15,Champion,0,0,Champions,"Reward with loyalty perks, ask for reviews"
13884,8,10,1888.48,108,3.44,462,188.85,0.0216,17.49,5,5,4,14,Champion,0,2,Loyal Customers,"Upsell premium products, increase frequency"
13885,190,2,506.8,28,3.96,11,253.4,0.1667,18.1,3,2,2,7,At Risk,1,1,At Risk,"Send win-back campaigns, offer discounts"
13886,72,1,243.56,16,3.81,0,243.56,1.0,15.22,3,1,1,5,Hibernating,0,1,At Risk,"Send win-back campaigns, offer discounts"
13887,205,1,349.55,19,3.85,0,349.55,1.0,18.4,2,1,2,5,Hibernating,1,1,At Risk,"Send win-back campaigns, offer discounts"
13888,120,7,2169.05,124,4.04,455,309.86,0.0154,17.49,3,4,4,11,Loyal,1,2,Loyal Customers,"Upsell premium products, increase frequency"
13889,93,6,1991.23,57,2.93,593,331.87,0.0101,34.93,3,4,4,11,Loyal,1,2,Loyal Customers,"Upsell premium products, increase frequency"
13890,2,14,2927.38,100,3.24,732,209.1,0.0191,29.27,5,5,4,14,Champion,0,0,Champions,"Reward with loyalty perks, ask for reviews"
13891,379,3,863.56,97,2.57,203,287.85,0.0147,8.9,2,3,3,8,At Risk,1,3,Lost,Minimal spend — low re-engagement ROI
13892,27,6,1267.65,33,0.97,549,211.28,0.0109,38.41,4,4,4,12,Loyal,0,2,Loyal Customers,"Upsell premium products, increase frequency"
13893,298,1,821.1,21,6.2,0,821.1,1.0,39.1,2,1,3,6,Hibernating,1,1,At Risk,"Send win-back campaigns, offer discounts"
13894,24,3,564.62,25,2.67,286,188.21,0.0105,22.58,4,3,2,9,At Risk,0,1,At Risk,"Send win-back campaigns, offer discounts"
13895,29,6,4008.52,154,3.81,708,668.09,0.0085,26.03,4,4,5,13,Champion,0,2,Loyal Customers,"Upsell premium products, increase frequency"
13896,626,1,388.55,21,3.25,0,388.55,1.0,18.5,1,1,2,4,Hibernating,1,3,Lost,Minimal spend — low re-engagement ROI
13897,51,3,1160.72,58,2.23,627,386.91,0.0048,20.01,4,3,3,10,Loyal,0,2,Loyal Customers,"Upsell premium products, increase frequency"
13898,326,2,686.4,43,2.03,85,343.2,0.0233,15.96,2,2,3,7,At Risk,1,3,Lost,Minimal spend — low re-engagement ROI
13899,17,2,388.52,19,3.03,258,194.26,0.0077,20.45,5,2,2,9,At Risk,0,1,At Risk,"Send win-back campaigns, offer discounts"
13900,184,6,1610.59,80,2.91,441,268.43,0.0136,20.13,3,4,4,11,Loyal,1,2,Loyal Customers,"Upsell premium products, increase frequency"
13901,73,15,5676.34,280,3.7,631,378.42,0.0237,20.27,3,5,5,13,Champion,0,0,Champions,"Reward with loyalty perks, ask for reviews"
13902,633,5,34095.26,58,0.83,92,6819.05,0.0538,587.85,1,4,5,10,Loyal,1,0,Champions,"Reward with loyalty perks, ask for reviews"
13903,401,1,165.45,10,3.18,0,165.45,1.0,16.54,2,1,1,4,Hibernating,1,3,Lost,Minimal spend — low re-engagement ROI
13904,38,2,332.64,24,1.32,257,166.32,0.0078,13.86,4,2,2,8,At Risk,0,1,At Risk,"Send win-back campaigns, offer discounts"
13905,733,1,312.65,12,4.83,0,312.65,1.0,26.05,1,1,2,4,Hibernating,1,3,Lost,Minimal spend — low re-engagement ROI
13906,410,1,42.0,1,0.42,0,42.0,1.0,42.0,2,1,1,4,Hibernating,1,3,Lost,Minimal spend — low re-engagement ROI
13907,692,1,136.8,4,2.11,0,136.8,1.0,34.2,1,1,1,3,Lost,1,3,Lost,Minimal spend — low re-engagement ROI
13908,80,4,2369.55,104,2.87,196,592.39,0.0203,22.78,3,3,4,10,Loyal,0,2,Loyal Customers,"Upsell premium products, increase frequency"
13909,424,2,286.6,35,3.51,98,143.3,0.0202,8.19,1,2,1,4,Hibernating,1,3,Lost,Minimal spend — low re-engagement ROI
13911,58,20,4234.99,178,2.27,590,211.75,0.0338,23.79,4,5,5,14,Champion,0,0,Champions,"Reward with loyalty perks, ask for reviews"
13912,424,1,124.95,7,4.95,0,124.95,1.0,17.85,1,1,1,3,Lost,1,3,Lost,Minimal spend — low re-engagement ROI
13913,507,1,42.22,3,10.13,0,42.22,1.0,14.07,1,1,1,3,Lost,1,3,Lost,Minimal spend — low re-engagement ROI
13914,12,2,626.45,28,2.55,24,313.23,0.08,22.37,5,2,3,10,Loyal,0,1,At Risk,"Send win-back campaigns, offer discounts"
13915,395,1,70.8,2,2.95,0,70.8,1.0,35.4,2,1,1,4,Hibernating,1,3,Lost,Minimal spend — low re-engagement ROI
13916,464,4,1275.81,72,5.17,211,318.95,0.0189,17.72,1,3,4,8,At Risk,1,3,Lost,Minimal spend — low re-engagement ROI
13917,50,2,272.04,16,2.02,141,136.02,0.0141,17.0,4,2,1,7,At Risk,0,1,At Risk,"Send win-back campaigns, offer discounts"
13918,50,2,1212.84,30,2.19,203,606.42,0.0098,40.43,4,2,3,9,At Risk,0,2,Loyal Customers,"Upsell premium products, increase frequency"
13919,60,4,1360.68,65,2.9,481,340.17,0.0083,20.93,3,3,4,10,Loyal,0,2,Loyal Customers,"Upsell premium products, increase frequency"
13920,432,4,1774.68,81,2.55,130,443.67,0.0305,21.91,1,3,4,8,At Risk,1,3,Lost,Minimal spend — low re-engagement ROI
13921,403,4,730.7,36,5.39,319,182.68,0.0125,20.3,2,3,3,8,At Risk,1,3,Lost,Minimal spend — low re-engagement ROI
13922,352,3,865.2,30,3.06,115,288.4,0.0259,28.84,2,3,3,8,At Risk,1,3,Lost,Minimal spend — low re-engagement ROI
13923,54,1,351.13,20,2.97,0,351.13,1.0,17.56,4,1,2,7,At Risk,0,1,At Risk,"Send win-back campaigns, offer discounts"
13924,2,6,1838.85,90,2.61,70,306.47,0.0845,20.43,5,4,4,13,Champion,0,2,Loyal Customers,"Upsell premium products, increase frequency"
13925,93,4,678.25,28,5.91,42,169.56,0.093,24.22,3,3,3,9,At Risk,1,2,Loyal Customers,"Upsell premium products, increase frequency"
13926,24,1,223.85,11,6.53,0,223.85,1.0,20.35,4,1,1,6,Hibernating,0,1,At Risk,"Send win-back campaigns, offer discounts"
13927,75,2,708.26,37,2.68,362,354.13,0.0055,19.14,3,2,3,8,At Risk,0,1,At Risk,"Send win-back campaigns, offer discounts"
13928,11,4,464.57,23,5.77,122,116.14,0.0325,20.2,5,3,2,10,Loyal,0,1,At Risk,"Send win-back campaigns, offer discounts"
13929,170,11,3494.1,38,3.61,525,317.65,0.0209,91.95,3,5,5,13,Champion,1,0,Champions,"Reward with loyalty perks, ask for reviews"
13930,58,2,337.34,15,1.64,78,168.67,0.0253,22.49,4,2,2,8,At Risk,0,1,At Risk,"Send win-back campaigns, offer discounts"
13931,96,11,5257.38,205,2.38,640,477.94,0.0172,25.65,3,5,5,13,Champion,1,0,Champions,"Reward with loyalty perks, ask for reviews"
13932,295,1,307.4,16,6.1,0,307.4,1.0,19.21,2,1,2,5,Hibernating,1,1,At Risk,"Send win-back campaigns, offer discounts"
13933,110,2,608.79,23,3.46,39,304.4,0.05,26.47,3,2,2,7,At Risk,1,1,At Risk,"Send win-back campaigns, offer discounts"
13934,264,1,922.1,31,3.19,0,922.1,1.0,29.75,2,1,3,6,Hibernating,1,1,At Risk,"Send win-back campaigns, offer discounts"
13935,597,3,6116.92,67,3.94,55,2038.97,0.0536,91.3,1,3,5,9,At Risk,1,3,Lost,Minimal spend — low re-engagement ROI
13936,180,3,939.66,56,2.3,234,313.22,0.0128,16.78,3,3,3,9,At Risk,1,2,Loyal Customers,"Upsell premium products, increase frequency"
13937,170,2,880.13,54,2.46,233,440.06,0.0085,16.3,3,2,3,8,At Risk,1,1,At Risk,"Send win-back campaigns, offer discounts"
13938,36,1,71.66,7,1.01,0,71.66,1.0,10.24,4,1,1,6,Hibernating,0,1,At Risk,"Send win-back campaigns, offer discounts"
13939,24,7,1560.96,91,1.79,589,222.99,0.0119,17.15,4,4,4,12,Loyal,0,2,Loyal Customers,"Upsell premium products, increase frequency"
13940,18,4,839.14,39,3.12,126,209.78,0.0315,21.52,5,3,3,11,Loyal,0,2,Loyal Customers,"Upsell premium products, increase frequency"
13941,22,15,11122.3,42,3.27,701,741.49,0.0214,264.82,4,5,5,14,Champion,0,0,Champions,"Reward with loyalty perks, ask for reviews"
13942,535,1,320.0,1,0.32,0,320.0,1.0,320.0,1,1,2,4,Hibernating,1,3,Lost,Minimal spend — low re-engagement ROI
13943,578,1,246.54,15,4.41,0,246.54,1.0,16.44,1,1,1,3,Lost,1,3,Lost,Minimal spend — low re-engagement ROI
13944,654,1,200.43,35,1.82,0,200.43,1.0,5.73,1,1,1,3,Lost,1,3,Lost,Minimal spend — low re-engagement ROI
13945,395,2,854.15,49,3.37,85,427.08,0.0233,17.43,2,2,3,7,At Risk,1,3,Lost,Minimal spend — low re-engagement ROI
13946,80,6,1876.23,49,1.94,656,312.7,0.0091,38.29,3,4,4,11,Loyal,0,2,Loyal Customers,"Upsell premium products, increase frequency"
13947,66,1,90.6,5,2.93,0,90.6,1.0,18.12,3,1,1,5,Hibernating,0,1,At Risk,"Send win-back campaigns, offer discounts"
13948,361,4,548.76,23,3.52,374,137.19,0.0107,23.86,2,3,2,7,At Risk,1,3,Lost,Minimal spend — low re-engagement ROI
13949,3,6,2427.32,124,1.46,91,404.55,0.0652,19.58,5,4,4,13,Champion,0,2,Loyal Customers,"Upsell premium products, increase frequency"
13950,12,4,745.06,33,4.59,235,186.26,0.0169,22.58,5,3,3,11,Loyal,0,2,Loyal Customers,"Upsell premium products, increase frequency"
13951,177,3,674.45,38,3.49,118,224.82,0.0252,17.75,3,3,3,9,At Risk,1,1,At Risk,"Send win-back campaigns, offer discounts"
13952,218,14,12823.52,238,3.73,505,915.97,0.0277,53.88,2,5,5,12,Loyal,1,0,Champions,"Reward with loyalty perks, ask for reviews"
13953,8,12,6640.68,8,2.08,721,553.39,0.0166,830.08,5,5,5,15,Champion,0,0,Champions,"Reward with loyalty perks, ask for reviews"
13954,2,2,439.92,24,5.45,69,219.96,0.0286,18.33,5,2,2,9,At Risk,0,1,At Risk,"Send win-back campaigns, offer discounts"
13955,155,3,545.17,82,2.94,220,181.72,0.0136,6.65,3,3,2,8,At Risk,1,1,At Risk,"Send win-back campaigns, offer discounts"
13956,6,5,1026.42,123,3.42,266,205.28,0.0187,8.34,5,4,3,12,Loyal,0,2,Loyal Customers,"Upsell premium products, increase frequency"
13957,418,3,458.25,21,5.24,240,152.75,0.0124,21.82,1,3,2,6,Hibernating,1,3,Lost,Minimal spend — low re-engagement ROI
13958,380,8,4709.23,172,4.15,354,588.65,0.0225,27.38,2,4,5,11,Loyal,1,2,Loyal Customers,"Upsell premium products, increase frequency"
13959,80,6,1076.18,120,2.39,431,179.36,0.0139,8.97,3,4,3,10,Loyal,0,2,Loyal Customers,"Upsell premium products, increase frequency"
13960,22,2,230.22,11,2.11,50,115.11,0.0392,20.93,4,2,1,7,At Risk,0,1,At Risk,"Send win-back campaigns, offer discounts"
13961,393,1,538.4,19,3.26,0,538.4,1.0,28.34,2,1,2,5,Hibernating,1,3,Lost,Minimal spend — low re-engagement ROI
13962,22,3,362.8,23,5.92,413,120.93,0.0072,15.77,4,3,2,9,At Risk,0,1,At Risk,"Send win-back campaigns, offer discounts"
13963,309,17,3011.87,129,3.55,288,177.17,0.0588,23.35,2,5,5,12,Loyal,1,0,Champions,"Reward with loyalty perks, ask for reviews"
13964,388,2,438.9,22,2.88,43,219.45,0.0455,19.95,2,2,2,6,Hibernating,1,3,Lost,Minimal spend — low re-engagement ROI
13965,477,3,996.61,23,3.52,226,332.2,0.0132,43.33,1,3,3,7,At Risk,1,3,Lost,Minimal spend — low re-engagement ROI
13966,436,1,390.86,21,1.55,0,390.86,1.0,18.61,1,1,2,4,Hibernating,1,3,Lost,Minimal spend — low re-engagement ROI
13967,146,2,166.3,4,4.68,250,83.15,0.008,41.58,3,2,1,6,Hibernating,1,1,At Risk,"Send win-back campaigns, offer discounts"
13968,424,1,123.66,8,1.0,0,123.66,1.0,15.46,1,1,1,3,Lost,1,3,Lost,Minimal spend — low re-engagement ROI
13969,8,35,13365.87,472,2.7,617,381.88,0.0566,28.32,5,5,5,15,Champion,0,0,Champions,"Reward with loyalty perks, ask for reviews"
13970,387,2,846.55,10,3.26,51,423.28,0.0385,84.66,2,2,3,7,At Risk,1,3,Lost,Minimal spend — low re-engagement ROI
13971,19,14,4667.57,184,2.37,664,333.4,0.0211,25.37,5,5,5,15,Champion,0,0,Champions,"Reward with loyalty perks, ask for reviews"
13972,71,2,190.25,15,2.55,131,95.12,0.0152,12.68,3,2,1,6,Hibernating,0,1,At Risk,"Send win-back campaigns, offer discounts"
13973,288,1,264.7,11,3.76,0,264.7,1.0,24.06,2,1,1,4,Hibernating,1,1,At Risk,"Send win-back campaigns, offer discounts"
13974,50,2,677.72,43,2.69,532,338.86,0.0038,15.76,4,2,3,9,At Risk,0,1,At Risk,"Send win-back campaigns, offer discounts"
13975,32,12,5358.84,434,2.0,644,446.57,0.0186,12.35,4,5,5,14,Champion,0,0,Champions,"Reward with loyalty perks, ask for reviews"
13976,207,4,1192.36,49,4.66,461,298.09,0.0087,24.33,2,3,3,8,At Risk,1,2,Loyal Customers,"Upsell premium products, increase frequency"
13977,412,1,519.81,13,2.51,0,519.81,1.0,39.99,1,1,2,4,Hibernating,1,3,Lost,Minimal spend — low re-engagement ROI
13978,15,2,196.79,14,1.21,30,98.4,0.0645,14.06,5,2,1,8,At Risk,0,1,At Risk,"Send win-back campaigns, offer discounts"
13979,74,7,3416.23,356,2.55,663,488.03,0.0105,9.6,3,4,5,12,Loyal,0,2,Loyal Customers,"Upsell premium products, increase frequency"
13980,61,5,799.92,57,3.63,595,159.98,0.0084,14.03,3,4,3,10,Loyal,0,2,Loyal Customers,"Upsell premium products, increase frequency"
13981,416,1,331.14,22,3.4,0,331.14,1.0,15.05,1,1,2,4,Hibernating,1,3,Lost,Minimal spend — low re-engagement ROI
13982,40,9,4445.59,123,2.28,649,493.95,0.0138,36.14,4,5,5,14,Champion,0,0,Champions,"Reward with loyalty perks, ask for reviews"
13983,30,21,7108.45,238,3.56,700,338.5,0.03,29.87,4,5,5,14,Champion,0,0,Champions,"Reward with loyalty perks, ask for reviews"
13984,27,12,2048.6,53,1.97,706,170.72,0.017,38.65,4,5,4,13,Champion,0,2,Loyal Customers,"Upsell premium products, increase frequency"
13985,5,22,10020.86,149,2.48,664,455.49,0.0331,67.25,5,5,5,15,Champion,0,0,Champions,"Reward with loyalty perks, ask for reviews"
13986,18,1,320.46,12,1.86,0,320.46,1.0,26.7,5,1,2,8,At Risk,0,1,At Risk,"Send win-back campaigns, offer discounts"
13987,380,2,682.54,46,1.92,21,341.27,0.0909,14.84,2,2,3,7,At Risk,1,3,Lost,Minimal spend — low re-engagement ROI
13988,20,8,4757.8,218,2.99,605,594.72,0.0132,21.82,5,4,5,14,Champion,0,0,Champions,"Reward with loyalty perks, ask for reviews"
13989,66,5,2026.06,61,1.84,497,405.21,0.01,33.21,3,4,4,11,Loyal,0,2,Loyal Customers,"Upsell premium products, increase frequency"
13990,214,1,311.3,16,2.66,0,311.3,1.0,19.46,2,1,2,5,Hibernating,1,1,At Risk,"Send win-back campaigns, offer discounts"
13991,13,6,855.97,58,1.49,131,142.66,0.0455,14.76,5,4,3,12,Loyal,0,2,Loyal Customers,"Upsell premium products, increase frequency"
13992,31,3,219.5,10,1.95,432,73.17,0.0069,21.95,4,3,1,8,At Risk,0,1,At Risk,"Send win-back campaigns, offer discounts"
13993,43,19,6775.71,110,4.89,693,356.62,0.0274,61.6,4,5,5,14,Champion,0,0,Champions,"Reward with loyalty perks, ask for reviews"
13994,4,6,2313.14,122,3.81,144,385.52,0.0414,18.96,5,4,4,13,Champion,0,2,Loyal Customers,"Upsell premium products, increase frequency"
13995,16,14,3902.01,146,2.4,706,278.72,0.0198,26.73,5,5,5,15,Champion,0,0,Champions,"Reward with loyalty perks, ask for reviews"
13996,387,2,895.76,29,3.61,13,447.88,0.1429,30.89,2,2,3,7,At Risk,1,3,Lost,Minimal spend — low re-engagement ROI
13997,520,3,382.31,36,4.43,31,127.44,0.0938,10.62,1,3,2,6,Hibernating,1,3,Lost,Minimal spend — low re-engagement ROI
13998,447,3,566.7,30,4.8,129,188.9,0.0231,18.89,1,3,2,6,Hibernating,1,3,Lost,Minimal spend — low re-engagement ROI
13999,11,29,9502.26,174,2.58,724,327.66,0.04,54.61,5,5,5,15,Champion,0,0,Champions,"Reward with loyalty perks, ask for reviews"
14000,212,5,2046.34,28,2.05,526,409.27,0.0095,73.08,2,4,4,10,Loyal,1,2,Loyal Customers,"Upsell premium products, increase frequency"
14001,46,9,4530.09,60,3.36,447,503.34,0.0201,75.5,4,5,5,14,Champion,0,0,Champions,"Reward with loyalty perks, ask for reviews"
14002,135,2,529.73,47,2.41,22,264.86,0.087,11.27,3,2,2,7,At Risk,1,1,At Risk,"Send win-back campaigns, offer discounts"
14003,733,1,209.41,16,2.95,0,209.41,1.0,13.09,1,1,1,3,Lost,1,3,Lost,Minimal spend — low re-engagement ROI
14004,44,11,6258.45,127,3.1,392,568.95,0.028,49.28,4,5,5,14,Champion,0,0,Champions,"Reward with loyalty perks, ask for reviews"
14005,10,5,2874.72,53,2.21,206,574.94,0.0242,54.24,5,4,4,13,Champion,0,2,Loyal Customers,"Upsell premium products, increase frequency"
14006,116,7,2196.67,55,1.86,536,313.81,0.013,39.94,3,4,4,11,Loyal,1,2,Loyal Customers,"Upsell premium products, increase frequency"
14007,513,1,79.48,5,6.36,0,79.48,1.0,15.9,1,1,1,3,Lost,1,3,Lost,Minimal spend — low re-engagement ROI
14008,433,1,509.04,32,2.13,0,509.04,1.0,15.91,1,1,2,4,Hibernating,1,3,Lost,Minimal spend — low re-engagement ROI
14009,199,3,1099.91,71,2.29,264,366.64,0.0113,15.49,2,3,3,8,At Risk,1,2,Loyal Customers,"Upsell premium products, increase frequency"
14010,566,2,445.15,20,2.91,0,222.58,2.0,22.26,1,2,2,5,Hibernating,1,3,Lost,Minimal spend — low re-engagement ROI
14011,481,2,457.82,32,1.28,127,228.91,0.0156,14.31,1,2,2,5,Hibernating,1,3,Lost,Minimal spend — low re-engagement ROI
14012,278,1,328.8,11,2.83,0,328.8,1.0,29.89,2,1,2,5,Hibernating,1,1,At Risk,"Send win-back campaigns, offer discounts"
14013,111,5,1084.57,56,2.72,513,216.91,0.0097,19.37,3,4,3,10,Loyal,1,2,Loyal Customers,"Upsell premium products, increase frequency"
14014,78,3,1948.21,76,2.09,499,649.4,0.006,25.63,3,3,4,10,Loyal,0,2,Loyal Customers,"Upsell premium products, increase frequency"
14015,53,1,917.34,20,3.11,0,917.34,1.0,45.87,4,1,3,8,At Risk,0,1,At Risk,"Send win-back campaigns, offer discounts"
14016,162,11,11403.41,354,3.51,538,1036.67,0.0204,32.21,3,5,5,13,Champion,1,0,Champions,"Reward with loyalty perks, ask for reviews"
14017,572,1,229.75,14,4.65,0,229.75,1.0,16.41,1,1,1,3,Lost,1,3,Lost,Minimal spend — low re-engagement ROI
14018,646,1,367.15,13,2.63,0,367.15,1.0,28.24,1,1,2,4,Hibernating,1,3,Lost,Minimal spend — low re-engagement ROI
14019,47,3,1421.61,37,2.41,91,473.87,0.0326,38.42,4,3,4,11,Loyal,0,2,Loyal Customers,"Upsell premium products, increase frequency"
14020,17,4,1249.01,63,3.7,512,312.25,0.0078,19.83,5,3,4,12,Loyal,0,2,Loyal Customers,"Upsell premium products, increase frequency"
14021,156,7,1716.58,84,3.82,437,245.23,0.016,20.44,3,4,4,11,Loyal,1,2,Loyal Customers,"Upsell premium products, increase frequency"
14022,226,2,792.15,45,1.78,261,396.08,0.0076,17.6,2,2,3,7,At Risk,1,1,At Risk,"Send win-back campaigns, offer discounts"
14023,8,2,584.07,30,2.87,242,292.04,0.0082,19.47,5,2,2,9,At Risk,0,1,At Risk,"Send win-back campaigns, offer discounts"
14024,122,3,645.74,33,4.76,269,215.25,0.0111,19.57,3,3,3,9,At Risk,1,1,At Risk,"Send win-back campaigns, offer discounts"
14025,465,8,4057.9,60,4.16,119,507.24,0.0667,67.63,1,4,5,10,Loyal,1,2,Loyal Customers,"Upsell premium products, increase frequency"
14026,471,2,713.11,43,2.39,154,356.56,0.0129,16.58,1,2,3,6,Hibernating,1,3,Lost,Minimal spend — low re-engagement ROI
14027,61,1,104.82,6,2.14,0,104.82,1.0,17.47,3,1,1,5,Hibernating,0,1,At Risk,"Send win-back campaigns, offer discounts"
14028,551,3,10396.5,3,1.45,0,3465.5,3.0,3465.5,1,3,5,9,At Risk,1,3,Lost,Minimal spend — low re-engagement ROI
14029,64,2,467.66,15,4.37,80,233.83,0.0247,31.18,3,2,2,7,At Risk,0,1,At Risk,"Send win-back campaigns, offer discounts"
14030,19,20,8262.29,591,3.95,710,413.11,0.0281,13.98,5,5,5,15,Champion,0,0,Champions,"Reward with loyalty perks, ask for reviews"
14031,8,44,40999.17,280,4.38,729,931.8,0.0603,146.43,5,5,5,15,Champion,0,0,Champions,"Reward with loyalty perks, ask for reviews"
14032,3,16,4850.27,79,2.17,723,303.14,0.0221,61.4,5,5,5,15,Champion,0,0,Champions,"Reward with loyalty perks, ask for reviews"
14033,556,1,109.44,1,0.19,0,109.44,1.0,109.44,1,1,1,3,Lost,1,3,Lost,Minimal spend — low re-engagement ROI
14034,23,3,651.82,82,2.35,135,217.27,0.0221,7.95,4,3,3,10,Loyal,0,1,At Risk,"Send win-back campaigns, offer discounts"
14035,29,9,2856.72,70,2.93,583,317.41,0.0154,40.81,4,5,4,13,Champion,0,2,Loyal Customers,"Upsell premium products, increase frequency"
14036,285,1,626.65,38,4.37,0,626.65,1.0,16.49,2,1,3,6,Hibernating,1,1,At Risk,"Send win-back campaigns, offer discounts"
14037,177,6,836.95,96,2.31,556,139.49,0.0108,8.72,3,4,3,10,Loyal,1,2,Loyal Customers,"Upsell premium products, increase frequency"
14038,79,5,3069.88,99,2.32,595,613.98,0.0084,31.01,3,4,5,12,Loyal,0,2,Loyal Customers,"Upsell premium products, increase frequency"
14039,34,2,267.28,10,2.95,542,133.64,0.0037,26.73,4,2,1,7,At Risk,0,1,At Risk,"Send win-back campaigns, offer discounts"
14040,41,35,12645.57,335,3.76,698,361.3,0.0501,37.75,4,5,5,14,Champion,0,0,Champions,"Reward with loyalty perks, ask for reviews"
14041,267,1,141.41,21,1.87,0,141.41,1.0,6.73,2,1,1,4,Hibernating,1,1,At Risk,"Send win-back campaigns, offer discounts"
14042,726,1,431.98,21,3.74,0,431.98,1.0,20.57,1,1,2,4,Hibernating,1,3,Lost,Minimal spend — low re-engagement ROI
14043,492,2,304.25,37,2.63,238,152.12,0.0084,8.22,1,2,2,5,Hibernating,1,3,Lost,Minimal spend — low re-engagement ROI
14044,27,10,3123.1,533,2.5,657,312.31,0.0152,5.86,4,5,5,14,Champion,0,0,Champions,"Reward with loyalty perks, ask for reviews"
14045,110,16,11313.03,16,3.51,591,707.06,0.027,707.06,3,5,5,13,Champion,1,0,Champions,"Reward with loyalty perks, ask for reviews"
14046,285,1,154.99,14,0.54,0,154.99,1.0,11.07,2,1,1,4,Hibernating,1,1,At Risk,"Send win-back campaigns, offer discounts"
14047,9,14,4255.03,91,4.13,668,303.93,0.0209,46.76,5,5,5,15,Champion,0,0,Champions,"Reward with loyalty perks, ask for reviews"
14048,306,3,748.69,126,2.59,77,249.56,0.0385,5.94,2,3,3,8,At Risk,1,3,Lost,Minimal spend — low re-engagement ROI
14049,17,13,13239.03,573,2.93,600,1018.39,0.0216,23.1,5,5,5,15,Champion,0,0,Champions,"Reward with loyalty perks, ask for reviews"
14050,32,2,746.36,49,1.54,74,373.18,0.0267,15.23,4,2,3,9,At Risk,0,1,At Risk,"Send win-back campaigns, offer discounts"
14051,1,37,22434.0,82,4.34,735,606.32,0.0503,273.59,5,5,5,15,Champion,0,0,Champions,"Reward with loyalty perks, ask for reviews"
14052,20,2,480.81,115,3.02,371,240.4,0.0054,4.18,5,2,2,9,At Risk,0,1,At Risk,"Send win-back campaigns, offer discounts"
14053,125,4,572.3,3,1.35,362,143.07,0.011,190.77,3,3,2,8,At Risk,1,2,Loyal Customers,"Upsell premium products, increase frequency"
14054,66,1,92.46,6,1.51,0,92.46,1.0,15.41,3,1,1,5,Hibernating,0,1,At Risk,"Send win-back campaigns, offer discounts"
14055,107,3,1520.96,33,4.23,616,506.99,0.0049,46.09,3,3,4,10,Loyal,1,2,Loyal Customers,"Upsell premium products, increase frequency"
14056,2,23,8214.65,320,2.83,282,357.16,0.0813,25.67,5,5,5,15,Champion,0,0,Champions,"Reward with loyalty perks, ask for reviews"
14057,24,22,8408.84,244,2.04,712,382.22,0.0309,34.46,4,5,5,14,Champion,0,0,Champions,"Reward with loyalty perks, ask for reviews"
14058,463,2,469.19,23,3.6,67,234.6,0.0294,20.4,1,2,2,5,Hibernating,1,3,Lost,Minimal spend — low re-engagement ROI
14059,267,1,183.6,8,2.31,0,183.6,1.0,22.95,2,1,1,4,Hibernating,1,1,At Risk,"Send win-back campaigns, offer discounts"
14060,5,30,9519.08,100,1.53,634,317.3,0.0472,95.19,5,5,5,15,Champion,0,0,Champions,"Reward with loyalty perks, ask for reviews"
14061,508,3,917.43,17,8.65,230,305.81,0.013,53.97,1,3,3,7,At Risk,1,3,Lost,Minimal spend — low re-engagement ROI
14062,10,24,25604.2,141,2.96,719,1066.84,0.0333,181.59,5,5,5,15,Champion,0,0,Champions,"Reward with loyalty perks, ask for reviews"
14063,439,9,22710.2,30,336.09,293,2523.36,0.0306,757.01,1,5,5,11,Loyal,1,0,Champions,"Reward with loyalty perks, ask for reviews"
14064,30,15,3332.42,131,1.5,657,222.16,0.0228,25.44,4,5,5,14,Champion,0,0,Champions,"Reward with loyalty perks, ask for reviews"
14065,390,3,891.02,42,3.68,42,297.01,0.0698,21.21,2,3,3,8,At Risk,1,3,Lost,Minimal spend — low re-engagement ROI
14066,267,1,152.55,7,4.36,0,152.55,1.0,21.79,2,1,1,4,Hibernating,1,1,At Risk,"Send win-back campaigns, offer discounts"
14067,64,2,374.7,51,2.86,32,187.35,0.0606,7.35,3,2,2,7,At Risk,0,1,At Risk,"Send win-back campaigns, offer discounts"
14068,321,4,1528.37,93,4.54,357,382.09,0.0112,16.43,2,3,4,9,At Risk,1,2,Loyal Customers,"Upsell premium products, increase frequency"
14069,515,2,230.06,37,4.19,46,115.03,0.0426,6.22,1,2,1,4,Hibernating,1,3,Lost,Minimal spend — low re-engagement ROI
14070,685,1,326.55,40,4.77,0,326.55,1.0,8.16,1,1,2,4,Hibernating,1,3,Lost,Minimal spend — low re-engagement ROI
14071,4,8,1438.82,271,2.4,261,179.85,0.0305,5.31,5,4,4,13,Champion,0,2,Loyal Customers,"Upsell premium products, increase frequency"
14072,667,1,390.85,19,6.43,0,390.85,1.0,20.57,1,1,2,4,Hibernating,1,3,Lost,Minimal spend — low re-engagement ROI
14073,33,1,151.04,13,2.14,0,151.04,1.0,11.62,4,1,1,6,Hibernating,0,1,At Risk,"Send win-back campaigns, offer discounts"
14074,624,1,219.4,6,0.98,0,219.4,1.0,36.57,1,1,1,3,Lost,1,3,Lost,Minimal spend — low re-engagement ROI
14075,5,6,1734.87,59,2.28,536,289.14,0.0112,29.4,5,4,4,13,Champion,0,2,Loyal Customers,"Upsell premium products, increase frequency"
14076,130,1,122.47,43,2.01,0,122.47,1.0,2.85,3,1,1,5,Hibernating,1,1,At Risk,"Send win-back campaigns, offer discounts"
14077,41,6,615.08,43,2.6,354,102.51,0.0169,14.3,4,4,2,10,Loyal,0,2,Loyal Customers,"Upsell premium products, increase frequency"
14078,102,9,1692.63,107,2.76,519,188.07,0.0173,15.82,3,5,4,12,Loyal,1,2,Loyal Customers,"Upsell premium products, increase frequency"
14079,125,2,618.73,13,21.76,557,309.36,0.0036,47.59,3,2,3,8,At Risk,1,1,At Risk,"Send win-back campaigns, offer discounts"
14080,33,5,1115.68,74,7.99,704,223.14,0.0071,15.08,4,4,3,11,Loyal,0,2,Loyal Customers,"Upsell premium products, increase frequency"
14081,303,10,5370.1,465,2.71,426,537.01,0.0234,11.55,2,5,5,12,Loyal,1,0,Champions,"Reward with loyalty perks, ask for reviews"
14082,365,2,413.36,48,2.29,27,206.68,0.0714,8.61,2,2,2,6,Hibernating,1,3,Lost,Minimal spend — low re-engagement ROI
14083,5,11,1407.26,169,2.82,717,127.93,0.0153,8.33,5,5,4,14,Champion,0,2,Loyal Customers,"Upsell premium products, increase frequency"
14084,513,1,150.5,7,0.89,0,150.5,1.0,21.5,1,1,1,3,Lost,1,3,Lost,Minimal spend — low re-engagement ROI
14085,3,33,10104.97,479,2.74,729,306.21,0.0452,21.1,5,5,5,15,Champion,0,0,Champions,"Reward with loyalty perks, ask for reviews"
14086,463,1,39.95,1,39.95,0,39.95,1.0,39.95,1,1,1,3,Lost,1,3,Lost,Minimal spend — low re-engagement ROI
14087,3,3,846.22,175,1.95,732,282.07,0.0041,4.84,5,3,3,11,Loyal,0,2,Loyal Customers,"Upsell premium products, increase frequency"
14088,11,16,64036.8,436,5.82,410,4002.3,0.0389,146.87,5,5,5,15,Champion,0,0,Champions,"Reward with loyalty perks, ask for reviews"
14089,57,1,161.0,13,2.21,0,161.0,1.0,12.38,4,1,1,6,Hibernating,0,1,At Risk,"Send win-back campaigns, offer discounts"
14090,325,1,76.32,1,1.06,0,76.32,1.0,76.32,2,1,1,4,Hibernating,1,3,Lost,Minimal spend — low re-engagement ROI
14091,655,2,9530.08,13,3.14,44,4765.04,0.0444,733.08,1,2,5,8,At Risk,1,3,Lost,Minimal spend — low re-engagement ROI
14092,8,24,7229.45,169,3.03,715,301.23,0.0335,42.78,5,5,5,15,Champion,0,0,Champions,"Reward with loyalty perks, ask for reviews"
14093,13,1,442.85,95,1.49,0,442.85,1.0,4.66,5,1,2,8,At Risk,0,1,At Risk,"Send win-back campaigns, offer discounts"
14094,440,1,335.22,41,2.68,0,335.22,1.0,8.18,1,1,2,4,Hibernating,1,3,Lost,Minimal spend — low re-engagement ROI
14095,723,1,2.95,1,2.95,0,2.95,1.0,2.95,1,1,1,3,Lost,1,3,Lost,Minimal spend — low re-engagement ROI
14096,5,17,65164.79,1119,6.52,97,3833.22,0.1735,58.23,5,5,5,15,Champion,0,0,Champions,"Reward with loyalty perks, ask for reviews"
14097,482,2,422.86,39,2.18,164,211.43,0.0121,10.84,1,2,2,5,Hibernating,1,3,Lost,Minimal spend — low re-engagement ROI
14098,37,1,147.35,21,1.7,0,147.35,1.0,7.02,4,1,1,6,Hibernating,0,1,At Risk,"Send win-back campaigns, offer discounts"
14099,17,20,5765.71,273,2.55,713,288.29,0.028,21.12,5,5,5,15,Champion,0,0,Champions,"Reward with loyalty perks, ask for reviews"
14100,138,1,194.9,24,3.39,0,194.9,1.0,8.12,3,1,1,5,Hibernating,1,1,At Risk,"Send win-back campaigns, offer discounts"
14101,74,13,9961.93,19,1.61,547,766.3,0.0237,524.31,3,5,5,13,Champion,0,0,Champions,"Reward with loyalty perks, ask for reviews"
14102,6,5,1360.28,35,2.07,39,272.06,0.125,38.87,5,4,4,13,Champion,0,2,Loyal Customers,"Upsell premium products, increase frequency"
14104,155,5,771.58,117,3.16,405,154.32,0.0123,6.59,3,4,3,10,Loyal,1,2,Loyal Customers,"Upsell premium products, increase frequency"
14105,240,5,5988.83,200,2.78,482,1197.77,0.0104,29.94,2,4,5,11,Loyal,1,2,Loyal Customers,"Upsell premium products, increase frequency"
14106,738,1,214.8,1,8.95,0,214.8,1.0,214.8,1,1,1,3,Lost,1,3,Lost,Minimal spend — low re-engagement ROI
14107,52,11,4877.3,102,2.75,678,443.39,0.0162,47.82,4,5,5,14,Champion,0,0,Champions,"Reward with loyalty perks, ask for reviews"
14108,31,4,1044.96,49,2.81,707,261.24,0.0056,21.33,4,3,3,10,Loyal,0,2,Loyal Customers,"Upsell premium products, increase frequency"
14109,73,1,144.2,9,2.47,0,144.2,1.0,16.02,3,1,1,5,Hibernating,0,1,At Risk,"Send win-back campaigns, offer discounts"
14110,4,33,12987.95,177,2.71,735,393.57,0.0448,73.38,5,5,5,15,Champion,0,0,Champions,"Reward with loyalty perks, ask for reviews"
14111,15,4,692.85,10,3.68,227,173.21,0.0175,69.28,5,3,3,11,Loyal,0,2,Loyal Customers,"Upsell premium products, increase frequency"
14112,23,13,5834.59,199,2.41,631,448.81,0.0206,29.32,4,5,5,14,Champion,0,0,Champions,"Reward with loyalty perks, ask for reviews"
14113,4,16,7092.61,76,2.67,728,443.29,0.0219,93.32,5,5,5,15,Champion,0,0,Champions,"Reward with loyalty perks, ask for reviews"
14114,274,7,1364.09,72,3.76,332,194.87,0.021,18.95,2,4,4,10,Loyal,1,2,Loyal Customers,"Upsell premium products, increase frequency"
14115,502,2,622.67,22,2.19,165,311.33,0.012,28.3,1,2,3,6,Hibernating,1,3,Lost,Minimal spend — low re-engagement ROI
14116,20,5,1382.74,61,3.25,101,276.55,0.049,22.67,5,4,4,13,Champion,0,2,Loyal Customers,"Upsell premium products, increase frequency"
14117,144,1,90.0,3,1.25,0,90.0,1.0,30.0,3,1,1,5,Hibernating,1,1,At Risk,"Send win-back campaigns, offer discounts"
14118,429,1,458.45,15,5.22,0,458.45,1.0,30.56,1,1,2,4,Hibernating,1,3,Lost,Minimal spend — low re-engagement ROI
14119,376,2,183.37,11,3.3,342,91.68,0.0058,16.67,2,2,1,5,Hibernating,1,3,Lost,Minimal spend — low re-engagement ROI
14121,4,4,2780.15,148,2.29,56,695.04,0.0702,18.78,5,3,4,12,Loyal,0,2,Loyal Customers,"Upsell premium products, increase frequency"
14122,407,3,362.42,12,4.86,331,120.81,0.009,30.2,2,3,2,7,At Risk,1,3,Lost,Minimal spend — low re-engagement ROI
14123,734,1,436.18,24,3.27,0,436.18,1.0,18.17,1,1,2,4,Hibernating,1,3,Lost,Minimal spend — low re-engagement ROI
14124,85,1,419.58,4,0.36,0,419.58,1.0,104.9,3,1,2,6,Hibernating,0,1,At Risk,"Send win-back campaigns, offer discounts"
14125,11,3,2740.43,159,3.16,67,913.48,0.0441,17.24,5,3,4,12,Loyal,0,2,Loyal Customers,"Upsell premium products, increase frequency"
14126,8,4,1172.46,37,2.81,436,293.12,0.0092,31.69,5,3,3,11,Loyal,0,2,Loyal Customers,"Upsell premium products, increase frequency"
14127,123,6,1900.08,96,4.07,302,316.68,0.0198,19.79,3,4,4,11,Loyal,1,2,Loyal Customers,"Upsell premium products, increase frequency"
14128,61,3,924.21,50,1.86,490,308.07,0.0061,18.48,3,3,3,9,At Risk,0,2,Loyal Customers,"Upsell premium products, increase frequency"
14129,2,9,2591.34,40,2.43,577,287.93,0.0156,64.78,5,5,4,14,Champion,0,2,Loyal Customers,"Upsell premium products, increase frequency"
14130,320,4,1882.67,189,2.27,408,470.67,0.0098,9.96,2,3,4,9,At Risk,1,2,Loyal Customers,"Upsell premium products, increase frequency"
14131,649,1,187.87,45,2.11,0,187.87,1.0,4.17,1,1,1,3,Lost,1,3,Lost,Minimal spend — low re-engagement ROI
14132,3,11,3586.03,100,1.72,181,326.0,0.0604,35.86,5,5,5,15,Champion,0,0,Champions,"Reward with loyalty perks, ask for reviews"
14133,130,4,911.14,33,6.5,603,227.78,0.0066,27.61,3,3,3,9,At Risk,1,2,Loyal Customers,"Upsell premium products, increase frequency"
14134,383,15,11123.35,130,3.35,347,741.56,0.0431,85.56,2,5,5,12,Loyal,1,0,Champions,"Reward with loyalty perks, ask for reviews"
14135,2,24,9643.92,138,2.13,736,401.83,0.0326,69.88,5,5,5,15,Champion,0,0,Champions,"Reward with loyalty perks, ask for reviews"
14136,401,5,1570.81,86,2.84,331,314.16,0.0151,18.27,2,4,4,10,Loyal,1,2,Loyal Customers,"Upsell premium products, increase frequency"
14137,696,1,332.7,11,0.88,0,332.7,1.0,30.25,1,1,2,4,Hibernating,1,3,Lost,Minimal spend — low re-engagement ROI
14138,2,2,982.38,40,2.31,62,491.19,0.0317,24.56,5,2,3,10,Loyal,0,1,At Risk,"Send win-back campaigns, offer discounts"
14139,47,4,1086.8,48,1.97,496,271.7,0.008,22.64,4,3,3,10,Loyal,0,2,Loyal Customers,"Upsell premium products, increase frequency"
14140,4,2,935.05,60,1.82,27,467.52,0.0714,15.58,5,2,3,10,Loyal,0,1,At Risk,"Send win-back campaigns, offer discounts"
14141,3,4,915.13,27,3.52,102,228.78,0.0388,33.89,5,3,3,11,Loyal,0,2,Loyal Customers,"Upsell premium products, increase frequency"
14142,374,2,983.15,42,2.19,273,491.58,0.0073,23.41,2,2,3,7,At Risk,1,3,Lost,Minimal spend — low re-engagement ROI
14143,134,1,115.8,7,5.49,0,115.8,1.0,16.54,3,1,1,5,Hibernating,1,1,At Risk,"Send win-back campaigns, offer discounts"
14144,487,1,30.6,1,2.55,0,30.6,1.0,30.6,1,1,1,3,Lost,1,3,Lost,Minimal spend — low re-engagement ROI
14145,47,7,7600.05,11,4.78,564,1085.72,0.0124,690.91,4,4,5,13,Champion,0,0,Champions,"Reward with loyalty perks, ask for reviews"
14146,9,12,9450.3,337,2.86,686,787.52,0.0175,28.04,5,5,5,15,Champion,0,0,Champions,"Reward with loyalty perks, ask for reviews"
14147,79,9,2590.2,24,3.21,562,287.8,0.016,107.92,3,5,4,12,Loyal,0,2,Loyal Customers,"Upsell premium products, increase frequency"
14148,234,2,466.29,15,3.15,180,233.14,0.011,31.09,2,2,2,6,Hibernating,1,1,At Risk,"Send win-back campaigns, offer discounts"
14149,221,1,446.62,28,2.97,0,446.62,1.0,15.95,2,1,2,5,Hibernating,1,1,At Risk,"Send win-back campaigns, offer discounts"
14150,36,2,658.64,23,1.68,324,329.32,0.0062,28.64,4,2,3,9,At Risk,0,1,At Risk,"Send win-back campaigns, offer discounts"
14151,674,2,679.45,44,2.93,43,339.72,0.0455,15.44,1,2,3,6,Hibernating,1,3,Lost,Minimal spend — low re-engagement ROI
14152,76,7,1997.34,104,1.48,583,285.33,0.012,19.21,3,4,4,11,Loyal,0,2,Loyal Customers,"Upsell premium products, increase frequency"
14153,484,1,233.4,17,0.91,0,233.4,1.0,13.73,1,1,1,3,Lost,1,3,Lost,Minimal spend — low re-engagement ROI
14154,240,8,6460.7,236,3.87,456,807.59,0.0175,27.38,2,4,5,11,Loyal,1,2,Loyal Customers,"Upsell premium products, increase frequency"
14155,267,1,118.75,6,5.45,0,118.75,1.0,19.79,2,1,1,4,Hibernating,1,1,At Risk,"Send win-back campaigns, offer discounts"
14156,10,156,313946.37,1446,5.94,728,2012.48,0.214,217.11,5,5,5,15,Champion,0,0,Champions,"Reward with loyalty perks, ask for reviews"
14157,20,5,1002.78,75,2.53,626,200.56,0.008,13.37,5,4,3,12,Loyal,0,2,Loyal Customers,"Upsell premium products, increase frequency"
14158,41,1,507.66,41,1.54,0,507.66,1.0,12.38,4,1,2,7,At Risk,0,1,At Risk,"Send win-back campaigns, offer discounts"
14159,20,20,7938.01,706,1.58,717,396.9,0.0279,11.24,5,5,5,15,Champion,0,0,Champions,"Reward with loyalty perks, ask for reviews"
14160,611,7,8421.47,80,2.52,88,1203.07,0.0787,105.27,1,4,5,10,Loyal,1,2,Loyal Customers,"Upsell premium products, increase frequency"
14161,216,7,3318.88,202,2.77,510,474.13,0.0137,16.43,2,4,5,11,Loyal,1,2,Loyal Customers,"Upsell premium products, increase frequency"
14162,174,2,289.36,25,3.89,118,144.68,0.0168,11.57,3,2,1,6,Hibernating,1,1,At Risk,"Send win-back campaigns, offer discounts"
14163,88,5,2594.62,42,4.44,374,518.92,0.0133,61.78,3,4,4,11,Loyal,0,2,Loyal Customers,"Upsell premium products, increase frequency"
14164,71,2,1631.77,28,1.55,10,815.88,0.1818,58.28,3,2,4,9,At Risk,0,2,Loyal Customers,"Upsell premium products, increase frequency"
14165,276,1,122.54,23,3.24,0,122.54,1.0,5.33,2,1,1,4,Hibernating,1,1,At Risk,"Send win-back campaigns, offer discounts"
14166,506,2,256.85,39,3.29,121,128.43,0.0164,6.59,1,2,1,4,Hibernating,1,3,Lost,Minimal spend — low re-engagement ROI
14167,40,8,1296.49,48,4.06,641,162.06,0.0125,27.01,4,4,4,12,Loyal,0,2,Loyal Customers,"Upsell premium products, increase frequency"
14168,421,2,370.45,11,3.02,143,185.22,0.0139,33.68,1,2,2,5,Hibernating,1,3,Lost,Minimal spend — low re-engagement ROI
14169,431,2,624.43,50,3.89,13,312.21,0.1429,12.49,1,2,3,6,Hibernating,1,3,Lost,Minimal spend — low re-engagement ROI
14170,376,3,597.33,123,2.34,19,199.11,0.15,4.86,2,3,2,7,At Risk,1,3,Lost,Minimal spend — low re-engagement ROI
14171,99,2,498.79,61,2.92,632,249.4,0.0032,8.18,3,2,2,7,At Risk,1,1,At Risk,"Send win-back campaigns, offer discounts"
14172,606,3,402.72,38,5.4,37,134.24,0.0789,10.6,1,3,2,6,Hibernating,1,3,Lost,Minimal spend — low re-engagement ROI
14173,11,6,586.0,30,4.47,719,97.67,0.0083,19.53,5,4,2,11,Loyal,0,2,Loyal Customers,"Upsell premium products, increase frequency"
14174,34,1,134.46,26,1.94,0,134.46,1.0,5.17,4,1,1,6,Hibernating,0,1,At Risk,"Send win-back campaigns, offer discounts"
14175,60,8,7678.88,237,4.3,568,959.86,0.0141,32.4,3,4,5,12,Loyal,0,0,Champions,"Reward with loyalty perks, ask for reviews"
14176,298,5,916.01,33,3.63,83,183.2,0.0595,27.76,2,4,3,9,At Risk,1,2,Loyal Customers,"Upsell premium products, increase frequency"
14177,87,13,2229.34,141,4.02,565,171.49,0.023,15.81,3,5,4,12,Loyal,0,0,Champions,"Reward with loyalty perks, ask for reviews"
14178,9,7,1620.93,191,1.7,173,231.56,0.0402,8.49,5,4,4,13,Champion,0,2,Loyal Customers,"Upsell premium products, increase frequency"
14179,41,2,719.78,135,2.81,11,359.89,0.1667,5.33,4,2,3,9,At Risk,0,1,At Risk,"Send win-back campaigns, offer discounts"
14180,11,33,6319.25,125,10.2,537,191.49,0.0613,50.55,5,5,5,15,Champion,0,0,Champions,"Reward with loyalty perks, ask for reviews"
14181,411,2,310.55,48,2.65,151,155.28,0.0132,6.47,2,2,2,6,Hibernating,1,3,Lost,Minimal spend — low re-engagement ROI
14182,444,4,678.77,42,4.93,152,169.69,0.0261,16.16,1,3,3,7,At Risk,1,3,Lost,Minimal spend — low re-engagement ROI
14183,412,2,286.29,27,5.39,69,143.15,0.0286,10.6,1,2,1,4,Hibernating,1,3,Lost,Minimal spend — low re-engagement ROI
14184,67,1,452.89,24,5.42,0,452.89,1.0,18.87,3,1,2,6,Hibernating,0,1,At Risk,"Send win-back campaigns, offer discounts"
14185,332,1,197.65,3,59.73,0,197.65,1.0,65.88,2,1,1,4,Hibernating,1,3,Lost,Minimal spend — low re-engagement ROI
14186,428,5,1550.63,75,1.47,217,310.13,0.0229,20.68,1,4,4,9,At Risk,1,3,Lost,Minimal spend — low re-engagement ROI
14187,474,1,123.5,8,4.8,0,123.5,1.0,15.44,1,1,1,3,Lost,1,3,Lost,Minimal spend — low re-engagement ROI
14188,31,6,2054.36,34,1.98,279,342.39,0.0214,60.42,4,4,4,12,Loyal,0,2,Loyal Customers,"Upsell premium products, increase frequency"
14189,3,16,5814.39,199,2.46,386,363.4,0.0413,29.22,5,5,5,15,Champion,0,0,Champions,"Reward with loyalty perks, ask for reviews"
14190,667,1,79.9,1,39.95,0,79.9,1.0,79.9,1,1,1,3,Lost,1,3,Lost,Minimal spend — low re-engagement ROI
14191,2,15,4817.66,147,2.01,726,321.18,0.0206,32.77,5,5,5,15,Champion,0,0,Champions,"Reward with loyalty perks, ask for reviews"
14192,389,1,293.74,14,1.67,0,293.74,1.0,20.98,2,1,2,5,Hibernating,1,3,Lost,Minimal spend — low re-engagement ROI
14193,68,3,1210.19,49,2.67,328,403.4,0.0091,24.7,3,3,3,9,At Risk,0,2,Loyal Customers,"Upsell premium products, increase frequency"
14194,5,36,18670.59,432,3.24,697,518.63,0.0516,43.22,5,5,5,15,Champion,0,0,Champions,"Reward with loyalty perks, ask for reviews"
14195,202,6,2615.6,10,3.46,432,435.93,0.0139,261.56,2,4,4,10,Loyal,1,2,Loyal Customers,"Upsell premium products, increase frequency"
14196,107,1,335.52,6,3.27,0,335.52,1.0,55.92,3,1,2,6,Hibernating,1,1,At Risk,"Send win-back campaigns, offer discounts"
14197,411,1,390.05,20,4.68,0,390.05,1.0,19.5,2,1,2,5,Hibernating,1,3,Lost,Minimal spend — low re-engagement ROI
14198,19,9,1569.73,58,5.27,685,174.41,0.0131,27.06,5,5,4,14,Champion,0,2,Loyal Customers,"Upsell premium products, increase frequency"
14199,219,4,1091.7,15,4.94,312,272.92,0.0128,72.78,2,3,3,8,At Risk,1,2,Loyal Customers,"Upsell premium products, increase frequency"
14200,618,1,379.2,21,3.96,0,379.2,1.0,18.06,1,1,2,4,Hibernating,1,3,Lost,Minimal spend — low re-engagement ROI
14201,61,10,1193.54,47,2.8,528,119.35,0.0189,25.39,3,5,3,11,Loyal,0,2,Loyal Customers,"Upsell premium products, increase frequency"
14202,382,3,847.76,27,8.45,243,282.59,0.0123,31.4,2,3,3,8,At Risk,1,3,Lost,Minimal spend — low re-engagement ROI
14203,398,1,339.34,16,5.4,0,339.34,1.0,21.21,2,1,2,5,Hibernating,1,3,Lost,Minimal spend — low re-engagement ROI
14204,3,4,1062.96,186,2.69,735,265.74,0.0054,5.71,5,3,3,11,Loyal,0,2,Loyal Customers,"Upsell premium products, increase frequency"
14205,17,9,2414.2,79,3.78,625,268.24,0.0144,30.56,5,5,4,14,Champion,0,2,Loyal Customers,"Upsell premium products, increase frequency"
14206,240,3,1185.01,62,2.26,163,395.0,0.0183,19.11,2,3,3,8,At Risk,1,2,Loyal Customers,"Upsell premium products, increase frequency"
14207,688,1,157.8,2,4.45,0,157.8,1.0,78.9,1,1,1,3,Lost,1,3,Lost,Minimal spend — low re-engagement ROI
14208,95,2,567.05,34,2.71,456,283.52,0.0044,16.68,3,2,2,7,At Risk,1,1,At Risk,"Send win-back campaigns, offer discounts"
14209,11,15,4993.27,133,5.16,675,332.88,0.0222,37.54,5,5,5,15,Champion,0,0,Champions,"Reward with loyalty perks, ask for reviews"
14210,106,16,5861.52,143,3.56,597,366.34,0.0268,40.99,3,5,5,13,Champion,1,0,Champions,"Reward with loyalty perks, ask for reviews"
14211,54,18,4402.29,155,2.73,677,244.57,0.0265,28.4,4,5,5,14,Champion,0,0,Champions,"Reward with loyalty perks, ask for reviews"
14212,90,2,2190.14,18,1.55,356,1095.07,0.0056,121.67,3,2,4,9,At Risk,1,2,Loyal Customers,"Upsell premium products, increase frequency"
14213,405,1,1192.2,5,4.89,0,1192.2,1.0,238.44,2,1,3,6,Hibernating,1,3,Lost,Minimal spend — low re-engagement ROI
14214,31,5,1004.38,64,2.34,246,200.88,0.0202,15.69,4,4,3,11,Loyal,0,2,Loyal Customers,"Upsell premium products, increase frequency"
14215,12,9,3416.33,167,2.81,720,379.59,0.0125,20.46,5,5,5,15,Champion,0,2,Loyal Customers,"Upsell premium products, increase frequency"
14216,4,5,2150.04,65,4.73,410,430.01,0.0122,33.08,5,4,4,13,Champion,0,2,Loyal Customers,"Upsell premium products, increase frequency"
14217,2,23,3416.89,122,5.63,525,148.56,0.0437,28.01,5,5,5,15,Champion,0,0,Champions,"Reward with loyalty perks, ask for reviews"
14218,43,1,169.48,12,1.44,0,169.48,1.0,14.12,4,1,1,6,Hibernating,0,1,At Risk,"Send win-back campaigns, offer discounts"
14219,5,3,633.83,39,3.89,489,211.28,0.0061,16.25,5,3,3,11,Loyal,0,1,At Risk,"Send win-back campaigns, offer discounts"
14220,248,4,1515.0,26,3.9,321,378.75,0.0124,58.27,2,3,4,9,At Risk,1,2,Loyal Customers,"Upsell premium products, increase frequency"
14221,43,17,6517.49,166,3.33,569,383.38,0.0298,39.26,4,5,5,14,Champion,0,0,Champions,"Reward with loyalty perks, ask for reviews"
14222,178,1,683.17,41,1.71,0,683.17,1.0,16.66,3,1,3,7,At Risk,1,1,At Risk,"Send win-back campaigns, offer discounts"
14223,93,3,991.13,50,3.9,171,330.38,0.0174,19.82,3,3,3,9,At Risk,1,2,Loyal Customers,"Upsell premium products, increase frequency"
14224,111,9,1897.9,189,4.08,433,210.88,0.0207,10.04,3,5,4,12,Loyal,1,2,Loyal Customers,"Upsell premium products, increase frequency"
14225,435,4,2037.02,70,2.88,261,509.26,0.0153,29.1,1,3,4,8,At Risk,1,3,Lost,Minimal spend — low re-engagement ROI
14226,29,6,3002.53,89,2.73,412,500.42,0.0145,33.74,4,4,5,13,Champion,0,2,Loyal Customers,"Upsell premium products, increase frequency"
14227,27,15,6368.71,246,2.61,643,424.58,0.0233,25.89,4,5,5,14,Champion,0,0,Champions,"Reward with loyalty perks, ask for reviews"
14228,438,3,745.5,38,4.75,108,248.5,0.0275,19.62,1,3,3,7,At Risk,1,3,Lost,Minimal spend — low re-engagement ROI
14229,52,7,2594.04,41,3.93,419,370.58,0.0167,63.27,4,4,4,12,Loyal,0,2,Loyal Customers,"Upsell premium products, increase frequency"
14230,436,3,979.8,27,5.5,112,326.6,0.0265,36.29,1,3,3,7,At Risk,1,3,Lost,Minimal spend — low re-engagement ROI
14231,184,4,1235.62,66,3.22,267,308.9,0.0149,18.72,3,3,3,9,At Risk,1,2,Loyal Customers,"Upsell premium products, increase frequency"
14232,43,5,2048.07,81,1.82,221,409.61,0.0225,25.28,4,4,4,12,Loyal,0,2,Loyal Customers,"Upsell premium products, increase frequency"
14233,50,7,2904.27,42,3.11,594,414.9,0.0118,69.15,4,4,4,12,Loyal,0,2,Loyal Customers,"Upsell premium products, increase frequency"
14234,23,4,775.46,122,1.59,35,193.86,0.1111,6.36,4,3,3,10,Loyal,0,2,Loyal Customers,"Upsell premium products, increase frequency"
14235,76,9,4717.99,107,2.14,544,524.22,0.0165,44.09,3,5,5,13,Champion,0,0,Champions,"Reward with loyalty perks, ask for reviews"
14236,81,5,1744.64,39,2.91,424,348.93,0.0118,44.73,3,4,4,11,Loyal,0,2,Loyal Customers,"Upsell premium products, increase frequency"
14237,374,2,632.14,26,5.15,217,316.07,0.0092,24.31,2,2,3,7,At Risk,1,3,Lost,Minimal spend — low re-engagement ROI
14238,327,3,434.23,13,3.3,408,144.74,0.0073,33.4,2,3,2,7,At Risk,1,3,Lost,Minimal spend — low re-engagement ROI
14239,44,21,4263.17,97,3.71,691,203.01,0.0303,43.95,4,5,5,14,Champion,0,0,Champions,"Reward with loyalty perks, ask for reviews"
14240,31,3,1247.49,46,3.18,393,415.83,0.0076,27.12,4,3,3,10,Loyal,0,2,Loyal Customers,"Upsell premium products, increase frequency"
14241,184,2,333.7,12,1.84,512,166.85,0.0039,27.81,3,2,2,7,At Risk,1,1,At Risk,"Send win-back campaigns, offer discounts"
14242,235,2,280.55,13,3.72,91,140.28,0.0217,21.58,2,2,1,5,Hibernating,1,1,At Risk,"Send win-back campaigns, offer discounts"
14243,9,17,7431.05,235,3.71,467,437.12,0.0363,31.62,5,5,5,15,Champion,0,0,Champions,"Reward with loyalty perks, ask for reviews"
14244,661,1,366.42,16,1.25,0,366.42,1.0,22.9,1,1,2,4,Hibernating,1,3,Lost,Minimal spend — low re-engagement ROI
14245,220,2,1693.45,107,3.13,43,846.72,0.0455,15.83,2,2,4,8,At Risk,1,2,Loyal Customers,"Upsell premium products, increase frequency"
14246,111,3,1474.06,57,2.97,135,491.35,0.0221,25.86,3,3,4,10,Loyal,1,2,Loyal Customers,"Upsell premium products, increase frequency"
14247,279,5,772.66,82,3.9,273,154.53,0.0182,9.42,2,4,3,9,At Risk,1,2,Loyal Customers,"Upsell premium products, increase frequency"
14248,319,3,1032.95,41,2.54,197,344.32,0.0152,25.19,2,3,3,8,At Risk,1,2,Loyal Customers,"Upsell premium products, increase frequency"
14249,411,12,5625.46,178,4.01,268,468.79,0.0446,31.6,2,5,5,12,Loyal,1,0,Champions,"Reward with loyalty perks, ask for reviews"
14250,8,3,1904.05,94,2.49,82,634.68,0.0361,20.26,5,3,4,12,Loyal,0,2,Loyal Customers,"Upsell premium products, increase frequency"
14251,2,5,2879.7,37,2.07,55,575.94,0.0893,77.83,5,4,4,13,Champion,0,2,Loyal Customers,"Upsell premium products, increase frequency"
14252,382,1,350.99,10,12.63,0,350.99,1.0,35.1,2,1,2,5,Hibernating,1,3,Lost,Minimal spend — low re-engagement ROI
14253,494,2,363.4,11,5.9,129,181.7,0.0154,33.04,1,2,2,5,Hibernating,1,3,Lost,Minimal spend — low re-engagement ROI
14254,433,1,601.03,23,2.48,0,601.03,1.0,26.13,1,1,2,4,Hibernating,1,3,Lost,Minimal spend — low re-engagement ROI
14255,547,1,1000.63,1,1000.63,0,1000.63,1.0,1000.63,1,1,3,5,Hibernating,1,3,Lost,Minimal spend — low re-engagement ROI
14256,261,5,2473.99,100,4.05,434,494.8,0.0115,24.74,2,4,4,10,Loyal,1,2,Loyal Customers,"Upsell premium products, increase frequency"
14257,65,9,5954.45,167,2.37,584,661.61,0.0154,35.66,3,5,5,13,Champion,0,0,Champions,"Reward with loyalty perks, ask for reviews"
14258,10,25,32051.34,97,4.0,726,1282.05,0.0344,330.43,5,5,5,15,Champion,0,0,Champions,"Reward with loyalty perks, ask for reviews"
14259,142,1,120.0,5,2.83,0,120.0,1.0,24.0,3,1,1,5,Hibernating,1,1,At Risk,"Send win-back campaigns, offer discounts"
14260,472,3,824.28,50,3.06,77,274.76,0.0385,16.49,1,3,3,7,At Risk,1,3,Lost,Minimal spend — low re-engagement ROI
14261,51,2,1163.45,52,5.06,27,581.72,0.0714,22.37,4,2,3,9,At Risk,0,1,At Risk,"Send win-back campaigns, offer discounts"
14262,9,8,2618.23,87,2.09,232,327.28,0.0343,30.09,5,4,4,13,Champion,0,2,Loyal Customers,"Upsell premium products, increase frequency"
14263,424,1,322.93,16,2.36,0,322.93,1.0,20.18,1,1,2,4,Hibernating,1,3,Lost,Minimal spend — low re-engagement ROI
14264,155,6,1517.36,59,5.68,456,252.89,0.0131,25.72,3,4,4,11,Loyal,1,2,Loyal Customers,"Upsell premium products, increase frequency"
14265,110,4,1373.35,74,4.77,502,343.34,0.008,18.56,3,3,4,10,Loyal,1,2,Loyal Customers,"Upsell premium products, increase frequency"
14266,429,1,40.56,1,1.69,0,40.56,1.0,40.56,1,1,1,3,Lost,1,3,Lost,Minimal spend — low re-engagement ROI
14267,163,3,1516.24,25,4.39,97,505.41,0.0306,60.65,3,3,4,10,Loyal,1,2,Loyal Customers,"Upsell premium products, increase frequency"
14268,471,1,354.85,19,3.43,0,354.85,1.0,18.68,1,1,2,4,Hibernating,1,3,Lost,Minimal spend — low re-engagement ROI
14269,440,1,295.73,16,4.94,0,295.73,1.0,18.48,1,1,2,4,Hibernating,1,3,Lost,Minimal spend — low re-engagement ROI
14270,332,1,492.65,29,4.57,0,492.65,1.0,16.99,2,1,2,5,Hibernating,1,3,Lost,Minimal spend — low re-engagement ROI
14271,226,2,219.13,38,2.48,183,109.56,0.0109,5.77,2,2,1,5,Hibernating,1,1,At Risk,"Send win-back campaigns, offer discounts"
14272,74,4,920.81,62,2.32,508,230.2,0.0079,14.85,3,3,3,9,At Risk,0,2,Loyal Customers,"Upsell premium products, increase frequency"
14273,52,4,559.97,22,2.48,190,139.99,0.0209,25.45,4,3,2,9,At Risk,0,2,Loyal Customers,"Upsell premium products, increase frequency"
14274,687,1,256.6,15,1.67,0,256.6,1.0,17.11,1,1,1,3,Lost,1,3,Lost,Minimal spend — low re-engagement ROI
14275,396,6,1189.38,14,1.95,211,198.23,0.0283,84.96,2,4,3,9,At Risk,1,2,Loyal Customers,"Upsell premium products, increase frequency"
14276,99,7,2102.68,75,2.11,561,300.38,0.0125,28.04,3,4,4,11,Loyal,1,2,Loyal Customers,"Upsell premium products, increase frequency"
14277,16,9,17225.81,334,3.85,710,1913.98,0.0127,51.57,5,5,5,15,Champion,0,0,Champions,"Reward with loyalty perks, ask for reviews"
14278,410,1,205.83,13,2.61,0,205.83,1.0,15.83,2,1,1,4,Hibernating,1,3,Lost,Minimal spend — low re-engagement ROI
14279,521,2,191.86,3,4.53,160,95.93,0.0124,63.95,1,2,1,4,Hibernating,1,3,Lost,Minimal spend — low re-engagement ROI
14280,197,1,134.04,8,4.73,0,134.04,1.0,16.76,2,1,1,4,Hibernating,1,1,At Risk,"Send win-back campaigns, offer discounts"
14281,409,1,245.15,7,6.71,0,245.15,1.0,35.02,2,1,1,4,Hibernating,1,3,Lost,Minimal spend — low re-engagement ROI
14282,4,25,7849.66,100,1.61,659,313.99,0.0379,78.5,5,5,5,15,Champion,0,0,Champions,"Reward with loyalty perks, ask for reviews"
14283,464,4,628.44,36,1.93,106,157.11,0.0374,17.46,1,3,3,7,At Risk,1,3,Lost,Minimal spend — low re-engagement ROI
14284,31,3,1299.65,59,4.13,622,433.22,0.0048,22.03,4,3,4,11,Loyal,0,2,Loyal Customers,"Upsell premium products, increase frequency"
14285,22,8,3284.42,48,4.57,710,410.55,0.0113,68.43,4,4,5,13,Champion,0,2,Loyal Customers,"Upsell premium products, increase frequency"
14286,24,7,8479.76,270,1.43,712,1211.39,0.0098,31.41,4,4,5,13,Champion,0,0,Champions,"Reward with loyalty perks, ask for reviews"
14287,9,3,176.63,9,1.91,190,58.88,0.0157,19.63,5,3,1,9,At Risk,0,1,At Risk,"Send win-back campaigns, offer discounts"
14288,214,1,426.6,16,3.01,0,426.6,1.0,26.66,2,1,2,5,Hibernating,1,1,At Risk,"Send win-back campaigns, offer discounts"
14289,9,6,911.26,33,5.35,280,151.88,0.0214,27.61,5,4,3,12,Loyal,0,2,Loyal Customers,"Upsell premium products, increase frequency"
14290,12,8,4516.56,120,3.77,720,564.57,0.0111,37.64,5,4,5,14,Champion,0,2,Loyal Customers,"Upsell premium products, increase frequency"
14291,2,23,7904.1,241,2.37,728,343.66,0.0316,32.8,5,5,5,15,Champion,0,0,Champions,"Reward with loyalty perks, ask for reviews"
14292,8,16,9226.25,120,3.07,623,576.64,0.0256,76.89,5,5,5,15,Champion,0,0,Champions,"Reward with loyalty perks, ask for reviews"
14293,4,9,3267.93,88,2.93,726,363.1,0.0124,37.14,5,5,5,15,Champion,0,2,Loyal Customers,"Upsell premium products, increase frequency"
14294,408,1,375.34,23,3.35,0,375.34,1.0,16.32,2,1,2,5,Hibernating,1,3,Lost,Minimal spend — low re-engagement ROI
14295,41,5,2362.91,66,3.39,691,472.58,0.0072,35.8,4,4,4,12,Loyal,0,2,Loyal Customers,"Upsell premium products, increase frequency"
14296,422,2,456.4,27,3.45,152,228.2,0.0131,16.9,1,2,2,5,Hibernating,1,3,Lost,Minimal spend — low re-engagement ROI
14297,18,4,1305.33,48,2.34,257,326.33,0.0155,27.19,5,3,4,12,Loyal,0,2,Loyal Customers,"Upsell premium products, increase frequency"
14298,9,82,91194.49,1370,1.58,719,1112.13,0.1139,66.57,5,5,5,15,Champion,0,0,Champions,"Reward with loyalty perks, ask for reviews"
14299,9,27,14499.49,164,2.97,729,537.02,0.037,88.41,5,5,5,15,Champion,0,0,Champions,"Reward with loyalty perks, ask for reviews"
14300,19,1,43.2,3,1.38,0,43.2,1.0,14.4,5,1,1,7,At Risk,0,1,At Risk,"Send win-back campaigns, offer discounts"
14301,118,4,1992.18,37,2.59,549,498.04,0.0073,53.84,3,3,4,10,Loyal,1,2,Loyal Customers,"Upsell premium products, increase frequency"
14302,431,3,742.9,25,2.91,306,247.63,0.0098,29.72,1,3,3,7,At Risk,1,3,Lost,Minimal spend — low re-engagement ROI
14303,408,2,277.94,21,1.47,27,138.97,0.0714,13.24,2,2,1,5,Hibernating,1,3,Lost,Minimal spend — low re-engagement ROI
14304,223,3,1725.01,69,3.72,348,575.0,0.0086,25.0,2,3,4,9,At Risk,1,2,Loyal Customers,"Upsell premium products, increase frequency"
14305,72,3,1858.96,96,2.35,64,619.65,0.0462,19.36,3,3,4,10,Loyal,0,2,Loyal Customers,"Upsell premium products, increase frequency"
14306,52,6,3151.4,43,3.3,625,525.23,0.0096,73.29,4,4,5,13,Champion,0,2,Loyal Customers,"Upsell premium products, increase frequency"
14307,89,10,5071.03,205,2.7,643,507.1,0.0155,24.74,3,5,5,13,Champion,0,0,Champions,"Reward with loyalty perks, ask for reviews"
14308,550,2,1147.02,1,573.51,0,573.51,2.0,1147.02,1,2,3,6,Hibernating,1,3,Lost,Minimal spend — low re-engagement ROI
14309,9,11,3780.81,125,2.55,542,343.71,0.0203,30.25,5,5,5,15,Champion,0,0,Champions,"Reward with loyalty perks, ask for reviews"
14310,433,1,492.1,22,2.32,0,492.1,1.0,22.37,1,1,2,4,Hibernating,1,3,Lost,Minimal spend — low re-engagement ROI
14311,243,2,516.45,31,4.27,324,258.23,0.0062,16.66,2,2,2,6,Hibernating,1,1,At Risk,"Send win-back campaigns, offer discounts"
14312,47,11,3090.29,148,4.01,457,280.94,0.024,20.88,4,5,5,14,Champion,0,0,Champions,"Reward with loyalty perks, ask for reviews"
14314,107,2,229.8,10,1.05,324,114.9,0.0062,22.98,3,2,1,6,Hibernating,1,1,At Risk,"Send win-back campaigns, offer discounts"
14315,45,8,3197.82,83,3.66,589,399.73,0.0136,38.53,4,4,5,13,Champion,0,2,Loyal Customers,"Upsell premium products, increase frequency"
14316,423,5,1370.34,21,0.85,208,274.07,0.0239,65.25,1,4,4,9,At Risk,1,3,Lost,Minimal spend — low re-engagement ROI
14317,65,1,508.58,24,3.1,0,508.58,1.0,21.19,3,1,2,6,Hibernating,0,1,At Risk,"Send win-back campaigns, offer discounts"
14318,461,1,158.02,9,1.64,0,158.02,1.0,17.56,1,1,1,3,Lost,1,3,Lost,Minimal spend — low re-engagement ROI
14319,425,1,494.85,26,1.9,0,494.85,1.0,19.03,1,1,2,4,Hibernating,1,3,Lost,Minimal spend — low re-engagement ROI
14320,207,5,1346.75,68,3.66,480,269.35,0.0104,19.81,2,4,4,10,Loyal,1,2,Loyal Customers,"Upsell premium products, increase frequency"
14321,11,7,2218.06,162,1.68,462,316.87,0.0151,13.69,5,4,4,13,Champion,0,2,Loyal Customers,"Upsell premium products, increase frequency"
14322,430,4,474.1,10,4.07,230,118.52,0.0173,47.41,1,3,2,6,Hibernating,1,3,Lost,Minimal spend — low re-engagement ROI
14323,115,2,605.06,32,3.0,123,302.53,0.0161,18.91,3,2,2,7,At Risk,1,1,At Risk,"Send win-back campaigns, offer discounts"
14324,410,2,701.61,41,3.08,283,350.8,0.007,17.11,2,2,3,7,At Risk,1,3,Lost,Minimal spend — low re-engagement ROI
14325,570,1,245.48,18,1.15,0,245.48,1.0,13.64,1,1,1,3,Lost,1,3,Lost,Minimal spend — low re-engagement ROI
14326,243,3,940.98,54,3.2,290,313.66,0.0103,17.43,2,3,3,8,At Risk,1,2,Loyal Customers,"Upsell premium products, increase frequency"
14327,164,6,1894.93,99,2.21,536,315.82,0.0112,19.14,3,4,4,11,Loyal,1,2,Loyal Customers,"Upsell premium products, increase frequency"
14328,439,1,445.05,1,445.05,0,445.05,1.0,445.05,1,1,2,4,Hibernating,1,3,Lost,Minimal spend — low re-engagement ROI
14329,18,15,9927.22,349,3.2,706,661.81,0.0212,28.44,5,5,5,15,Champion,0,0,Champions,"Reward with loyalty perks, ask for reviews"
14330,624,1,200.63,13,2.61,0,200.63,1.0,15.43,1,1,1,3,Lost,1,3,Lost,Minimal spend — low re-engagement ROI
14331,125,2,462.66,27,3.02,10,231.33,0.1818,17.14,3,2,2,7,At Risk,1,1,At Risk,"Send win-back campaigns, offer discounts"
14332,23,5,1943.51,47,2.63,393,388.7,0.0127,41.35,4,4,4,12,Loyal,0,2,Loyal Customers,"Upsell premium products, increase frequency"
14333,68,1,415.2,15,8.06,0,415.2,1.0,27.68,3,1,2,6,Hibernating,0,1,At Risk,"Send win-back campaigns, offer discounts"
14334,17,12,4318.48,148,3.11,551,359.87,0.0217,29.18,5,5,5,15,Champion,0,0,Champions,"Reward with loyalty perks, ask for reviews"
14335,17,2,468.26,55,2.29,80,234.13,0.0247,8.51,5,2,2,9,At Risk,0,1,At Risk,"Send win-back campaigns, offer discounts"
14336,17,4,1614.91,77,1.62,259,403.73,0.0154,20.97,5,3,4,12,Loyal,0,2,Loyal Customers,"Upsell premium products, increase frequency"
14338,162,3,928.1,43,2.97,375,309.37,0.008,21.58,3,3,3,9,At Risk,1,2,Loyal Customers,"Upsell premium products, increase frequency"
14339,243,2,620.27,21,2.0,186,310.14,0.0107,29.54,2,2,3,7,At Risk,1,1,At Risk,"Send win-back campaigns, offer discounts"
14340,219,1,134.7,6,2.93,0,134.7,1.0,22.45,2,1,1,4,Hibernating,1,1,At Risk,"Send win-back campaigns, offer discounts"
14341,46,18,4467.32,185,2.53,693,248.18,0.0259,24.15,4,5,5,14,Champion,0,0,Champions,"Reward with loyalty perks, ask for reviews"
14342,22,6,918.44,27,3.11,451,153.07,0.0133,34.02,4,4,3,11,Loyal,0,2,Loyal Customers,"Upsell premium products, increase frequency"
14343,422,4,1088.91,193,2.41,268,272.23,0.0149,5.64,1,3,3,7,At Risk,1,3,Lost,Minimal spend — low re-engagement ROI
14344,128,20,3333.7,140,3.58,498,166.68,0.0401,23.81,3,5,5,13,Champion,1,0,Champions,"Reward with loyalty perks, ask for reviews"
14345,39,1,108.98,6,3.49,0,108.98,1.0,18.16,4,1,1,6,Hibernating,0,1,At Risk,"Send win-back campaigns, offer discounts"
14346,121,5,2315.75,123,3.48,376,463.15,0.0133,18.83,3,4,4,11,Loyal,1,2,Loyal Customers,"Upsell premium products, increase frequency"
14347,737,1,82.6,6,2.73,0,82.6,1.0,13.77,1,1,1,3,Lost,1,3,Lost,Minimal spend — low re-engagement ROI
14348,261,1,409.57,18,2.96,0,409.57,1.0,22.75,2,1,2,5,Hibernating,1,1,At Risk,"Send win-back campaigns, offer discounts"
14349,11,1,133.5,31,2.32,0,133.5,1.0,4.31,5,1,1,7,At Risk,0,1,At Risk,"Send win-back campaigns, offer discounts"
14350,275,3,972.03,55,4.11,155,324.01,0.0192,17.67,2,3,3,8,At Risk,1,2,Loyal Customers,"Upsell premium products, increase frequency"
14351,165,1,51.0,1,4.25,0,51.0,1.0,51.0,3,1,1,5,Hibernating,1,1,At Risk,"Send win-back campaigns, offer discounts"
14352,158,4,1078.96,44,3.87,116,269.74,0.0342,24.52,3,3,3,9,At Risk,1,2,Loyal Customers,"Upsell premium products, increase frequency"
14353,216,3,376.5,18,1.67,216,125.5,0.0138,20.92,2,3,2,7,At Risk,1,1,At Risk,"Send win-back campaigns, offer discounts"
14354,6,2,163.62,9,1.24,24,81.81,0.08,18.18,5,2,1,8,At Risk,0,1,At Risk,"Send win-back campaigns, offer discounts"
14355,366,3,1014.45,57,2.28,261,338.15,0.0115,17.8,2,3,3,8,At Risk,1,3,Lost,Minimal spend — low re-engagement ROI
14356,80,2,701.23,33,3.9,1,350.62,1.0,21.25,3,2,3,8,At Risk,0,1,At Risk,"Send win-back campaigns, offer discounts"
14357,44,1,225.77,39,1.95,0,225.77,1.0,5.79,4,1,1,6,Hibernating,0,1,At Risk,"Send win-back campaigns, offer discounts"
14358,390,2,400.06,21,1.59,38,200.03,0.0513,19.05,2,2,2,6,Hibernating,1,3,Lost,Minimal spend — low re-engagement ROI
14359,20,3,912.18,44,3.92,68,304.06,0.0435,20.73,5,3,3,11,Loyal,0,2,Loyal Customers,"Upsell premium products, increase frequency"
14360,32,4,2128.23,104,3.1,62,532.06,0.0635,20.46,4,3,4,11,Loyal,0,2,Loyal Customers,"Upsell premium products, increase frequency"
14361,579,1,214.71,14,2.71,0,214.71,1.0,15.34,1,1,1,3,Lost,1,3,Lost,Minimal spend — low re-engagement ROI
14362,23,1,161.2,37,2.33,0,161.2,1.0,4.36,4,1,1,6,Hibernating,0,1,At Risk,"Send win-back campaigns, offer discounts"
14363,403,2,227.47,8,3.43,49,113.74,0.04,28.43,2,2,1,5,Hibernating,1,3,Lost,Minimal spend — low re-engagement ROI
14364,109,8,3717.35,61,3.03,102,464.67,0.0777,60.94,3,4,5,12,Loyal,1,2,Loyal Customers,"Upsell premium products, increase frequency"
14365,395,2,634.68,50,1.96,287,317.34,0.0069,12.69,2,2,3,7,At Risk,1,3,Lost,Minimal spend — low re-engagement ROI
14366,526,1,136.0,1,8.5,0,136.0,1.0,136.0,1,1,1,3,Lost,1,3,Lost,Minimal spend — low re-engagement ROI
14367,9,16,9261.52,270,3.18,267,578.84,0.0597,34.3,5,5,5,15,Champion,0,0,Champions,"Reward with loyalty perks, ask for reviews"
14368,320,1,155.0,8,6.13,0,155.0,1.0,19.38,2,1,1,4,Hibernating,1,3,Lost,Minimal spend — low re-engagement ROI
14369,643,2,469.13,24,2.93,19,234.56,0.1,19.55,1,2,2,5,Hibernating,1,3,Lost,Minimal spend — low re-engagement ROI
14370,451,6,1175.78,37,6.6,226,195.96,0.0264,31.78,1,4,3,8,At Risk,1,3,Lost,Minimal spend — low re-engagement ROI
14371,296,1,100.5,4,3.78,0,100.5,1.0,25.12,2,1,1,4,Hibernating,1,1,At Risk,"Send win-back campaigns, offer discounts"
14372,444,2,860.08,36,4.2,156,430.04,0.0127,23.89,1,2,3,6,Hibernating,1,3,Lost,Minimal spend — low re-engagement ROI
14373,359,1,76.55,4,11.63,0,76.55,1.0,19.14,2,1,1,4,Hibernating,1,3,Lost,Minimal spend — low re-engagement ROI
14374,542,1,108.0,7,8.36,0,108.0,1.0,15.43,1,1,1,3,Lost,1,3,Lost,Minimal spend — low re-engagement ROI
14375,186,3,1132.99,176,2.74,355,377.66,0.0084,6.44,3,3,3,9,At Risk,1,2,Loyal Customers,"Upsell premium products, increase frequency"
14376,684,1,215.46,17,3.93,0,215.46,1.0,12.67,1,1,1,3,Lost,1,3,Lost,Minimal spend — low re-engagement ROI
14377,192,2,617.05,11,9.15,70,308.52,0.0282,56.1,2,2,2,6,Hibernating,1,1,At Risk,"Send win-back campaigns, offer discounts"
14378,622,1,131.25,9,3.69,0,131.25,1.0,14.58,1,1,1,3,Lost,1,3,Lost,Minimal spend — low re-engagement ROI
14379,45,4,1268.91,93,3.32,436,317.23,0.0092,13.64,4,3,4,11,Loyal,0,2,Loyal Customers,"Upsell premium products, increase frequency"
14380,683,1,48.96,1,48.96,0,48.96,1.0,48.96,1,1,1,3,Lost,1,3,Lost,Minimal spend — low re-engagement ROI
14381,53,2,631.34,104,1.64,399,315.67,0.005,6.07,4,2,3,9,At Risk,0,1,At Risk,"Send win-back campaigns, offer discounts"
14382,27,2,1246.8,227,1.81,363,623.4,0.0055,5.49,4,2,3,9,At Risk,0,2,Loyal Customers,"Upsell premium products, increase frequency"
14383,39,3,1247.69,49,3.33,125,415.9,0.0238,25.46,4,3,3,10,Loyal,0,2,Loyal Customers,"Upsell premium products, increase frequency"
14384,501,1,58.5,3,1.95,0,58.5,1.0,19.5,1,1,1,3,Lost,1,3,Lost,Minimal spend — low re-engagement ROI
14385,10,3,202.11,13,1.62,14,67.37,0.2,15.55,5,3,1,9,At Risk,0,1,At Risk,"Send win-back campaigns, offer discounts"
14386,297,1,142.4,7,3.89,0,142.4,1.0,20.34,2,1,1,4,Hibernating,1,1,At Risk,"Send win-back campaigns, offer discounts"
14387,33,3,1770.56,125,3.38,76,590.19,0.039,14.16,4,3,4,11,Loyal,0,2,Loyal Customers,"Upsell premium products, increase frequency"
14388,11,16,6701.0,184,2.72,678,418.81,0.0236,36.42,5,5,5,15,Champion,0,0,Champions,"Reward with loyalty perks, ask for reviews"
14389,66,5,1898.01,48,2.05,525,379.6,0.0095,39.54,3,4,4,11,Loyal,0,2,Loyal Customers,"Upsell premium products, increase frequency"
14390,11,13,6399.83,197,3.28,414,492.29,0.0313,32.49,5,5,5,15,Champion,0,0,Champions,"Reward with loyalty perks, ask for reviews"
14391,577,1,135.6,14,0.81,0,135.6,1.0,9.69,1,1,1,3,Lost,1,3,Lost,Minimal spend — low re-engagement ROI
14392,433,1,266.4,14,2.71,0,266.4,1.0,19.03,1,1,1,3,Lost,1,3,Lost,Minimal spend — low re-engagement ROI
14393,219,1,67.95,5,5.39,0,67.95,1.0,13.59,2,1,1,4,Hibernating,1,1,At Risk,"Send win-back campaigns, offer discounts"
14394,565,1,93.8,6,2.6,0,93.8,1.0,15.63,1,1,1,3,Lost,1,3,Lost,Minimal spend — low re-engagement ROI
14395,3,20,8208.01,320,2.92,598,410.4,0.0334,25.65,5,5,5,15,Champion,0,0,Champions,"Reward with loyalty perks, ask for reviews"
14396,66,7,2121.93,202,2.76,672,303.13,0.0104,10.5,3,4,4,11,Loyal,0,2,Loyal Customers,"Upsell premium products, increase frequency"
14397,3,19,2612.96,18,2.08,210,137.52,0.09,145.16,5,5,4,14,Champion,0,0,Champions,"Reward with loyalty perks, ask for reviews"
14398,402,2,707.79,50,3.92,126,353.9,0.0157,14.16,2,2,3,7,At Risk,1,3,Lost,Minimal spend — low re-engagement ROI
14399,395,8,2113.16,119,2.64,280,264.14,0.0285,17.76,2,4,4,10,Loyal,1,2,Loyal Customers,"Upsell premium products, increase frequency"
14400,150,3,1732.47,71,1.65,482,577.49,0.0062,24.4,3,3,4,10,Loyal,1,2,Loyal Customers,"Upsell premium products, increase frequency"
14401,5,22,6795.9,171,1.78,721,308.9,0.0305,39.74,5,5,5,15,Champion,0,0,Champions,"Reward with loyalty perks, ask for reviews"
14402,653,1,285.6,8,1.15,0,285.6,1.0,35.7,1,1,1,3,Lost,1,3,Lost,Minimal spend — low re-engagement ROI
14403,131,6,1880.51,20,5.88,508,313.42,0.0118,94.03,3,4,4,11,Loyal,1,2,Loyal Customers,"Upsell premium products, increase frequency"
14404,34,13,2899.11,123,3.25,685,223.01,0.019,23.57,4,5,4,13,Champion,0,0,Champions,"Reward with loyalty perks, ask for reviews"
14405,387,1,195.0,2,1.95,0,195.0,1.0,97.5,2,1,1,4,Hibernating,1,3,Lost,Minimal spend — low re-engagement ROI
14406,120,1,156.75,8,3.8,0,156.75,1.0,19.59,3,1,1,5,Hibernating,1,1,At Risk,"Send win-back campaigns, offer discounts"
14407,108,6,2157.73,67,3.55,169,359.62,0.0353,32.2,3,4,4,11,Loyal,1,2,Loyal Customers,"Upsell premium products, increase frequency"
14408,11,11,4109.77,63,1.89,721,373.62,0.0152,65.23,5,5,5,15,Champion,0,0,Champions,"Reward with loyalty perks, ask for reviews"
14409,72,9,3756.09,76,2.38,496,417.34,0.0181,49.42,3,5,5,13,Champion,0,2,Loyal Customers,"Upsell premium products, increase frequency"
14410,93,11,2651.14,307,2.51,344,241.01,0.0319,8.64,3,5,4,12,Loyal,1,2,Loyal Customers,"Upsell premium products, increase frequency"
14411,311,1,1063.0,14,8.18,0,1063.0,1.0,75.93,2,1,3,6,Hibernating,1,3,Lost,Minimal spend — low re-engagement ROI
14412,43,3,1426.19,75,1.76,381,475.4,0.0079,19.02,4,3,4,11,Loyal,0,2,Loyal Customers,"Upsell premium products, increase frequency"
14413,363,4,770.37,93,5.97,326,192.59,0.0122,8.28,2,3,3,8,At Risk,1,3,Lost,Minimal spend — low re-engagement ROI
14414,92,8,2399.33,99,1.8,283,299.92,0.0282,24.24,3,4,4,11,Loyal,1,2,Loyal Customers,"Upsell premium products, increase frequency"
14415,2,23,12091.6,445,3.11,722,525.72,0.0318,27.17,5,5,5,15,Champion,0,0,Champions,"Reward with loyalty perks, ask for reviews"
14416,23,2,490.22,13,1.67,20,245.11,0.0952,37.71,4,2,2,8,At Risk,0,1,At Risk,"Send win-back campaigns, offer discounts"
14417,388,1,604.2,106,2.4,0,604.2,1.0,5.7,2,1,2,5,Hibernating,1,3,Lost,Minimal spend — low re-engagement ROI
14418,4,3,1937.25,114,2.14,104,645.75,0.0286,16.99,5,3,4,12,Loyal,0,2,Loyal Customers,"Upsell premium products, increase frequency"
14419,11,7,1260.91,118,2.56,372,180.13,0.0188,10.69,5,4,4,13,Champion,0,2,Loyal Customers,"Upsell premium products, increase frequency"
14420,100,4,1639.17,85,2.82,592,409.79,0.0067,19.28,3,3,4,10,Loyal,1,2,Loyal Customers,"Upsell premium products, increase frequency"
14421,58,6,2469.37,72,2.54,634,411.56,0.0094,34.3,4,4,4,12,Loyal,0,2,Loyal Customers,"Upsell premium products, increase frequency"
14422,1,19,10271.52,317,2.95,721,540.61,0.0263,32.4,5,5,5,15,Champion,0,0,Champions,"Reward with loyalty perks, ask for reviews"
14423,219,3,916.61,12,2.51,476,305.54,0.0063,76.38,2,3,3,8,At Risk,1,2,Loyal Customers,"Upsell premium products, increase frequency"
14424,18,1,322.08,1,6.71,0,322.08,1.0,322.08,5,1,2,8,At Risk,0,1,At Risk,"Send win-back campaigns, offer discounts"
14425,435,3,661.39,35,3.29,302,220.46,0.0099,18.9,1,3,3,7,At Risk,1,3,Lost,Minimal spend — low re-engagement ROI
14426,24,17,11727.94,452,3.31,621,689.88,0.0273,25.95,4,5,5,14,Champion,0,0,Champions,"Reward with loyalty perks, ask for reviews"
14427,51,4,1263.52,43,9.55,581,315.88,0.0069,29.38,4,3,4,11,Loyal,0,2,Loyal Customers,"Upsell premium products, increase frequency"
14428,8,5,1244.83,108,4.18,317,248.97,0.0157,11.53,5,4,3,12,Loyal,0,2,Loyal Customers,"Upsell premium products, increase frequency"
14429,404,1,516.28,22,2.42,0,516.28,1.0,23.47,2,1,2,5,Hibernating,1,3,Lost,Minimal spend — low re-engagement ROI
14430,512,3,1220.9,29,3.91,95,406.97,0.0312,42.1,1,3,3,7,At Risk,1,3,Lost,Minimal spend — low re-engagement ROI
14431,303,4,2614.2,72,3.39,384,653.55,0.0104,36.31,2,3,4,9,At Risk,1,2,Loyal Customers,"Upsell premium products, increase frequency"
14432,10,6,2255.51,256,1.45,79,375.92,0.075,8.81,5,4,4,13,Champion,0,2,Loyal Customers,"Upsell premium products, increase frequency"
14433,466,1,289.6,72,2.48,0,289.6,1.0,4.02,1,1,1,3,Lost,1,3,Lost,Minimal spend — low re-engagement ROI
14434,22,6,1372.8,3,4.45,50,228.8,0.1176,457.6,4,4,4,12,Loyal,0,2,Loyal Customers,"Upsell premium products, increase frequency"
14435,502,1,90.42,3,0.56,0,90.42,1.0,30.14,1,1,1,3,Lost,1,3,Lost,Minimal spend — low re-engagement ROI
14436,99,2,271.7,11,1.94,454,135.85,0.0044,24.7,3,2,1,6,Hibernating,1,1,At Risk,"Send win-back campaigns, offer discounts"
14437,366,5,958.84,34,3.08,217,191.77,0.0229,28.2,2,4,3,9,At Risk,1,2,Loyal Customers,"Upsell premium products, increase frequency"
14438,307,1,131.9,9,1.59,0,131.9,1.0,14.66,2,1,1,4,Hibernating,1,3,Lost,Minimal spend — low re-engagement ROI
14439,320,5,9443.04,105,5.31,367,1888.61,0.0136,89.93,2,4,5,11,Loyal,1,2,Loyal Customers,"Upsell premium products, increase frequency"
14440,9,13,6638.73,63,4.47,729,510.67,0.0178,105.38,5,5,5,15,Champion,0,0,Champions,"Reward with loyalty perks, ask for reviews"
14441,1,11,4611.69,103,5.57,689,419.24,0.0159,44.77,5,5,5,15,Champion,0,0,Champions,"Reward with loyalty perks, ask for reviews"
14442,205,7,5367.02,128,8.02,485,766.72,0.0144,41.93,2,4,5,11,Loyal,1,2,Loyal Customers,"Upsell premium products, increase frequency"
14443,54,5,2386.47,119,2.48,325,477.29,0.0153,20.05,4,4,4,12,Loyal,0,2,Loyal Customers,"Upsell premium products, increase frequency"
14444,457,1,132.04,11,1.26,0,132.04,1.0,12.0,1,1,1,3,Lost,1,3,Lost,Minimal spend — low re-engagement ROI
14445,456,1,221.65,32,2.72,0,221.65,1.0,6.93,1,1,1,3,Lost,1,3,Lost,Minimal spend — low re-engagement ROI
14446,1,5,1241.31,259,1.77,385,248.26,0.013,4.79,5,4,3,12,Loyal,0,2,Loyal Customers,"Upsell premium products, increase frequency"
14447,19,6,1711.73,81,2.6,381,285.29,0.0157,21.13,5,4,4,13,Champion,0,2,Loyal Customers,"Upsell premium products, increase frequency"
14448,10,2,375.35,20,2.72,354,187.68,0.0056,18.77,5,2,2,9,At Risk,0,1,At Risk,"Send win-back campaigns, offer discounts"
14449,19,8,2482.8,301,1.8,417,310.35,0.0191,8.25,5,4,4,13,Champion,0,2,Loyal Customers,"Upsell premium products, increase frequency"
14450,181,7,1128.44,47,2.95,429,161.21,0.0163,24.01,3,4,3,10,Loyal,1,2,Loyal Customers,"Upsell premium products, increase frequency"
14451,61,12,3308.77,245,2.17,631,275.73,0.019,13.51,3,5,5,13,Champion,0,0,Champions,"Reward with loyalty perks, ask for reviews"
14452,11,4,665.59,108,3.11,510,166.4,0.0078,6.16,5,3,3,11,Loyal,0,2,Loyal Customers,"Upsell premium products, increase frequency"
14453,191,1,119.93,22,3.78,0,119.93,1.0,5.45,2,1,1,4,Hibernating,1,1,At Risk,"Send win-back campaigns, offer discounts"
14454,377,5,977.3,93,3.45,357,195.46,0.014,10.51,2,4,3,9,At Risk,1,2,Loyal Customers,"Upsell premium products, increase frequency"
14455,433,4,628.21,65,1.37,63,157.05,0.0625,9.66,1,3,3,7,At Risk,1,3,Lost,Minimal spend — low re-engagement ROI
14456,6,9,3062.4,580,1.78,137,340.27,0.0652,5.28,5,5,5,15,Champion,0,2,Loyal Customers,"Upsell premium products, increase frequency"
14457,311,1,113.64,4,1.26,0,113.64,1.0,28.41,2,1,1,4,Hibernating,1,3,Lost,Minimal spend — low re-engagement ROI
14458,381,1,237.42,46,1.29,0,237.42,1.0,5.16,2,1,1,4,Hibernating,1,3,Lost,Minimal spend — low re-engagement ROI
14459,156,2,5375.74,113,3.63,496,2687.87,0.004,47.57,3,2,5,10,Loyal,1,2,Loyal Customers,"Upsell premium products, increase frequency"
14460,111,9,1093.5,33,1.23,613,121.5,0.0147,33.14,3,5,3,11,Loyal,1,2,Loyal Customers,"Upsell premium products, increase frequency"
14461,149,13,6713.5,515,3.46,542,516.42,0.0239,13.04,3,5,5,13,Champion,1,0,Champions,"Reward with loyalty perks, ask for reviews"
14462,67,12,2270.01,182,2.92,366,189.17,0.0327,12.47,3,5,4,12,Loyal,0,2,Loyal Customers,"Upsell premium products, increase frequency"
14463,99,4,786.57,7,6.53,401,196.64,0.01,112.37,3,3,3,9,At Risk,1,2,Loyal Customers,"Upsell premium products, increase frequency"
14464,569,2,111.0,4,3.69,59,55.5,0.0333,27.75,1,2,1,4,Hibernating,1,3,Lost,Minimal spend — low re-engagement ROI
14465,247,11,3946.03,128,2.59,454,358.73,0.0242,30.83,2,5,5,12,Loyal,1,0,Champions,"Reward with loyalty perks, ask for reviews"
14466,30,13,4646.9,77,2.99,696,357.45,0.0187,60.35,4,5,5,14,Champion,0,0,Champions,"Reward with loyalty perks, ask for reviews"
14467,18,12,2220.99,144,2.37,720,185.08,0.0166,15.42,5,5,4,14,Champion,0,0,Champions,"Reward with loyalty perks, ask for reviews"
14468,734,1,204.24,12,5.29,0,204.24,1.0,17.02,1,1,1,3,Lost,1,3,Lost,Minimal spend — low re-engagement ROI
14469,417,4,2112.21,120,3.9,263,528.05,0.0152,17.6,1,3,4,8,At Risk,1,2,Loyal Customers,"Upsell premium products, increase frequency"
14470,12,3,712.04,56,4.69,418,237.35,0.0072,12.72,5,3,3,11,Loyal,0,1,At Risk,"Send win-back campaigns, offer discounts"
14471,592,2,400.95,38,3.15,141,200.48,0.0141,10.55,1,2,2,5,Hibernating,1,3,Lost,Minimal spend — low re-engagement ROI
14472,104,9,2228.22,173,2.81,585,247.58,0.0154,12.88,3,5,4,12,Loyal,1,2,Loyal Customers,"Upsell premium products, increase frequency"
14473,75,2,234.34,7,4.11,208,117.17,0.0096,33.48,3,2,1,6,Hibernating,0,1,At Risk,"Send win-back campaigns, offer discounts"
14474,47,2,1278.08,122,4.13,533,639.04,0.0037,10.48,4,2,4,10,Loyal,0,2,Loyal Customers,"Upsell premium products, increase frequency"
14475,72,4,1151.15,40,3.06,337,287.79,0.0118,28.78,3,3,3,9,At Risk,0,2,Loyal Customers,"Upsell premium products, increase frequency"
14476,258,1,215.7,17,3.27,0,215.7,1.0,12.69,2,1,1,4,Hibernating,1,1,At Risk,"Send win-back campaigns, offer discounts"
14477,20,7,1969.6,7,1.82,684,281.37,0.0102,281.37,5,4,4,13,Champion,0,2,Loyal Customers,"Upsell premium products, increase frequency"
14478,383,4,1276.66,59,2.21,356,319.17,0.0112,21.64,2,3,4,9,At Risk,1,3,Lost,Minimal spend — low re-engagement ROI
14479,254,4,1299.11,127,3.1,479,324.78,0.0083,10.23,2,3,4,9,At Risk,1,2,Loyal Customers,"Upsell premium products, increase frequency"
14480,12,4,1299.52,52,2.79,707,324.88,0.0056,24.99,5,3,4,12,Loyal,0,2,Loyal Customers,"Upsell premium products, increase frequency"
14481,165,5,2311.49,114,2.33,512,462.3,0.0097,20.28,3,4,4,11,Loyal,1,2,Loyal Customers,"Upsell premium products, increase frequency"
14482,19,12,4357.91,185,2.56,451,363.16,0.0265,23.56,5,5,5,15,Champion,0,0,Champions,"Reward with loyalty perks, ask for reviews"
14483,282,2,257.1,13,1.67,455,128.55,0.0044,19.78,2,2,1,5,Hibernating,1,1,At Risk,"Send win-back campaigns, offer discounts"
14484,51,4,1070.98,47,2.09,672,267.74,0.0059,22.79,4,3,3,10,Loyal,0,2,Loyal Customers,"Upsell premium products, increase frequency"
14485,39,1,165.75,44,2.68,0,165.75,1.0,3.77,4,1,1,6,Hibernating,0,1,At Risk,"Send win-back campaigns, offer discounts"
14486,512,2,175.5,4,1.95,41,87.75,0.0476,43.88,1,2,1,4,Hibernating,1,3,Lost,Minimal spend — low re-engagement ROI
14487,27,7,1453.61,129,2.49,352,207.66,0.0198,11.27,4,4,4,12,Loyal,0,2,Loyal Customers,"Upsell premium products, increase frequency"
14488,68,1,1064.28,46,2.13,0,1064.28,1.0,23.14,3,1,3,7,At Risk,0,1,At Risk,"Send win-back campaigns, offer discounts"
14489,208,4,1574.93,65,2.16,405,393.73,0.0099,24.23,2,3,4,9,At Risk,1,2,Loyal Customers,"Upsell premium products, increase frequency"
14490,407,2,1273.47,72,1.91,22,636.74,0.087,17.69,2,2,4,8,At Risk,1,3,Lost,Minimal spend — low re-engagement ROI
14491,176,2,468.13,17,4.47,197,234.06,0.0101,27.54,3,2,2,7,At Risk,1,1,At Risk,"Send win-back campaigns, offer discounts"
14492,431,7,1921.91,70,4.37,188,274.56,0.037,27.46,1,4,4,9,At Risk,1,2,Loyal Customers,"Upsell premium products, increase frequency"
14493,8,10,5130.15,292,2.83,634,513.02,0.0157,17.57,5,5,5,15,Champion,0,0,Champions,"Reward with loyalty perks, ask for reviews"
14494,26,3,401.46,17,1.85,705,133.82,0.0042,23.62,4,3,2,9,At Risk,0,1,At Risk,"Send win-back campaigns, offer discounts"
14495,51,3,174.8,7,2.94,609,58.27,0.0049,24.97,4,3,1,8,At Risk,0,1,At Risk,"Send win-back campaigns, offer discounts"
14496,312,7,2668.23,64,5.25,321,381.18,0.0217,41.69,2,4,4,10,Loyal,1,2,Loyal Customers,"Upsell premium products, increase frequency"
14497,310,2,697.06,40,4.27,364,348.53,0.0055,17.43,2,2,3,7,At Risk,1,3,Lost,Minimal spend — low re-engagement ROI
14498,43,10,3911.27,276,3.04,507,391.13,0.0197,14.17,4,5,5,14,Champion,0,0,Champions,"Reward with loyalty perks, ask for reviews"
14499,27,7,2138.97,199,2.09,443,305.57,0.0158,10.75,4,4,4,12,Loyal,0,2,Loyal Customers,"Upsell premium products, increase frequency"
14500,89,3,356.85,6,6.21,101,118.95,0.0294,59.48,3,3,2,8,At Risk,0,1,At Risk,"Send win-back campaigns, offer discounts"
14501,184,2,251.21,9,2.18,136,125.6,0.0146,27.91,3,2,1,6,Hibernating,1,1,At Risk,"Send win-back campaigns, offer discounts"
14502,20,11,2470.67,368,2.38,293,224.61,0.0374,6.71,5,5,4,14,Champion,0,2,Loyal Customers,"Upsell premium products, increase frequency"
14503,4,6,3543.26,113,2.67,175,590.54,0.0341,31.36,5,4,5,14,Champion,0,2,Loyal Customers,"Upsell premium products, increase frequency"
14504,48,4,673.26,85,3.48,231,168.32,0.0172,7.92,4,3,3,10,Loyal,0,2,Loyal Customers,"Upsell premium products, increase frequency"
14505,18,19,12001.84,898,2.99,713,631.68,0.0266,13.37,5,5,5,15,Champion,0,0,Champions,"Reward with loyalty perks, ask for reviews"
14506,18,7,3290.67,251,3.55,582,470.1,0.012,13.11,5,4,5,14,Champion,0,2,Loyal Customers,"Upsell premium products, increase frequency"
14507,24,11,3284.43,182,3.41,705,298.58,0.0156,18.05,4,5,5,14,Champion,0,0,Champions,"Reward with loyalty perks, ask for reviews"
14508,23,5,874.94,142,3.46,518,174.99,0.0096,6.16,4,4,3,11,Loyal,0,2,Loyal Customers,"Upsell premium products, increase frequency"
14509,535,1,110.95,25,3.51,0,110.95,1.0,4.44,1,1,1,3,Lost,1,3,Lost,Minimal spend — low re-engagement ROI
14510,376,3,1007.28,67,2.08,60,335.76,0.0492,15.03,2,3,3,8,At Risk,1,3,Lost,Minimal spend — low re-engagement ROI
14511,12,5,1314.81,53,2.5,122,262.96,0.0407,24.81,5,4,4,13,Champion,0,2,Loyal Customers,"Upsell premium products, increase frequency"
14512,188,7,1223.47,55,2.95,544,174.78,0.0128,22.24,3,4,3,10,Loyal,1,2,Loyal Customers,"Upsell premium products, increase frequency"
14513,101,6,788.01,15,2.27,467,131.34,0.0128,52.53,3,4,3,10,Loyal,1,2,Loyal Customers,"Upsell premium products, increase frequency"
14514,62,9,4598.98,212,2.56,665,511.0,0.0135,21.69,3,5,5,13,Champion,0,0,Champions,"Reward with loyalty perks, ask for reviews"
14515,18,12,3749.26,109,2.79,532,312.44,0.0225,34.4,5,5,5,15,Champion,0,0,Champions,"Reward with loyalty perks, ask for reviews"
14516,517,1,163.92,35,2.84,0,163.92,1.0,4.68,1,1,1,3,Lost,1,3,Lost,Minimal spend — low re-engagement ROI
14517,34,2,330.45,17,5.33,108,165.22,0.0183,19.44,4,2,2,8,At Risk,0,1,At Risk,"Send win-back campaigns, offer discounts"
14518,65,1,174.37,16,2.7,0,174.37,1.0,10.9,3,1,1,5,Hibernating,0,1,At Risk,"Send win-back campaigns, offer discounts"
14519,684,2,206.09,38,2.81,45,103.04,0.0435,5.42,1,2,1,4,Hibernating,1,3,Lost,Minimal spend — low re-engagement ROI
14520,2,2,270.6,3,3.21,289,135.3,0.0069,90.2,5,2,1,8,At Risk,0,1,At Risk,"Send win-back campaigns, offer discounts"
14521,492,1,199.45,17,2.41,0,199.45,1.0,11.73,1,1,1,3,Lost,1,3,Lost,Minimal spend — low re-engagement ROI
14522,25,8,1758.62,34,2.6,659,219.83,0.0121,51.72,4,4,4,12,Loyal,0,2,Loyal Customers,"Upsell premium products, increase frequency"
14523,109,1,241.09,12,2.72,0,241.09,1.0,20.09,3,1,1,5,Hibernating,1,1,At Risk,"Send win-back campaigns, offer discounts"
14524,32,13,2933.71,250,3.66,385,225.67,0.0337,11.73,4,5,4,13,Champion,0,0,Champions,"Reward with loyalty perks, ask for reviews"
14525,20,17,8240.64,340,2.91,706,484.74,0.024,24.24,5,5,5,15,Champion,0,0,Champions,"Reward with loyalty perks, ask for reviews"
14526,390,1,262.4,41,2.01,0,262.4,1.0,6.4,2,1,1,4,Hibernating,1,3,Lost,Minimal spend — low re-engagement ROI
14527,3,122,27792.3,607,5.19,735,227.81,0.1658,45.79,5,5,5,15,Champion,0,0,Champions,"Reward with loyalty perks, ask for reviews"
14528,38,1,364.22,18,1.97,0,364.22,1.0,20.23,4,1,2,7,At Risk,0,1,At Risk,"Send win-back campaigns, offer discounts"
14529,61,3,620.04,177,1.97,50,206.68,0.0588,3.5,3,3,3,9,At Risk,0,1,At Risk,"Send win-back campaigns, offer discounts"
14530,26,16,6197.4,269,3.7,661,387.34,0.0242,23.04,4,5,5,14,Champion,0,0,Champions,"Reward with loyalty perks, ask for reviews"
14531,480,1,376.34,29,2.46,0,376.34,1.0,12.98,1,1,2,4,Hibernating,1,3,Lost,Minimal spend — low re-engagement ROI
14532,237,11,3859.18,209,4.61,462,350.83,0.0238,18.46,2,5,5,12,Loyal,1,0,Champions,"Reward with loyalty perks, ask for reviews"
14533,25,11,3466.37,74,2.17,585,315.12,0.0188,46.84,4,5,5,14,Champion,0,0,Champions,"Reward with loyalty perks, ask for reviews"
14534,3,26,6271.11,437,3.27,631,241.2,0.0411,14.35,5,5,5,15,Champion,0,0,Champions,"Reward with loyalty perks, ask for reviews"
14535,61,9,6030.73,589,2.82,593,670.08,0.0152,10.24,3,5,5,13,Champion,0,0,Champions,"Reward with loyalty perks, ask for reviews"
14536,260,1,171.8,18,4.83,0,171.8,1.0,9.54,2,1,1,4,Hibernating,1,1,At Risk,"Send win-back campaigns, offer discounts"
14537,58,2,641.4,23,3.96,565,320.7,0.0035,27.89,4,2,3,9,At Risk,0,1,At Risk,"Send win-back campaigns, offer discounts"
14538,65,5,1370.84,45,7.69,618,274.17,0.0081,30.46,3,4,4,11,Loyal,0,2,Loyal Customers,"Upsell premium products, increase frequency"
14539,16,2,537.48,31,2.08,28,268.74,0.069,17.34,5,2,2,9,At Risk,0,1,At Risk,"Send win-back campaigns, offer discounts"
14540,10,11,3795.34,197,3.74,722,345.03,0.0152,19.27,5,5,5,15,Champion,0,0,Champions,"Reward with loyalty perks, ask for reviews"
14541,59,14,2499.68,99,2.65,642,178.55,0.0218,25.25,4,5,4,13,Champion,0,0,Champions,"Reward with loyalty perks, ask for reviews"
14542,186,1,103.25,5,5.41,0,103.25,1.0,20.65,3,1,1,5,Hibernating,1,1,At Risk,"Send win-back campaigns, offer discounts"
14543,29,39,14906.77,106,6.96,709,382.22,0.0549,140.63,4,5,5,14,Champion,0,0,Champions,"Reward with loyalty perks, ask for reviews"
14544,25,3,2982.43,148,2.17,445,994.14,0.0067,20.15,4,3,5,12,Loyal,0,2,Loyal Customers,"Upsell premium products, increase frequency"
14545,675,1,349.25,23,4.13,0,349.25,1.0,15.18,1,1,2,4,Hibernating,1,3,Lost,Minimal spend — low re-engagement ROI
14546,6,11,5197.9,410,2.52,727,472.54,0.0151,12.68,5,5,5,15,Champion,0,0,Champions,"Reward with loyalty perks, ask for reviews"
14547,4,8,4007.54,198,2.87,50,500.94,0.1569,20.24,5,4,5,14,Champion,0,2,Loyal Customers,"Upsell premium products, increase frequency"
14548,151,9,2627.49,66,3.04,582,291.94,0.0154,39.81,3,5,4,12,Loyal,1,2,Loyal Customers,"Upsell premium products, increase frequency"
14549,312,4,916.55,117,2.92,425,229.14,0.0094,7.83,2,3,3,8,At Risk,1,2,Loyal Customers,"Upsell premium products, increase frequency"
14550,11,4,1353.31,77,2.46,473,338.33,0.0084,17.58,5,3,4,12,Loyal,0,2,Loyal Customers,"Upsell premium products, increase frequency"
14551,19,7,880.04,69,3.14,663,125.72,0.0105,12.75,5,4,3,12,Loyal,0,2,Loyal Customers,"Upsell premium products, increase frequency"
14552,152,3,511.28,124,2.03,440,170.43,0.0068,4.12,3,3,2,8,At Risk,1,1,At Risk,"Send win-back campaigns, offer discounts"
14553,20,9,1841.54,233,2.59,490,204.62,0.0183,7.9,5,5,4,14,Champion,0,2,Loyal Customers,"Upsell premium products, increase frequency"
14554,11,4,2381.04,147,2.76,42,595.26,0.093,16.2,5,3,4,12,Loyal,0,2,Loyal Customers,"Upsell premium products, increase frequency"
14555,58,6,2315.63,94,3.8,664,385.94,0.009,24.63,4,4,4,12,Loyal,0,2,Loyal Customers,"Upsell premium products, increase frequency"
14556,597,3,835.34,158,2.76,92,278.45,0.0323,5.29,1,3,3,7,At Risk,1,3,Lost,Minimal spend — low re-engagement ROI
14557,86,1,788.38,16,1.59,0,788.38,1.0,49.27,3,1,3,7,At Risk,0,1,At Risk,"Send win-back campaigns, offer discounts"
14558,655,3,655.5,13,7.96,77,218.5,0.0385,50.42,1,3,3,7,At Risk,1,3,Lost,Minimal spend — low re-engagement ROI
14559,391,1,75.6,2,1.05,0,75.6,1.0,37.8,2,1,1,4,Hibernating,1,3,Lost,Minimal spend — low re-engagement ROI
14560,8,44,6114.03,60,4.35,730,138.96,0.0602,101.9,5,5,5,15,Champion,0,0,Champions,"Reward with loyalty perks, ask for reviews"
14561,76,3,1080.76,67,1.99,108,360.25,0.0275,16.13,3,3,3,9,At Risk,0,2,Loyal Customers,"Upsell premium products, increase frequency"
14562,4,26,6729.4,245,3.18,666,258.82,0.039,27.47,5,5,5,15,Champion,0,0,Champions,"Reward with loyalty perks, ask for reviews"
14563,510,2,679.44,95,4.15,82,339.72,0.0241,7.15,1,2,3,6,Hibernating,1,3,Lost,Minimal spend — low re-engagement ROI
14564,435,2,2605.62,107,3.49,300,1302.81,0.0066,24.35,1,2,4,7,At Risk,1,3,Lost,Minimal spend — low re-engagement ROI
14565,96,5,3859.22,139,3.72,377,771.84,0.0132,27.76,3,4,5,12,Loyal,1,2,Loyal Customers,"Upsell premium products, increase frequency"
14566,111,4,4092.0,9,1.71,423,1023.0,0.0094,454.67,3,3,5,11,Loyal,1,2,Loyal Customers,"Upsell premium products, increase frequency"
14567,57,2,1530.36,33,3.71,73,765.18,0.027,46.37,4,2,4,10,Loyal,0,2,Loyal Customers,"Upsell premium products, increase frequency"
14568,436,1,919.7,47,1.96,0,919.7,1.0,19.57,1,1,3,5,Hibernating,1,3,Lost,Minimal spend — low re-engagement ROI
14569,2,4,598.98,31,2.85,602,149.74,0.0066,19.32,5,3,2,10,Loyal,0,2,Loyal Customers,"Upsell premium products, increase frequency"
14570,281,3,613.75,64,3.29,162,204.58,0.0184,9.59,2,3,2,7,At Risk,1,1,At Risk,"Send win-back campaigns, offer discounts"
14571,426,1,161.65,30,2.84,0,161.65,1.0,5.39,1,1,1,3,Lost,1,3,Lost,Minimal spend — low re-engagement ROI
14572,4,11,5615.18,336,3.14,618,510.47,0.0178,16.71,5,5,5,15,Champion,0,0,Champions,"Reward with loyalty perks, ask for reviews"
14573,180,13,2621.42,183,4.32,520,201.65,0.025,14.32,3,5,4,12,Loyal,1,0,Champions,"Reward with loyalty perks, ask for reviews"
14574,733,1,143.7,11,2.77,0,143.7,1.0,13.06,1,1,1,3,Lost,1,3,Lost,Minimal spend — low re-engagement ROI
14575,489,1,460.71,71,3.22,0,460.71,1.0,6.49,1,1,2,4,Hibernating,1,3,Lost,Minimal spend — low re-engagement ROI
14576,373,1,70.8,1,2.95,0,70.8,1.0,70.8,2,1,1,4,Hibernating,1,3,Lost,Minimal spend — low re-engagement ROI
14577,13,7,1374.25,104,2.66,716,196.32,0.0098,13.21,5,4,4,13,Champion,0,2,Loyal Customers,"Upsell premium products, increase frequency"
14578,4,1,168.63,24,2.45,0,168.63,1.0,7.03,5,1,1,7,At Risk,0,1,At Risk,"Send win-back campaigns, offer discounts"
14579,433,1,105.56,24,1.99,0,105.56,1.0,4.4,1,1,1,3,Lost,1,3,Lost,Minimal spend — low re-engagement ROI
14580,519,1,14.85,1,4.95,0,14.85,1.0,14.85,1,1,1,3,Lost,1,3,Lost,Minimal spend — low re-engagement ROI
14581,17,2,433.8,59,2.96,527,216.9,0.0038,7.35,5,2,2,9,At Risk,0,1,At Risk,"Send win-back campaigns, offer discounts"
14582,41,1,114.11,6,3.39,0,114.11,1.0,19.02,4,1,1,6,Hibernating,0,1,At Risk,"Send win-back campaigns, offer discounts"
14583,6,8,1781.03,353,2.24,615,222.63,0.013,5.05,5,4,4,13,Champion,0,2,Loyal Customers,"Upsell premium products, increase frequency"
14584,170,8,1747.91,127,2.74,491,218.49,0.0163,13.76,3,4,4,11,Loyal,1,2,Loyal Customers,"Upsell premium products, increase frequency"
14585,51,5,1143.27,88,1.85,366,228.65,0.0136,12.99,4,4,3,11,Loyal,0,2,Loyal Customers,"Upsell premium products, increase frequency"
14586,277,1,237.36,19,0.7,0,237.36,1.0,12.49,2,1,1,4,Hibernating,1,1,At Risk,"Send win-back campaigns, offer discounts"
14587,19,9,1601.14,170,2.39,312,177.9,0.0288,9.42,5,5,4,14,Champion,0,2,Loyal Customers,"Upsell premium products, increase frequency"
14588,579,1,135.39,16,2.8,0,135.39,1.0,8.46,1,1,1,3,Lost,1,3,Lost,Minimal spend — low re-engagement ROI
14589,372,1,79.5,3,7.95,0,79.5,1.0,26.5,2,1,1,4,Hibernating,1,3,Lost,Minimal spend — low re-engagement ROI
14590,425,20,3006.62,124,3.85,307,150.33,0.0649,24.25,1,5,5,11,Loyal,1,0,Champions,"Reward with loyalty perks, ask for reviews"
14591,16,4,1447.14,138,2.81,197,361.78,0.0202,10.49,5,3,4,12,Loyal,0,2,Loyal Customers,"Upsell premium products, increase frequency"
14592,36,3,570.46,132,2.04,28,190.15,0.1034,4.32,4,3,2,9,At Risk,0,1,At Risk,"Send win-back campaigns, offer discounts"
14593,22,12,3712.01,436,2.52,708,309.33,0.0169,8.51,4,5,5,14,Champion,0,0,Champions,"Reward with loyalty perks, ask for reviews"
14594,8,2,634.83,48,3.22,365,317.42,0.0055,13.23,5,2,3,10,Loyal,0,1,At Risk,"Send win-back campaigns, offer discounts"
14595,20,8,2164.45,119,2.61,668,270.56,0.012,18.19,5,4,4,13,Champion,0,2,Loyal Customers,"Upsell premium products, increase frequency"
14596,627,1,229.47,50,3.38,0,229.47,1.0,4.59,1,1,1,3,Lost,1,3,Lost,Minimal spend — low re-engagement ROI
14597,12,6,2201.54,79,1.88,425,366.92,0.0141,27.87,5,4,4,13,Champion,0,2,Loyal Customers,"Upsell premium products, increase frequency"
14598,45,2,384.04,83,1.45,525,192.02,0.0038,4.63,4,2,2,8,At Risk,0,1,At Risk,"Send win-back campaigns, offer discounts"
14599,391,2,474.54,77,2.39,118,237.27,0.0168,6.16,2,2,2,6,Hibernating,1,3,Lost,Minimal spend — low re-engagement ROI
14600,306,2,865.17,53,3.79,87,432.58,0.0227,16.32,2,2,3,7,At Risk,1,3,Lost,Minimal spend — low re-engagement ROI
14601,11,1,213.96,7,1.43,0,213.96,1.0,30.57,5,1,1,7,At Risk,0,1,At Risk,"Send win-back campaigns, offer discounts"
14602,657,1,205.36,31,3.56,0,205.36,1.0,6.62,1,1,1,3,Lost,1,3,Lost,Minimal spend — low re-engagement ROI
14603,275,1,660.0,2,1.65,0,660.0,1.0,330.0,2,1,3,6,Hibernating,1,1,At Risk,"Send win-back campaigns, offer discounts"
14604,634,1,143.86,20,2.03,0,143.86,1.0,7.19,1,1,1,3,Lost,1,3,Lost,Minimal spend — low re-engagement ROI
14605,375,4,937.16,88,3.39,357,234.29,0.0112,10.65,2,3,3,8,At Risk,1,3,Lost,Minimal spend — low re-engagement ROI
14606,2,192,30861.06,1262,2.83,735,160.73,0.2609,24.45,5,5,5,15,Champion,0,0,Champions,"Reward with loyalty perks, ask for reviews"
14607,16,22,24137.63,106,2.59,708,1097.16,0.031,227.71,5,5,5,15,Champion,0,0,Champions,"Reward with loyalty perks, ask for reviews"
14608,5,11,3352.94,15,3.93,729,304.81,0.0151,223.53,5,5,5,15,Champion,0,0,Champions,"Reward with loyalty perks, ask for reviews"
14609,73,10,1486.2,6,0.26,596,148.62,0.0168,247.7,3,5,4,12,Loyal,0,2,Loyal Customers,"Upsell premium products, increase frequency"
14610,396,2,24.35,10,2.01,118,12.18,0.0168,2.44,2,2,1,5,Hibernating,1,3,Lost,Minimal spend — low re-engagement ROI
14611,444,2,604.33,37,2.17,154,302.17,0.0129,16.33,1,2,2,5,Hibernating,1,3,Lost,Minimal spend — low re-engagement ROI
14612,416,1,877.7,14,7.03,0,877.7,1.0,62.69,1,1,3,5,Hibernating,1,3,Lost,Minimal spend — low re-engagement ROI
14613,681,1,76.32,1,1.06,0,76.32,1.0,76.32,1,1,1,3,Lost,1,3,Lost,Minimal spend — low re-engagement ROI
14614,387,1,295.13,19,2.77,0,295.13,1.0,15.53,2,1,2,5,Hibernating,1,3,Lost,Minimal spend — low re-engagement ROI
14615,395,5,951.76,40,3.41,153,190.35,0.0325,23.79,2,4,3,9,At Risk,1,3,Lost,Minimal spend — low re-engagement ROI
14616,243,5,527.78,3,3.22,306,105.56,0.0163,175.93,2,4,2,8,At Risk,1,2,Loyal Customers,"Upsell premium products, increase frequency"
14617,403,2,190.47,7,2.86,13,95.24,0.1429,27.21,2,2,1,5,Hibernating,1,3,Lost,Minimal spend — low re-engagement ROI
14618,10,7,1342.32,40,4.51,537,191.76,0.013,33.56,5,4,4,13,Champion,0,2,Loyal Customers,"Upsell premium products, increase frequency"
14619,246,2,1291.24,58,3.78,295,645.62,0.0068,22.26,2,2,4,8,At Risk,1,2,Loyal Customers,"Upsell premium products, increase frequency"
14620,206,2,412.78,26,3.42,78,206.39,0.0253,15.88,2,2,2,6,Hibernating,1,1,At Risk,"Send win-back campaigns, offer discounts"
14621,2,9,3000.57,134,2.7,682,333.4,0.0132,22.39,5,5,5,15,Champion,0,2,Loyal Customers,"Upsell premium products, increase frequency"
14622,185,1,320.58,21,3.21,0,320.58,1.0,15.27,3,1,2,6,Hibernating,1,1,At Risk,"Send win-back campaigns, offer discounts"
14623,33,10,2059.58,193,2.85,569,205.96,0.0175,10.67,4,5,4,13,Champion,0,2,Loyal Customers,"Upsell premium products, increase frequency"
14624,58,6,814.07,39,2.35,547,135.68,0.0109,20.87,4,4,3,11,Loyal,0,2,Loyal Customers,"Upsell premium products, increase frequency"
14625,197,11,4497.88,167,3.94,527,408.9,0.0208,26.93,2,5,5,12,Loyal,1,0,Champions,"Reward with loyalty perks, ask for reviews"
14626,24,11,5410.92,181,2.97,705,491.9,0.0156,29.89,4,5,5,14,Champion,0,0,Champions,"Reward with loyalty perks, ask for reviews"
14627,380,1,462.75,29,2.6,0,462.75,1.0,15.96,2,1,2,5,Hibernating,1,3,Lost,Minimal spend — low re-engagement ROI
14628,92,5,1998.0,65,3.53,592,399.6,0.0084,30.74,3,4,4,11,Loyal,1,2,Loyal Customers,"Upsell premium products, increase frequency"
14629,5,2,959.01,133,3.74,43,479.5,0.0455,7.21,5,2,3,10,Loyal,0,1,At Risk,"Send win-back campaigns, offer discounts"
14630,485,1,338.65,21,5.1,0,338.65,1.0,16.13,1,1,2,4,Hibernating,1,3,Lost,Minimal spend — low re-engagement ROI
14631,51,6,2025.69,65,2.66,436,337.62,0.0137,31.16,4,4,4,12,Loyal,0,2,Loyal Customers,"Upsell premium products, increase frequency"
14632,263,1,114.56,8,2.54,0,114.56,1.0,14.32,2,1,1,4,Hibernating,1,1,At Risk,"Send win-back campaigns, offer discounts"
14633,267,1,344.9,20,5.4,0,344.9,1.0,17.24,2,1,2,5,Hibernating,1,1,At Risk,"Send win-back campaigns, offer discounts"
14634,438,4,2124.46,105,2.1,104,531.12,0.0381,20.23,1,3,4,8,At Risk,1,3,Lost,Minimal spend — low re-engagement ROI
14635,454,1,215.22,15,3.88,0,215.22,1.0,14.35,1,1,1,3,Lost,1,3,Lost,Minimal spend — low re-engagement ROI
14636,37,2,609.85,27,3.04,232,304.92,0.0086,22.59,4,2,2,8,At Risk,0,1,At Risk,"Send win-back campaigns, offer discounts"
14637,678,1,106.68,7,1.45,0,106.68,1.0,15.24,1,1,1,3,Lost,1,3,Lost,Minimal spend — low re-engagement ROI
14638,51,1,443.6,16,4.16,0,443.6,1.0,27.72,4,1,2,7,At Risk,0,1,At Risk,"Send win-back campaigns, offer discounts"
14639,53,9,4978.96,203,4.44,609,553.22,0.0148,24.53,4,5,5,14,Champion,0,0,Champions,"Reward with loyalty perks, ask for reviews"
14640,25,10,3667.06,165,3.44,661,366.71,0.0151,22.22,4,5,5,14,Champion,0,0,Champions,"Reward with loyalty perks, ask for reviews"
14641,22,1,110.46,7,1.29,0,110.46,1.0,15.78,4,1,1,6,Hibernating,0,1,At Risk,"Send win-back campaigns, offer discounts"
14642,59,1,96.12,2,3.01,0,96.12,1.0,48.06,4,1,1,6,Hibernating,0,1,At Risk,"Send win-back campaigns, offer discounts"
14643,171,5,1679.89,57,2.77,558,335.98,0.0089,29.47,3,4,4,11,Loyal,1,2,Loyal Customers,"Upsell premium products, increase frequency"
14644,68,7,2247.72,50,4.91,668,321.1,0.0105,44.95,3,4,4,11,Loyal,0,2,Loyal Customers,"Upsell premium products, increase frequency"
14645,157,3,876.89,45,3.42,477,292.3,0.0063,19.49,3,3,3,9,At Risk,1,2,Loyal Customers,"Upsell premium products, increase frequency"
14646,2,151,528602.52,961,2.45,735,3500.68,0.2052,550.05,5,5,5,15,Champion,0,0,Champions,"Reward with loyalty perks, ask for reviews"
14647,202,2,519.97,42,3.34,322,259.98,0.0062,12.38,2,2,2,6,Hibernating,1,1,At Risk,"Send win-back campaigns, offer discounts"
14648,417,15,4546.86,286,2.1,312,303.12,0.0479,15.9,1,5,5,11,Loyal,1,0,Champions,"Reward with loyalty perks, ask for reviews"
14649,5,9,3775.31,374,2.99,683,419.48,0.0132,10.09,5,5,5,15,Champion,0,0,Champions,"Reward with loyalty perks, ask for reviews"
14650,590,1,62.5,4,6.85,0,62.5,1.0,15.62,1,1,1,3,Lost,1,3,Lost,Minimal spend — low re-engagement ROI
14651,68,9,2034.12,216,3.11,564,226.01,0.0159,9.42,3,5,4,12,Loyal,0,2,Loyal Customers,"Upsell premium products, increase frequency"
14652,78,1,114.18,29,2.99,0,114.18,1.0,3.94,3,1,1,5,Hibernating,0,1,At Risk,"Send win-back campaigns, offer discounts"
14653,2,12,3614.54,271,3.62,736,301.21,0.0163,13.34,5,5,5,15,Champion,0,0,Champions,"Reward with loyalty perks, ask for reviews"
14654,739,1,246.86,27,1.33,0,246.86,1.0,9.14,1,1,1,3,Lost,1,3,Lost,Minimal spend — low re-engagement ROI
14655,9,7,3878.51,72,2.89,588,554.07,0.0119,53.87,5,4,5,14,Champion,0,2,Loyal Customers,"Upsell premium products, increase frequency"
14656,170,5,814.65,148,3.0,434,162.93,0.0115,5.5,3,4,3,10,Loyal,1,2,Loyal Customers,"Upsell premium products, increase frequency"
14657,18,6,1460.87,143,2.62,417,243.48,0.0144,10.22,5,4,4,13,Champion,0,2,Loyal Customers,"Upsell premium products, increase frequency"
14658,6,2,247.15,27,5.59,111,123.58,0.0179,9.15,5,2,1,8,At Risk,0,1,At Risk,"Send win-back campaigns, offer discounts"
14659,9,9,2529.93,147,2.94,306,281.1,0.0293,17.21,5,5,4,14,Champion,0,2,Loyal Customers,"Upsell premium products, increase frequency"
14660,87,2,285.74,24,2.36,14,142.87,0.1333,11.91,3,2,1,6,Hibernating,0,1,At Risk,"Send win-back campaigns, offer discounts"
14661,27,1,107.95,4,3.95,0,107.95,1.0,26.99,4,1,1,6,Hibernating,0,1,At Risk,"Send win-back campaigns, offer discounts"
14662,29,7,1416.33,199,2.51,707,202.33,0.0099,7.12,4,4,4,12,Loyal,0,2,Loyal Customers,"Upsell premium products, increase frequency"
14663,431,2,490.6,60,2.25,0,245.3,2.0,8.18,1,2,2,5,Hibernating,1,3,Lost,Minimal spend — low re-engagement ROI
14664,20,2,637.89,78,1.98,13,318.94,0.1429,8.18,5,2,3,10,Loyal,0,1,At Risk,"Send win-back campaigns, offer discounts"
14665,61,7,2749.65,94,3.83,531,392.81,0.0132,29.25,3,4,4,11,Loyal,0,2,Loyal Customers,"Upsell premium products, increase frequency"
14666,25,1,195.25,14,1.86,0,195.25,1.0,13.95,4,1,1,6,Hibernating,0,1,At Risk,"Send win-back campaigns, offer discounts"
14667,11,54,21927.14,578,3.2,726,406.06,0.0743,37.94,5,5,5,15,Champion,0,0,Champions,"Reward with loyalty perks, ask for reviews"
14668,446,1,111.63,10,2.2,0,111.63,1.0,11.16,1,1,1,3,Lost,1,3,Lost,Minimal spend — low re-engagement ROI
14669,242,7,3243.93,334,2.66,495,463.42,0.0141,9.71,2,4,5,11,Loyal,1,2,Loyal Customers,"Upsell premium products, increase frequency"
14670,281,3,602.0,159,1.83,452,200.67,0.0066,3.79,2,3,2,7,At Risk,1,1,At Risk,"Send win-back campaigns, offer discounts"
14671,550,2,1127.45,48,3.21,18,563.72,0.1053,23.49,1,2,3,6,Hibernating,1,3,Lost,Minimal spend — low re-engagement ROI
14672,235,4,1113.14,93,2.83,445,278.29,0.009,11.97,2,3,3,8,At Risk,1,2,Loyal Customers,"Upsell premium products, increase frequency"
14673,4,7,3410.81,86,2.27,406,487.26,0.0172,39.66,5,4,5,14,Champion,0,2,Loyal Customers,"Upsell premium products, increase frequency"
14674,510,1,173.66,14,2.68,0,173.66,1.0,12.4,1,1,1,3,Lost,1,3,Lost,Minimal spend — low re-engagement ROI
14675,17,2,1066.9,196,2.07,372,533.45,0.0054,5.44,5,2,3,10,Loyal,0,1,At Risk,"Send win-back campaigns, offer discounts"
14676,32,12,8356.79,77,1.65,608,696.4,0.0197,108.53,4,5,5,14,Champion,0,0,Champions,"Reward with loyalty perks, ask for reviews"
14677,593,1,184.91,14,2.37,0,184.91,1.0,13.21,1,1,1,3,Lost,1,3,Lost,Minimal spend — low re-engagement ROI
14678,580,1,403.39,24,3.48,0,403.39,1.0,16.81,1,1,2,4,Hibernating,1,3,Lost,Minimal spend — low re-engagement ROI
14679,382,3,1289.44,49,3.17,349,429.81,0.0086,26.32,2,3,4,9,At Risk,1,3,Lost,Minimal spend — low re-engagement ROI
14680,26,58,57412.77,222,2.75,710,989.88,0.0816,258.62,4,5,5,14,Champion,0,0,Champions,"Reward with loyalty perks, ask for reviews"
14681,72,6,875.15,19,6.13,582,145.86,0.0103,46.06,3,4,3,10,Loyal,0,2,Loyal Customers,"Upsell premium products, increase frequency"
14682,188,6,1514.81,79,3.05,484,252.47,0.0124,19.17,3,4,4,11,Loyal,1,2,Loyal Customers,"Upsell premium products, increase frequency"
14683,589,1,146.56,21,1.17,0,146.56,1.0,6.98,1,1,1,3,Lost,1,3,Lost,Minimal spend — low re-engagement ROI
14684,26,6,1468.55,272,1.71,364,244.76,0.0164,5.4,4,4,4,12,Loyal,0,2,Loyal Customers,"Upsell premium products, increase frequency"
14685,577,8,4619.79,109,3.21,150,577.47,0.053,42.38,1,4,5,10,Loyal,1,2,Loyal Customers,"Upsell premium products, increase frequency"
14686,415,5,885.83,185,2.24,245,177.17,0.0203,4.79,1,4,3,8,At Risk,1,3,Lost,Minimal spend — low re-engagement ROI
14687,107,3,1402.06,34,2.98,445,467.35,0.0067,41.24,3,3,4,10,Loyal,1,2,Loyal Customers,"Upsell premium products, increase frequency"
14688,8,28,7713.57,197,2.14,448,275.48,0.0624,39.16,5,5,5,15,Champion,0,0,Champions,"Reward with loyalty perks, ask for reviews"
14689,209,1,112.8,13,2.18,0,112.8,1.0,8.68,2,1,1,4,Hibernating,1,1,At Risk,"Send win-back campaigns, offer discounts"
14690,45,4,794.33,69,3.1,366,198.58,0.0109,11.51,4,3,3,10,Loyal,0,2,Loyal Customers,"Upsell premium products, increase frequency"
14691,31,5,2114.33,50,3.67,182,422.87,0.0273,42.29,4,4,4,12,Loyal,0,2,Loyal Customers,"Upsell premium products, increase frequency"
14692,138,12,1745.09,101,2.95,480,145.42,0.0249,17.28,3,5,4,12,Loyal,1,2,Loyal Customers,"Upsell premium products, increase frequency"
14693,265,7,1165.36,43,3.48,261,166.48,0.0267,27.1,2,4,3,9,At Risk,1,2,Loyal Customers,"Upsell premium products, increase frequency"
14694,618,1,244.31,15,2.74,0,244.31,1.0,16.29,1,1,1,3,Lost,1,3,Lost,Minimal spend — low re-engagement ROI
14695,520,3,1620.07,76,3.49,213,540.02,0.014,21.32,1,3,4,8,At Risk,1,3,Lost,Minimal spend — low re-engagement ROI
14696,5,8,2767.9,137,2.49,417,345.99,0.0191,20.2,5,4,4,13,Champion,0,2,Loyal Customers,"Upsell premium products, increase frequency"
14697,219,2,188.61,22,3.24,0,94.3,2.0,8.57,2,2,1,5,Hibernating,1,1,At Risk,"Send win-back campaigns, offer discounts"
14698,2,5,1250.76,148,2.87,49,250.15,0.1,8.45,5,4,4,13,Champion,0,2,Loyal Customers,"Upsell premium products, increase frequency"
14699,215,4,702.6,45,2.22,311,175.65,0.0128,15.61,2,3,3,8,At Risk,1,2,Loyal Customers,"Upsell premium products, increase frequency"
14700,33,5,3116.26,111,2.69,453,623.25,0.011,28.07,4,4,5,13,Champion,0,2,Loyal Customers,"Upsell premium products, increase frequency"
14701,11,15,4562.09,455,3.08,674,304.14,0.0222,10.03,5,5,5,15,Champion,0,0,Champions,"Reward with loyalty perks, ask for reviews"
14702,2,29,6754.22,338,3.7,727,232.9,0.0398,19.98,5,5,5,15,Champion,0,0,Champions,"Reward with loyalty perks, ask for reviews"
14703,15,1,318.17,22,2.05,0,318.17,1.0,14.46,5,1,2,8,At Risk,0,1,At Risk,"Send win-back campaigns, offer discounts"
14704,12,11,1813.57,319,2.25,612,164.87,0.0179,5.69,5,5,4,14,Champion,0,2,Loyal Customers,"Upsell premium products, increase frequency"
14705,199,1,179.0,1,1.79,0,179.0,1.0,179.0,2,1,1,4,Hibernating,1,1,At Risk,"Send win-back campaigns, offer discounts"
14706,619,1,390.69,25,2.85,0,390.69,1.0,15.63,1,1,2,4,Hibernating,1,3,Lost,Minimal spend — low re-engagement ROI
14707,436,2,139.2,1,1.45,141,69.6,0.0141,139.2,1,2,1,4,Hibernating,1,3,Lost,Minimal spend — low re-engagement ROI
14708,3,5,2212.28,27,4.14,452,442.46,0.011,81.94,5,4,4,13,Champion,0,2,Loyal Customers,"Upsell premium products, increase frequency"
14709,16,25,8886.33,105,3.41,719,355.45,0.0347,84.63,5,5,5,15,Champion,0,0,Champions,"Reward with loyalty perks, ask for reviews"
14710,15,13,1922.59,310,2.05,721,147.89,0.018,6.2,5,5,4,14,Champion,0,0,Champions,"Reward with loyalty perks, ask for reviews"
14711,11,11,2868.8,221,4.76,252,260.8,0.0435,12.98,5,5,4,14,Champion,0,0,Champions,"Reward with loyalty perks, ask for reviews"
14712,30,4,1328.07,24,3.54,388,332.02,0.0103,55.34,4,3,4,11,Loyal,0,2,Loyal Customers,"Upsell premium products, increase frequency"
14713,10,21,5418.87,222,2.26,726,258.04,0.0289,24.41,5,5,5,15,Champion,0,0,Champions,"Reward with loyalty perks, ask for reviews"
14714,25,4,906.24,64,2.69,663,226.56,0.006,14.16,4,3,3,10,Loyal,0,2,Loyal Customers,"Upsell premium products, increase frequency"
14715,25,8,1840.45,102,3.35,664,230.06,0.012,18.04,4,4,4,12,Loyal,0,2,Loyal Customers,"Upsell premium products, increase frequency"
14716,44,3,565.45,85,1.62,401,188.48,0.0075,6.65,4,3,2,9,At Risk,0,1,At Risk,"Send win-back campaigns, offer discounts"
14717,734,1,81.3,11,3.31,0,81.3,1.0,7.39,1,1,1,3,Lost,1,3,Lost,Minimal spend — low re-engagement ROI
14718,411,1,226.42,11,1.97,0,226.42,1.0,20.58,2,1,1,4,Hibernating,1,3,Lost,Minimal spend — low re-engagement ROI
14719,2,5,1602.13,177,2.36,247,320.43,0.0202,9.05,5,4,4,13,Champion,0,2,Loyal Customers,"Upsell premium products, increase frequency"
14720,6,3,663.81,34,5.74,120,221.27,0.0248,19.52,5,3,3,11,Loyal,0,1,At Risk,"Send win-back campaigns, offer discounts"
14721,380,1,115.77,24,2.67,0,115.77,1.0,4.82,2,1,1,4,Hibernating,1,3,Lost,Minimal spend — low re-engagement ROI
14722,148,3,513.37,72,3.31,339,171.12,0.0088,7.13,3,3,2,8,At Risk,1,1,At Risk,"Send win-back campaigns, offer discounts"
14723,11,11,2093.06,287,2.14,725,190.28,0.0152,7.29,5,5,4,14,Champion,0,2,Loyal Customers,"Upsell premium products, increase frequency"
14724,591,1,345.25,40,2.51,0,345.25,1.0,8.63,1,1,2,4,Hibernating,1,3,Lost,Minimal spend — low re-engagement ROI
14725,25,4,1315.24,85,2.96,510,328.81,0.0078,15.47,4,3,4,11,Loyal,0,2,Loyal Customers,"Upsell premium products, increase frequency"
14726,655,1,124.75,15,1.99,0,124.75,1.0,8.32,1,1,1,3,Lost,1,3,Lost,Minimal spend — low re-engagement ROI
14727,275,3,467.93,43,2.36,272,155.98,0.011,10.88,2,3,2,7,At Risk,1,1,At Risk,"Send win-back campaigns, offer discounts"
14728,414,1,190.58,14,3.48,0,190.58,1.0,13.61,1,1,1,3,Lost,1,3,Lost,Minimal spend — low re-engagement ROI
14729,374,3,907.38,126,2.07,251,302.46,0.0119,7.2,2,3,3,8,At Risk,1,3,Lost,Minimal spend — low re-engagement ROI
14730,2,8,2005.06,317,2.53,275,250.63,0.029,6.33,5,4,4,13,Champion,0,2,Loyal Customers,"Upsell premium products, increase frequency"
14731,48,3,380.02,38,2.1,165,126.67,0.0181,10.0,4,3,2,9,At Risk,0,1,At Risk,"Send win-back campaigns, offer discounts"
14732,9,19,5517.07,162,3.98,722,290.37,0.0263,34.06,5,5,5,15,Champion,0,0,Champions,"Reward with loyalty perks, ask for reviews"
14733,17,15,16184.97,140,3.9,385,1079.0,0.0389,115.61,5,5,5,15,Champion,0,0,Champions,"Reward with loyalty perks, ask for reviews"
14734,426,4,1056.42,48,4.86,125,264.1,0.0317,22.01,1,3,3,7,At Risk,1,3,Lost,Minimal spend — low re-engagement ROI
14735,4,56,12240.16,198,3.89,732,218.57,0.0764,61.82,5,5,5,15,Champion,0,0,Champions,"Reward with loyalty perks, ask for reviews"
14736,486,2,401.08,70,3.02,0,200.54,2.0,5.73,1,2,2,5,Hibernating,1,3,Lost,Minimal spend — low re-engagement ROI
14737,4,4,3554.17,28,3.86,396,888.54,0.0101,126.93,5,3,5,13,Champion,0,2,Loyal Customers,"Upsell premium products, increase frequency"
14738,43,9,1821.9,58,4.11,689,202.43,0.013,31.41,4,5,4,13,Champion,0,2,Loyal Customers,"Upsell premium products, increase frequency"
14739,5,25,12287.5,129,2.5,733,491.5,0.0341,95.25,5,5,5,15,Champion,0,0,Champions,"Reward with loyalty perks, ask for reviews"
14740,198,11,4161.06,173,3.39,455,378.28,0.0241,24.05,2,5,5,12,Loyal,1,0,Champions,"Reward with loyalty perks, ask for reviews"
14741,12,7,1897.59,48,2.44,405,271.08,0.0172,39.53,5,4,4,13,Champion,0,2,Loyal Customers,"Upsell premium products, increase frequency"
14742,436,1,579.85,34,2.49,0,579.85,1.0,17.05,1,1,2,4,Hibernating,1,3,Lost,Minimal spend — low re-engagement ROI
14743,593,1,50.48,3,1.33,0,50.48,1.0,16.83,1,1,1,3,Lost,1,3,Lost,Minimal spend — low re-engagement ROI
14744,17,14,3885.08,57,3.94,553,277.51,0.0253,68.16,5,5,5,15,Champion,0,0,Champions,"Reward with loyalty perks, ask for reviews"
14745,113,12,2571.81,74,2.06,524,214.32,0.0229,34.75,3,5,4,12,Loyal,1,0,Champions,"Reward with loyalty perks, ask for reviews"
14746,407,4,593.5,7,1.53,17,148.38,0.2222,84.79,2,3,2,7,At Risk,1,3,Lost,Minimal spend — low re-engagement ROI
14747,250,1,328.2,18,5.8,0,328.2,1.0,18.23,2,1,2,5,Hibernating,1,1,At Risk,"Send win-back campaigns, offer discounts"
14748,30,10,3152.32,129,1.95,616,315.23,0.0162,24.44,4,5,5,14,Champion,0,0,Champions,"Reward with loyalty perks, ask for reviews"
14749,480,1,310.15,18,1.71,0,310.15,1.0,17.23,1,1,2,4,Hibernating,1,3,Lost,Minimal spend — low re-engagement ROI
14750,737,1,112.03,32,2.63,0,112.03,1.0,3.5,1,1,1,3,Lost,1,3,Lost,Minimal spend — low re-engagement ROI
14751,685,2,126.45,7,2.64,41,63.22,0.0476,18.06,1,2,1,4,Hibernating,1,3,Lost,Minimal spend — low re-engagement ROI
14752,44,1,389.64,5,2.5,0,389.64,1.0,77.93,4,1,2,7,At Risk,0,1,At Risk,"Send win-back campaigns, offer discounts"
14753,88,2,869.51,45,2.93,373,434.76,0.0053,19.32,3,2,3,8,At Risk,0,1,At Risk,"Send win-back campaigns, offer discounts"
14754,45,6,1550.48,110,2.64,646,258.41,0.0093,14.1,4,4,4,12,Loyal,0,2,Loyal Customers,"Upsell premium products, increase frequency"
14755,10,25,9972.55,219,3.96,726,398.9,0.0344,45.54,5,5,5,15,Champion,0,0,Champions,"Reward with loyalty perks, ask for reviews"
14756,16,3,2653.76,102,3.77,409,884.59,0.0073,26.02,5,3,4,12,Loyal,0,2,Loyal Customers,"Upsell premium products, increase frequency"
14757,76,1,420.5,19,3.92,0,420.5,1.0,22.13,3,1,2,6,Hibernating,0,1,At Risk,"Send win-back campaigns, offer discounts"
14758,145,7,2864.97,91,6.05,465,409.28,0.015,31.48,3,4,4,11,Loyal,1,2,Loyal Customers,"Upsell premium products, increase frequency"
14759,5,3,1625.97,92,5.39,228,541.99,0.0131,17.67,5,3,4,12,Loyal,0,2,Loyal Customers,"Upsell premium products, increase frequency"
14760,298,1,89.2,5,2.87,0,89.2,1.0,17.84,2,1,1,4,Hibernating,1,3,Lost,Minimal spend — low re-engagement ROI
14761,59,3,447.92,21,2.79,385,149.31,0.0078,21.33,4,3,2,9,At Risk,0,1,At Risk,"Send win-back campaigns, offer discounts"
14762,264,2,417.57,28,1.87,362,208.78,0.0055,14.91,2,2,2,6,Hibernating,1,1,At Risk,"Send win-back campaigns, offer discounts"
14764,47,1,278.3,6,1.49,0,278.3,1.0,46.38,4,1,1,6,Hibernating,0,1,At Risk,"Send win-back campaigns, offer discounts"
14765,30,3,254.11,38,2.98,147,84.7,0.0203,6.69,4,3,1,8,At Risk,0,1,At Risk,"Send win-back campaigns, offer discounts"
14766,9,11,6556.13,251,2.72,543,596.01,0.0202,26.12,5,5,5,15,Champion,0,0,Champions,"Reward with loyalty perks, ask for reviews"
14767,475,1,382.81,18,5.24,0,382.81,1.0,21.27,1,1,2,4,Hibernating,1,3,Lost,Minimal spend — low re-engagement ROI
14768,18,2,192.6,4,3.91,109,96.3,0.0182,48.15,5,2,1,8,At Risk,0,1,At Risk,"Send win-back campaigns, offer discounts"
14769,3,17,15771.88,834,2.68,721,927.76,0.0235,18.91,5,5,5,15,Champion,0,0,Champions,"Reward with loyalty perks, ask for reviews"
14770,233,8,3637.64,152,3.92,419,454.7,0.019,23.93,2,4,5,11,Loyal,1,2,Loyal Customers,"Upsell premium products, increase frequency"
14771,622,2,594.62,46,1.15,115,297.31,0.0172,12.93,1,2,2,5,Hibernating,1,3,Lost,Minimal spend — low re-engagement ROI
14772,113,1,139.26,9,3.51,0,139.26,1.0,15.47,3,1,1,5,Hibernating,1,1,At Risk,"Send win-back campaigns, offer discounts"
14773,593,1,140.55,10,5.0,0,140.55,1.0,14.06,1,1,1,3,Lost,1,3,Lost,Minimal spend — low re-engagement ROI
14774,529,1,241.45,13,5.2,0,241.45,1.0,18.57,1,1,1,3,Lost,1,3,Lost,Minimal spend — low re-engagement ROI
14775,59,3,1418.46,57,1.08,313,472.82,0.0096,24.89,4,3,4,11,Loyal,0,2,Loyal Customers,"Upsell premium products, increase frequency"
14776,52,15,3708.3,68,1.02,395,247.22,0.0379,54.53,4,5,5,14,Champion,0,0,Champions,"Reward with loyalty perks, ask for reviews"
14777,404,1,307.56,16,3.63,0,307.56,1.0,19.22,2,1,2,5,Hibernating,1,3,Lost,Minimal spend — low re-engagement ROI
14778,128,2,730.86,34,3.14,181,365.43,0.011,21.5,3,2,3,8,At Risk,1,1,At Risk,"Send win-back campaigns, offer discounts"
14779,281,3,386.15,40,6.82,43,128.72,0.0682,9.65,2,3,2,7,At Risk,1,1,At Risk,"Send win-back campaigns, offer discounts"
14780,55,2,447.68,26,2.77,24,223.84,0.08,17.22,4,2,2,8,At Risk,0,1,At Risk,"Send win-back campaigns, offer discounts"
14782,320,1,200.1,6,2.52,0,200.1,1.0,33.35,2,1,1,4,Hibernating,1,3,Lost,Minimal spend — low re-engagement ROI
14783,660,1,307.3,17,2.52,0,307.3,1.0,18.08,1,1,2,4,Hibernating,1,3,Lost,Minimal spend — low re-engagement ROI
14784,27,3,449.93,25,2.93,363,149.98,0.0082,18.0,4,3,2,9,At Risk,0,1,At Risk,"Send win-back campaigns, offer discounts"
14785,11,2,77.4,2,0.94,4,38.7,0.4,38.7,5,2,1,8,At Risk,0,1,At Risk,"Send win-back campaigns, offer discounts"
14786,551,1,90.96,7,1.01,0,90.96,1.0,12.99,1,1,1,3,Lost,1,3,Lost,Minimal spend — low re-engagement ROI
14787,472,1,110.65,14,2.29,0,110.65,1.0,7.9,1,1,1,3,Lost,1,3,Lost,Minimal spend — low re-engagement ROI
14788,8,3,1156.32,53,2.78,588,385.44,0.0051,21.82,5,3,3,11,Loyal,0,2,Loyal Customers,"Upsell premium products, increase frequency"
14789,29,1,197.64,6,2.06,0,197.64,1.0,32.94,4,1,1,6,Hibernating,0,1,At Risk,"Send win-back campaigns, offer discounts"
14790,17,10,2526.62,65,1.77,711,252.66,0.014,38.87,5,5,4,14,Champion,0,2,Loyal Customers,"Upsell premium products, increase frequency"
14791,607,1,303.63,19,3.46,0,303.63,1.0,15.98,1,1,2,4,Hibernating,1,3,Lost,Minimal spend — low re-engagement ROI
14792,64,1,6.2,2,3.1,0,6.2,1.0,3.1,3,1,1,5,Hibernating,0,1,At Risk,"Send win-back campaigns, offer discounts"
14793,22,2,625.9,39,2.63,513,312.95,0.0039,16.05,4,2,3,9,At Risk,0,1,At Risk,"Send win-back campaigns, offer discounts"
14794,3,10,1953.9,85,6.07,484,195.39,0.0206,22.99,5,5,4,14,Champion,0,2,Loyal Customers,"Upsell premium products, increase frequency"
14795,167,1,131.45,6,7.33,0,131.45,1.0,21.91,3,1,1,5,Hibernating,1,1,At Risk,"Send win-back campaigns, offer discounts"
14796,2,27,10889.64,487,2.05,724,403.32,0.0372,22.36,5,5,5,15,Champion,0,0,Champions,"Reward with loyalty perks, ask for reviews"
14797,508,1,300.31,16,4.17,0,300.31,1.0,18.77,1,1,2,4,Hibernating,1,3,Lost,Minimal spend — low re-engagement ROI
14798,53,8,724.31,30,1.55,596,90.54,0.0134,24.14,4,4,3,11,Loyal,0,2,Loyal Customers,"Upsell premium products, increase frequency"
14799,52,2,338.15,20,4.25,686,169.08,0.0029,16.91,4,2,2,8,At Risk,0,1,At Risk,"Send win-back campaigns, offer discounts"
14800,48,17,7774.32,337,2.44,387,457.31,0.0438,23.07,4,5,5,14,Champion,0,0,Champions,"Reward with loyalty perks, ask for reviews"
14801,62,1,193.14,56,2.46,0,193.14,1.0,3.45,3,1,1,5,Hibernating,0,1,At Risk,"Send win-back campaigns, offer discounts"
14802,439,2,1502.98,1,751.49,0,751.49,2.0,1502.98,1,2,4,7,At Risk,1,3,Lost,Minimal spend — low re-engagement ROI
14803,163,3,845.55,35,2.89,130,281.85,0.0229,24.16,3,3,3,9,At Risk,1,2,Loyal Customers,"Upsell premium products, increase frequency"
14804,9,1,353.27,12,4.24,0,353.27,1.0,29.44,5,1,2,8,At Risk,0,1,At Risk,"Send win-back campaigns, offer discounts"
14805,16,7,1104.64,88,4.73,606,157.81,0.0115,12.55,5,4,3,12,Loyal,0,2,Loyal Customers,"Upsell premium products, increase frequency"
14806,76,2,303.43,17,1.94,363,151.72,0.0055,17.85,3,2,2,7,At Risk,0,1,At Risk,"Send win-back campaigns, offer discounts"
14807,391,2,519.29,37,3.21,259,259.64,0.0077,14.03,2,2,2,6,Hibernating,1,3,Lost,Minimal spend — low re-engagement ROI
14808,40,8,2741.17,176,3.49,132,342.65,0.0602,15.57,4,4,4,12,Loyal,0,2,Loyal Customers,"Upsell premium products, increase frequency"
14809,622,2,686.76,18,3.88,0,343.38,2.0,38.15,1,2,3,6,Hibernating,1,3,Lost,Minimal spend — low re-engagement ROI
14810,41,13,2537.02,125,2.38,388,195.16,0.0334,20.3,4,5,4,13,Champion,0,0,Champions,"Reward with loyalty perks, ask for reviews"
14811,388,1,170.5,28,2.86,0,170.5,1.0,6.09,2,1,1,4,Hibernating,1,3,Lost,Minimal spend — low re-engagement ROI
14812,599,1,185.8,36,2.15,0,185.8,1.0,5.16,1,1,1,3,Lost,1,3,Lost,Minimal spend — low re-engagement ROI
14813,370,4,1090.87,110,3.14,241,272.72,0.0165,9.92,2,3,3,8,At Risk,1,3,Lost,Minimal spend — low re-engagement ROI
14814,582,1,160.46,28,2.55,0,160.46,1.0,5.73,1,1,1,3,Lost,1,3,Lost,Minimal spend — low re-engagement ROI
14815,37,2,778.5,53,1.65,31,389.25,0.0625,14.69,4,2,3,9,At Risk,0,1,At Risk,"Send win-back campaigns, offer discounts"
14816,198,1,271.85,4,66.48,0,271.85,1.0,67.96,2,1,1,4,Hibernating,1,1,At Risk,"Send win-back campaigns, offer discounts"
14817,201,7,3959.86,142,4.07,427,565.69,0.0164,27.89,2,4,5,11,Loyal,1,2,Loyal Customers,"Upsell premium products, increase frequency"
14818,74,6,1170.41,87,3.62,573,195.07,0.0105,13.45,3,4,3,10,Loyal,0,2,Loyal Customers,"Upsell premium products, increase frequency"
14819,65,4,470.16,52,3.78,653,117.54,0.0061,9.04,3,3,2,8,At Risk,0,1,At Risk,"Send win-back campaigns, offer discounts"
14820,22,9,1274.76,51,4.03,656,141.64,0.0137,25.0,4,5,4,13,Champion,0,2,Loyal Customers,"Upsell premium products, increase frequency"
14821,367,7,1286.45,65,2.93,309,183.78,0.0226,19.79,2,4,4,10,Loyal,1,2,Loyal Customers,"Upsell premium products, increase frequency"
14822,486,1,157.7,9,2.68,0,157.7,1.0,17.52,1,1,1,3,Lost,1,3,Lost,Minimal spend — low re-engagement ROI
14823,181,3,321.43,56,4.23,14,107.14,0.2,5.74,3,3,2,8,At Risk,1,1,At Risk,"Send win-back campaigns, offer discounts"
14824,11,10,4022.91,84,2.54,627,402.29,0.0159,47.89,5,5,5,15,Champion,0,0,Champions,"Reward with loyalty perks, ask for reviews"
14825,4,24,4925.08,187,2.54,608,205.21,0.0394,26.34,5,5,5,15,Champion,0,0,Champions,"Reward with loyalty perks, ask for reviews"
14826,582,2,385.2,10,3.05,113,192.6,0.0175,38.52,1,2,2,5,Hibernating,1,3,Lost,Minimal spend — low re-engagement ROI
14828,197,13,9839.46,72,1.89,535,756.88,0.0243,136.66,2,5,5,12,Loyal,1,0,Champions,"Reward with loyalty perks, ask for reviews"
14829,30,7,1692.84,77,2.26,407,241.83,0.0172,21.98,4,4,4,12,Loyal,0,2,Loyal Customers,"Upsell premium products, increase frequency"
14830,54,1,197.13,39,1.72,0,197.13,1.0,5.05,4,1,1,6,Hibernating,0,1,At Risk,"Send win-back campaigns, offer discounts"
14831,681,3,1676.57,67,3.18,57,558.86,0.0517,25.02,1,3,4,8,At Risk,1,3,Lost,Minimal spend — low re-engagement ROI
14832,631,1,322.69,1,322.69,0,322.69,1.0,322.69,1,1,2,4,Hibernating,1,3,Lost,Minimal spend — low re-engagement ROI
14833,499,1,94.8,7,2.0,0,94.8,1.0,13.54,1,1,1,3,Lost,1,3,Lost,Minimal spend — low re-engagement ROI
14834,18,7,2206.16,55,4.07,389,315.17,0.0179,40.11,5,4,4,13,Champion,0,2,Loyal Customers,"Upsell premium products, increase frequency"
14835,529,2,297.0,1,1.65,88,148.5,0.0225,297.0,1,2,2,5,Hibernating,1,3,Lost,Minimal spend — low re-engagement ROI
14836,11,3,102.45,5,2.79,20,34.15,0.1429,20.49,5,3,1,9,At Risk,0,1,At Risk,"Send win-back campaigns, offer discounts"
14837,90,9,3460.32,171,1.63,595,384.48,0.0151,20.24,3,5,5,13,Champion,1,2,Loyal Customers,"Upsell premium products, increase frequency"
14838,424,2,773.67,69,3.08,313,386.84,0.0064,11.21,1,2,3,6,Hibernating,1,3,Lost,Minimal spend — low re-engagement ROI
14839,419,3,915.28,61,2.33,285,305.09,0.0105,15.0,1,3,3,7,At Risk,1,3,Lost,Minimal spend — low re-engagement ROI
14840,268,2,362.71,20,2.87,271,181.36,0.0074,18.14,2,2,2,6,Hibernating,1,1,At Risk,"Send win-back campaigns, offer discounts"
14841,54,14,7163.0,196,3.16,683,511.64,0.0205,36.55,4,5,5,14,Champion,0,0,Champions,"Reward with loyalty perks, ask for reviews"
14842,44,4,2824.69,128,5.33,264,706.17,0.0151,22.07,4,3,4,11,Loyal,0,2,Loyal Customers,"Upsell premium products, increase frequency"
14843,437,1,211.8,9,1.54,0,211.8,1.0,23.53,1,1,1,3,Lost,1,3,Lost,Minimal spend — low re-engagement ROI
14844,64,10,6702.43,158,2.91,542,670.24,0.0184,42.42,3,5,5,13,Champion,0,0,Champions,"Reward with loyalty perks, ask for reviews"
14845,600,1,150.0,1,0.25,0,150.0,1.0,150.0,1,1,1,3,Lost,1,3,Lost,Minimal spend — low re-engagement ROI
14846,428,1,437.4,12,2.44,0,437.4,1.0,36.45,1,1,2,4,Hibernating,1,3,Lost,Minimal spend — low re-engagement ROI
14847,149,3,1348.95,56,4.19,415,449.65,0.0072,24.09,3,3,4,10,Loyal,1,2,Loyal Customers,"Upsell premium products, increase frequency"
14848,405,1,310.56,11,1.34,0,310.56,1.0,28.23,2,1,2,5,Hibernating,1,3,Lost,Minimal spend — low re-engagement ROI
14849,22,43,15763.45,279,2.35,676,366.59,0.0635,56.5,4,5,5,14,Champion,0,0,Champions,"Reward with loyalty perks, ask for reviews"
14850,312,7,1794.01,129,1.93,256,256.29,0.0272,13.91,2,4,4,10,Loyal,1,2,Loyal Customers,"Upsell premium products, increase frequency"
14851,24,3,829.41,38,2.16,607,276.47,0.0049,21.83,4,3,3,10,Loyal,0,2,Loyal Customers,"Upsell premium products, increase frequency"
14852,59,18,6147.18,152,2.39,585,341.51,0.0307,40.44,4,5,5,14,Champion,0,0,Champions,"Reward with loyalty perks, ask for reviews"
14853,25,5,1376.87,26,5.76,581,275.37,0.0086,52.96,4,4,4,12,Loyal,0,2,Loyal Customers,"Upsell premium products, increase frequency"
14854,79,11,4322.86,170,2.75,608,392.99,0.0181,25.43,3,5,5,13,Champion,0,0,Champions,"Reward with loyalty perks, ask for reviews"
14855,120,7,6520.3,168,3.0,491,931.47,0.0142,38.81,3,4,5,12,Loyal,1,2,Loyal Customers,"Upsell premium products, increase frequency"
14856,37,3,1311.38,65,3.13,20,437.13,0.1429,20.18,4,3,4,11,Loyal,0,2,Loyal Customers,"Upsell premium products, increase frequency"
14857,60,7,3651.85,170,3.22,574,521.69,0.0122,21.48,3,4,5,12,Loyal,0,2,Loyal Customers,"Upsell premium products, increase frequency"
14858,506,1,180.75,11,1.95,0,180.75,1.0,16.43,1,1,1,3,Lost,1,3,Lost,Minimal spend — low re-engagement ROI
14859,13,5,1705.64,51,3.09,542,341.13,0.0092,33.44,5,4,4,13,Champion,0,2,Loyal Customers,"Upsell premium products, increase frequency"
14860,20,1,170.32,11,0.9,0,170.32,1.0,15.48,5,1,1,7,At Risk,0,1,At Risk,"Send win-back campaigns, offer discounts"
14861,53,10,1380.73,62,2.3,679,138.07,0.0147,22.27,4,5,4,13,Champion,0,2,Loyal Customers,"Upsell premium products, increase frequency"
14862,26,2,841.2,47,2.15,122,420.6,0.0163,17.9,4,2,3,9,At Risk,0,1,At Risk,"Send win-back campaigns, offer discounts"
14863,30,1,266.76,11,2.02,0,266.76,1.0,24.25,4,1,1,6,Hibernating,0,1,At Risk,"Send win-back campaigns, offer discounts"
14865,8,4,129.72,4,0.53,731,32.43,0.0055,32.43,5,3,1,9,At Risk,0,1,At Risk,"Send win-back campaigns, offer discounts"
14866,11,19,20850.22,40,3.31,459,1097.38,0.0413,521.26,5,5,5,15,Champion,0,0,Champions,"Reward with loyalty perks, ask for reviews"
14867,186,16,2952.06,67,5.46,548,184.5,0.0291,44.06,3,5,4,12,Loyal,1,0,Champions,"Reward with loyalty perks, ask for reviews"
14868,4,12,4184.01,132,2.58,416,348.67,0.0288,31.7,5,5,5,15,Champion,0,0,Champions,"Reward with loyalty perks, ask for reviews"
14869,9,6,2804.24,187,2.45,715,467.37,0.0084,15.0,5,4,4,13,Champion,0,2,Loyal Customers,"Upsell premium products, increase frequency"
14870,262,6,1838.95,43,4.83,422,306.49,0.0142,42.77,2,4,4,10,Loyal,1,2,Loyal Customers,"Upsell premium products, increase frequency"
14871,4,9,1258.97,123,3.4,735,139.89,0.0122,10.24,5,5,4,14,Champion,0,2,Loyal Customers,"Upsell premium products, increase frequency"
14872,484,3,816.6,34,1.78,149,272.2,0.02,24.02,1,3,3,7,At Risk,1,3,Lost,Minimal spend — low re-engagement ROI
14873,211,2,854.13,48,4.52,423,427.06,0.0047,17.79,2,2,3,7,At Risk,1,1,At Risk,"Send win-back campaigns, offer discounts"
14874,536,1,116.18,6,1.2,0,116.18,1.0,19.36,1,1,1,3,Lost,1,3,Lost,Minimal spend — low re-engagement ROI
14875,108,3,2862.4,88,4.54,334,954.13,0.009,32.53,3,3,4,10,Loyal,1,2,Loyal Customers,"Upsell premium products, increase frequency"
14876,522,2,256.7,12,2.49,40,128.35,0.0488,21.39,1,2,1,4,Hibernating,1,3,Lost,Minimal spend — low re-engagement ROI
14877,419,2,437.0,57,3.13,224,218.5,0.0089,7.67,1,2,2,5,Hibernating,1,3,Lost,Minimal spend — low re-engagement ROI
14878,13,25,4105.24,159,2.68,644,164.21,0.0388,25.82,5,5,5,15,Champion,0,0,Champions,"Reward with loyalty perks, ask for reviews"
14879,685,1,185.06,27,3.1,0,185.06,1.0,6.85,1,1,1,3,Lost,1,3,Lost,Minimal spend — low re-engagement ROI
14880,78,3,706.19,45,3.74,211,235.4,0.0142,15.69,3,3,3,9,At Risk,0,1,At Risk,"Send win-back campaigns, offer discounts"
14881,20,1,255.4,17,1.37,0,255.4,1.0,15.02,5,1,1,7,At Risk,0,1,At Risk,"Send win-back campaigns, offer discounts"
14882,27,14,3628.15,32,3.85,592,259.15,0.0236,113.38,4,5,5,14,Champion,0,0,Champions,"Reward with loyalty perks, ask for reviews"
14883,19,6,761.59,39,1.22,193,126.93,0.0309,19.53,5,4,3,12,Loyal,0,2,Loyal Customers,"Upsell premium products, increase frequency"
14884,670,1,120.6,8,1.88,0,120.6,1.0,15.08,1,1,1,3,Lost,1,3,Lost,Minimal spend — low re-engagement ROI
14885,132,3,1598.12,24,1.46,334,532.71,0.009,66.59,3,3,4,10,Loyal,1,2,Loyal Customers,"Upsell premium products, increase frequency"
14886,253,1,364.8,18,3.13,0,364.8,1.0,20.27,2,1,2,5,Hibernating,1,1,At Risk,"Send win-back campaigns, offer discounts"
14887,80,1,1862.0,6,1.61,0,1862.0,1.0,310.33,3,1,4,8,At Risk,0,1,At Risk,"Send win-back campaigns, offer discounts"
14888,208,1,369.2,20,2.21,0,369.2,1.0,18.46,2,1,2,5,Hibernating,1,1,At Risk,"Send win-back campaigns, offer discounts"
14889,337,1,135.9,10,2.26,0,135.9,1.0,13.59,2,1,1,4,Hibernating,1,3,Lost,Minimal spend — low re-engagement ROI
14890,254,3,817.25,55,2.24,406,272.42,0.0074,14.86,2,3,3,8,At Risk,1,2,Loyal Customers,"Upsell premium products, increase frequency"
14891,149,4,1106.73,55,2.0,288,276.68,0.0138,20.12,3,3,3,9,At Risk,1,2,Loyal Customers,"Upsell premium products, increase frequency"
14892,691,1,202.35,13,3.51,0,202.35,1.0,15.57,1,1,1,3,Lost,1,3,Lost,Minimal spend — low re-engagement ROI
14893,10,3,1809.61,98,3.12,608,603.2,0.0049,18.47,5,3,4,12,Loyal,0,2,Loyal Customers,"Upsell premium products, increase frequency"
14894,86,3,1492.81,39,2.94,652,497.6,0.0046,38.28,3,3,4,10,Loyal,0,2,Loyal Customers,"Upsell premium products, increase frequency"
14895,8,38,25119.54,441,4.46,721,661.04,0.0526,56.96,5,5,5,15,Champion,0,0,Champions,"Reward with loyalty perks, ask for reviews"
14896,205,8,2092.42,150,2.64,528,261.55,0.0151,13.95,2,4,4,10,Loyal,1,2,Loyal Customers,"Upsell premium products, increase frequency"
14897,8,8,3140.54,94,4.34,716,392.57,0.0112,33.41,5,4,5,14,Champion,0,2,Loyal Customers,"Upsell premium products, increase frequency"
14898,24,14,3507.81,185,3.04,712,250.56,0.0196,18.96,4,5,5,14,Champion,0,0,Champions,"Reward with loyalty perks, ask for reviews"
14899,396,1,1384.88,126,3.78,0,1384.88,1.0,10.99,2,1,4,7,At Risk,1,3,Lost,Minimal spend — low re-engagement ROI
14900,523,1,13.92,1,0.29,0,13.92,1.0,13.92,1,1,1,3,Lost,1,3,Lost,Minimal spend — low re-engagement ROI
14901,12,12,2289.65,103,3.03,487,190.8,0.0246,22.23,5,5,4,14,Champion,0,0,Champions,"Reward with loyalty perks, ask for reviews"
14902,26,3,1035.62,51,2.63,527,345.21,0.0057,20.31,4,3,3,10,Loyal,0,2,Loyal Customers,"Upsell premium products, increase frequency"
14903,22,5,2810.63,227,2.76,257,562.13,0.0194,12.38,4,4,4,12,Loyal,0,2,Loyal Customers,"Upsell premium products, increase frequency"
14904,3,4,1640.64,127,1.19,425,410.16,0.0094,12.92,5,3,4,12,Loyal,0,2,Loyal Customers,"Upsell premium products, increase frequency"
14905,158,8,1971.39,45,2.4,578,246.42,0.0138,43.81,3,4,4,11,Loyal,1,2,Loyal Customers,"Upsell premium products, increase frequency"
14906,446,1,68.44,1,68.44,0,68.44,1.0,68.44,1,1,1,3,Lost,1,3,Lost,Minimal spend — low re-engagement ROI
14907,4,16,6165.79,153,3.6,599,385.36,0.0267,40.3,5,5,5,15,Champion,0,0,Champions,"Reward with loyalty perks, ask for reviews"
14908,75,2,381.9,14,3.35,388,190.95,0.0051,27.28,3,2,2,7,At Risk,0,1,At Risk,"Send win-back campaigns, offer discounts"
14909,438,3,1404.68,61,2.86,226,468.23,0.0132,23.03,1,3,4,8,At Risk,1,3,Lost,Minimal spend — low re-engagement ROI
14910,3,4,434.35,25,2.88,51,108.59,0.0769,17.37,5,3,2,10,Loyal,0,1,At Risk,"Send win-back campaigns, offer discounts"
14911,2,398,295972.63,2550,5.14,737,743.65,0.5393,116.07,5,5,5,15,Champion,0,0,Champions,"Reward with loyalty perks, ask for reviews"
14912,17,6,1889.25,44,2.84,665,314.88,0.009,42.94,5,4,4,13,Champion,0,2,Loyal Customers,"Upsell premium products, increase frequency"
14913,36,8,4073.13,176,1.86,449,509.14,0.0178,23.14,4,4,5,13,Champion,0,2,Loyal Customers,"Upsell premium products, increase frequency"
14915,92,11,1811.25,65,3.74,645,164.66,0.017,27.87,3,5,4,12,Loyal,1,2,Loyal Customers,"Upsell premium products, increase frequency"
14916,71,8,3042.95,113,2.01,546,380.37,0.0146,26.93,3,4,5,12,Loyal,0,2,Loyal Customers,"Upsell premium products, increase frequency"
14917,597,2,1123.75,29,2.23,0,561.88,2.0,38.75,1,2,3,6,Hibernating,1,3,Lost,Minimal spend — low re-engagement ROI
14918,116,9,5955.81,79,3.97,495,661.76,0.0181,75.39,3,5,5,13,Champion,1,0,Champions,"Reward with loyalty perks, ask for reviews"
14919,540,1,359.35,13,3.22,0,359.35,1.0,27.64,1,1,2,4,Hibernating,1,3,Lost,Minimal spend — low re-engagement ROI
14920,213,3,1607.17,90,3.54,352,535.72,0.0085,17.86,2,3,4,9,At Risk,1,2,Loyal Customers,"Upsell premium products, increase frequency"
14921,31,2,1316.07,78,1.98,171,658.04,0.0116,16.87,4,2,4,10,Loyal,0,2,Loyal Customers,"Upsell premium products, increase frequency"
14922,394,2,843.74,49,3.99,114,421.87,0.0174,17.22,2,2,3,7,At Risk,1,3,Lost,Minimal spend — low re-engagement ROI
14923,51,1,749.1,44,3.45,0,749.1,1.0,17.03,4,1,3,8,At Risk,0,1,At Risk,"Send win-back campaigns, offer discounts"
14924,246,3,931.01,30,9.95,393,310.34,0.0076,31.03,2,3,3,8,At Risk,1,2,Loyal Customers,"Upsell premium products, increase frequency"
14926,382,2,359.4,2,3.22,216,179.7,0.0092,179.7,2,2,2,6,Hibernating,1,3,Lost,Minimal spend — low re-engagement ROI
14927,397,1,308.2,20,2.33,0,308.2,1.0,15.41,2,1,2,5,Hibernating,1,3,Lost,Minimal spend — low re-engagement ROI
14928,628,1,223.91,21,1.39,0,223.91,1.0,10.66,1,1,1,3,Lost,1,3,Lost,Minimal spend — low re-engagement ROI
14929,33,2,836.69,34,2.18,389,418.34,0.0051,24.61,4,2,3,9,At Risk,0,1,At Risk,"Send win-back campaigns, offer discounts"
14930,109,6,5246.63,213,4.71,497,874.44,0.012,24.63,3,4,5,12,Loyal,1,2,Loyal Customers,"Upsell premium products, increase frequency"
14931,5,5,1257.68,30,12.15,236,251.54,0.0211,41.92,5,4,4,13,Champion,0,2,Loyal Customers,"Upsell premium products, increase frequency"
14932,366,2,1029.66,29,8.37,20,514.83,0.0952,35.51,2,2,3,7,At Risk,1,3,Lost,Minimal spend — low re-engagement ROI
14933,444,4,1770.0,1,2.95,0,442.5,4.0,1770.0,1,3,4,8,At Risk,1,3,Lost,Minimal spend — low re-engagement ROI
14934,82,5,3503.5,115,3.61,359,700.7,0.0139,30.47,3,4,5,12,Loyal,0,2,Loyal Customers,"Upsell premium products, increase frequency"
14935,298,2,2849.83,25,1.69,322,1424.92,0.0062,113.99,2,2,4,8,At Risk,1,2,Loyal Customers,"Upsell premium products, increase frequency"
14936,34,12,12410.81,267,3.87,549,1034.23,0.0218,46.48,4,5,5,14,Champion,0,0,Champions,"Reward with loyalty perks, ask for reviews"
14937,57,3,1621.88,33,3.4,73,540.63,0.0405,49.15,4,3,4,11,Loyal,0,2,Loyal Customers,"Upsell premium products, increase frequency"
14938,563,2,2322.43,71,3.0,0,1161.21,2.0,32.71,1,2,4,7,At Risk,1,3,Lost,Minimal spend — low re-engagement ROI
14940,418,2,531.49,32,1.64,315,265.74,0.0063,16.61,1,2,2,5,Hibernating,1,3,Lost,Minimal spend — low re-engagement ROI
14941,579,1,182.1,7,2.34,0,182.1,1.0,26.01,1,1,1,3,Lost,1,3,Lost,Minimal spend — low re-engagement ROI
14942,402,4,746.56,12,2.5,328,186.64,0.0122,62.21,2,3,3,8,At Risk,1,3,Lost,Minimal spend — low re-engagement ROI
14943,664,1,107.62,5,3.18,0,107.62,1.0,21.52,1,1,1,3,Lost,1,3,Lost,Minimal spend — low re-engagement ROI
14944,30,19,9784.67,184,3.35,631,514.98,0.0301,53.18,4,5,5,14,Champion,0,0,Champions,"Reward with loyalty perks, ask for reviews"
14945,414,1,179.4,11,1.55,0,179.4,1.0,16.31,1,1,1,3,Lost,1,3,Lost,Minimal spend — low re-engagement ROI
14946,15,1,100.9,3,4.68,0,100.9,1.0,33.63,5,1,1,7,At Risk,0,1,At Risk,"Send win-back campaigns, offer discounts"
14947,73,6,1049.79,47,5.14,552,174.96,0.0108,22.34,3,4,3,10,Loyal,0,2,Loyal Customers,"Upsell premium products, increase frequency"
14948,24,6,1101.97,56,2.81,196,183.66,0.0305,19.68,4,4,3,11,Loyal,0,2,Loyal Customers,"Upsell premium products, increase frequency"
14949,470,4,515.0,16,2.85,252,128.75,0.0158,32.19,1,3,2,6,Hibernating,1,3,Lost,Minimal spend — low re-engagement ROI
14950,20,1,371.2,19,5.19,0,371.2,1.0,19.54,5,1,2,8,At Risk,0,1,At Risk,"Send win-back campaigns, offer discounts"
14951,80,1,311.69,20,1.9,0,311.69,1.0,15.58,3,1,2,6,Hibernating,0,1,At Risk,"Send win-back campaigns, offer discounts"
14952,60,32,17629.35,240,3.65,676,550.92,0.0473,73.46,3,5,5,13,Champion,0,0,Champions,"Reward with loyalty perks, ask for reviews"
14953,26,4,1013.77,202,2.07,410,253.44,0.0097,5.02,4,3,3,10,Loyal,0,2,Loyal Customers,"Upsell premium products, increase frequency"
14954,13,2,503.44,111,3.1,690,251.72,0.0029,4.54,5,2,2,9,At Risk,0,1,At Risk,"Send win-back campaigns, offer discounts"
14955,733,1,163.77,30,2.63,0,163.77,1.0,5.46,1,1,1,3,Lost,1,3,Lost,Minimal spend — low re-engagement ROI
14956,422,1,1325.0,4,0.53,0,1325.0,1.0,331.25,1,1,4,6,Hibernating,1,3,Lost,Minimal spend — low re-engagement ROI
14957,254,2,333.29,27,2.66,391,166.64,0.0051,12.34,2,2,2,6,Hibernating,1,1,At Risk,"Send win-back campaigns, offer discounts"
14958,148,6,957.94,52,5.68,588,159.66,0.0102,18.42,3,4,3,10,Loyal,1,2,Loyal Customers,"Upsell premium products, increase frequency"
14959,65,4,695.42,37,1.46,232,173.86,0.0172,18.8,3,3,3,9,At Risk,0,2,Loyal Customers,"Upsell premium products, increase frequency"
14960,9,2,221.27,23,1.8,162,110.64,0.0123,9.62,5,2,1,8,At Risk,0,1,At Risk,"Send win-back campaigns, offer discounts"
14961,11,22,16410.15,328,2.94,724,745.92,0.0303,50.03,5,5,5,15,Champion,0,0,Champions,"Reward with loyalty perks, ask for reviews"
14962,271,4,366.91,14,5.11,313,91.73,0.0127,26.21,2,3,2,7,At Risk,1,1,At Risk,"Send win-back campaigns, offer discounts"
14963,10,12,3164.48,304,2.22,515,263.71,0.0233,10.41,5,5,5,15,Champion,0,0,Champions,"Reward with loyalty perks, ask for reviews"
14964,248,1,206.21,13,3.4,0,206.21,1.0,15.86,2,1,1,4,Hibernating,1,1,At Risk,"Send win-back campaigns, offer discounts"
14965,97,2,599.0,80,2.37,0,299.5,2.0,7.49,3,2,2,7,At Risk,1,1,At Risk,"Send win-back campaigns, offer discounts"
14966,15,6,1115.84,125,2.32,709,185.97,0.0085,8.93,5,4,3,12,Loyal,0,2,Loyal Customers,"Upsell premium products, increase frequency"
14967,50,6,1982.61,22,3.38,686,330.44,0.0087,90.12,4,4,4,12,Loyal,0,2,Loyal Customers,"Upsell premium products, increase frequency"
14968,31,2,504.99,83,3.36,428,252.5,0.0047,6.08,4,2,2,8,At Risk,0,1,At Risk,"Send win-back campaigns, offer discounts"
14969,704,1,906.23,13,3.24,0,906.23,1.0,69.71,1,1,3,5,Hibernating,1,3,Lost,Minimal spend — low re-engagement ROI
14970,69,12,4919.35,71,4.74,595,409.95,0.0201,69.29,3,5,5,13,Champion,0,0,Champions,"Reward with loyalty perks, ask for reviews"
14971,36,3,1116.57,144,3.1,8,372.19,0.3333,7.75,4,3,3,10,Loyal,0,2,Loyal Customers,"Upsell premium products, increase frequency"
14972,129,2,145.07,20,4.71,252,72.54,0.0079,7.25,3,2,1,6,Hibernating,1,1,At Risk,"Send win-back campaigns, offer discounts"
14973,108,3,1314.45,29,21.26,118,438.15,0.0252,45.33,3,3,4,10,Loyal,1,2,Loyal Customers,"Upsell premium products, increase frequency"
14974,38,1,114.39,17,3.47,0,114.39,1.0,6.73,4,1,1,6,Hibernating,0,1,At Risk,"Send win-back campaigns, offer discounts"
14975,58,2,472.39,25,1.81,363,236.2,0.0055,18.9,4,2,2,8,At Risk,0,1,At Risk,"Send win-back campaigns, offer discounts"
14976,58,7,790.86,47,3.96,269,112.98,0.0259,16.83,4,4,3,11,Loyal,0,2,Loyal Customers,"Upsell premium products, increase frequency"
14977,726,1,31.93,4,2.46,0,31.93,1.0,7.98,1,1,1,3,Lost,1,3,Lost,Minimal spend — low re-engagement ROI
14978,73,10,3142.14,175,5.24,518,314.21,0.0193,17.96,3,5,5,13,Champion,0,2,Loyal Customers,"Upsell premium products, increase frequency"
14979,736,1,439.46,42,2.99,0,439.46,1.0,10.46,1,1,2,4,Hibernating,1,3,Lost,Minimal spend — low re-engagement ROI
14980,738,1,150.68,24,3.49,0,150.68,1.0,6.28,1,1,1,3,Lost,1,3,Lost,Minimal spend — low re-engagement ROI
14981,247,2,372.92,20,1.85,177,186.46,0.0112,18.65,2,2,2,6,Hibernating,1,1,At Risk,"Send win-back campaigns, offer discounts"
14982,573,1,237.78,39,2.51,0,237.78,1.0,6.1,1,1,1,3,Lost,1,3,Lost,Minimal spend — low re-engagement ROI
14983,690,1,183.2,30,2.57,0,183.2,1.0,6.11,1,1,1,3,Lost,1,3,Lost,Minimal spend — low re-engagement ROI
14984,20,6,1271.41,48,4.5,678,211.9,0.0088,26.49,5,4,4,13,Champion,0,2,Loyal Customers,"Upsell premium products, increase frequency"
14985,199,2,296.75,78,1.91,159,148.38,0.0125,3.8,2,2,2,6,Hibernating,1,1,At Risk,"Send win-back campaigns, offer discounts"
14986,377,2,566.9,87,2.31,307,283.45,0.0065,6.52,2,2,2,6,Hibernating,1,3,Lost,Minimal spend — low re-engagement ROI
14987,16,8,1713.85,4,3.09,721,214.23,0.0111,428.46,5,4,4,13,Champion,0,2,Loyal Customers,"Upsell premium products, increase frequency"
14988,212,7,2066.6,171,2.18,390,295.23,0.0179,12.09,2,4,4,10,Loyal,1,2,Loyal Customers,"Upsell premium products, increase frequency"
14989,662,1,342.4,18,3.09,0,342.4,1.0,19.02,1,1,2,4,Hibernating,1,3,Lost,Minimal spend — low re-engagement ROI
14990,613,2,305.42,41,2.32,118,152.71,0.0168,7.45,1,2,2,5,Hibernating,1,3,Lost,Minimal spend — low re-engagement ROI
14991,431,1,314.67,21,4.06,0,314.67,1.0,14.98,1,1,2,4,Hibernating,1,3,Lost,Minimal spend — low re-engagement ROI
14992,443,1,210.5,27,1.88,0,210.5,1.0,7.8,1,1,1,3,Lost,1,3,Lost,Minimal spend — low re-engagement ROI
14993,564,1,36.13,9,1.71,0,36.13,1.0,4.01,1,1,1,3,Lost,1,3,Lost,Minimal spend — low re-engagement ROI
14994,383,5,960.63,233,2.16,240,192.13,0.0207,4.12,2,4,3,9,At Risk,1,3,Lost,Minimal spend — low re-engagement ROI
14995,39,2,233.23,53,2.6,241,116.62,0.0083,4.4,4,2,1,7,At Risk,0,1,At Risk,"Send win-back campaigns, offer discounts"
14996,482,2,442.29,37,2.27,0,221.14,2.0,11.95,1,2,2,5,Hibernating,1,3,Lost,Minimal spend — low re-engagement ROI
14997,47,4,776.6,36,0.72,609,194.15,0.0066,21.57,4,3,3,10,Loyal,0,2,Loyal Customers,"Upsell premium products, increase frequency"
14998,171,4,770.73,111,3.43,435,192.68,0.0092,6.94,3,3,3,9,At Risk,1,2,Loyal Customers,"Upsell premium products, increase frequency"
14999,593,1,129.48,9,3.24,0,129.48,1.0,14.39,1,1,1,3,Lost,1,3,Lost,Minimal spend — low re-engagement ROI
15000,48,1,490.52,76,2.83,0,490.52,1.0,6.45,4,1,2,7,At Risk,0,1,At Risk,"Send win-back campaigns, offer discounts"
15001,395,2,230.86,44,3.71,0,115.43,2.0,5.25,2,2,1,5,Hibernating,1,3,Lost,Minimal spend — low re-engagement ROI
15002,116,9,4817.28,220,2.74,580,535.25,0.0155,21.9,3,5,5,13,Champion,1,0,Champions,"Reward with loyalty perks, ask for reviews"
15003,474,6,1060.7,253,2.18,209,176.78,0.0286,4.19,1,4,3,8,At Risk,1,3,Lost,Minimal spend — low re-engagement ROI
15004,148,1,1246.32,154,3.1,0,1246.32,1.0,8.09,3,1,3,7,At Risk,1,1,At Risk,"Send win-back campaigns, offer discounts"
15005,16,56,14106.2,591,2.45,722,251.9,0.0775,23.87,5,5,5,15,Champion,0,0,Champions,"Reward with loyalty perks, ask for reviews"
15006,52,2,825.14,165,2.51,402,412.57,0.005,5.0,4,2,3,9,At Risk,0,1,At Risk,"Send win-back campaigns, offer discounts"
15007,160,1,156.91,12,3.16,0,156.91,1.0,13.08,3,1,1,5,Hibernating,1,1,At Risk,"Send win-back campaigns, offer discounts"
15008,481,2,360.0,6,0.3,157,180.0,0.0127,60.0,1,2,2,5,Hibernating,1,3,Lost,Minimal spend — low re-engagement ROI
15009,13,3,1261.78,148,2.46,12,420.59,0.2308,8.53,5,3,4,12,Loyal,0,2,Loyal Customers,"Upsell premium products, increase frequency"
15010,36,1,308.94,20,3.17,0,308.94,1.0,15.45,4,1,2,7,At Risk,0,1,At Risk,"Send win-back campaigns, offer discounts"
15011,396,2,416.6,17,2.08,20,208.3,0.0952,24.51,2,2,2,6,Hibernating,1,3,Lost,Minimal spend — low re-engagement ROI
15012,54,3,860.62,165,2.66,523,286.87,0.0057,5.22,4,3,3,10,Loyal,0,2,Loyal Customers,"Upsell premium products, increase frequency"
15013,488,10,1641.3,177,1.59,189,164.13,0.0526,9.27,1,5,4,10,Loyal,1,2,Loyal Customers,"Upsell premium products, increase frequency"
15014,44,2,260.17,29,1.73,133,130.08,0.0149,8.97,4,2,1,7,At Risk,0,1,At Risk,"Send win-back campaigns, offer discounts"
15015,502,13,2365.02,158,2.11,223,181.92,0.058,14.97,1,5,4,10,Loyal,1,2,Loyal Customers,"Upsell premium products, increase frequency"
15016,173,5,630.3,93,3.27,370,126.06,0.0135,6.78,3,4,3,10,Loyal,1,2,Loyal Customers,"Upsell premium products, increase frequency"
15017,34,1,125.58,20,3.26,0,125.58,1.0,6.28,4,1,1,6,Hibernating,0,1,At Risk,"Send win-back campaigns, offer discounts"
15018,39,3,607.46,30,6.62,329,202.49,0.0091,20.25,4,3,2,9,At Risk,0,1,At Risk,"Send win-back campaigns, offer discounts"
15019,267,1,266.0,64,2.23,0,266.0,1.0,4.16,2,1,1,4,Hibernating,1,1,At Risk,"Send win-back campaigns, offer discounts"
15020,380,1,203.42,27,3.19,0,203.42,1.0,7.53,2,1,1,4,Hibernating,1,3,Lost,Minimal spend — low re-engagement ROI
15021,9,12,2783.83,355,2.61,489,231.99,0.0245,7.84,5,5,4,14,Champion,0,0,Champions,"Reward with loyalty perks, ask for reviews"
15022,12,5,1186.09,115,2.93,665,237.22,0.0075,10.31,5,4,3,12,Loyal,0,2,Loyal Customers,"Upsell premium products, increase frequency"
15023,4,20,12170.68,486,3.91,671,608.53,0.0298,25.04,5,5,5,15,Champion,0,0,Champions,"Reward with loyalty perks, ask for reviews"
15024,10,16,4075.51,168,2.74,414,254.72,0.0386,24.26,5,5,5,15,Champion,0,0,Champions,"Reward with loyalty perks, ask for reviews"
15025,34,2,1013.09,132,3.03,535,506.54,0.0037,7.67,4,2,3,9,At Risk,0,1,At Risk,"Send win-back campaigns, offer discounts"
15026,81,5,1061.61,109,2.13,368,212.32,0.0136,9.74,3,4,3,10,Loyal,0,2,Loyal Customers,"Upsell premium products, increase frequency"
15027,31,10,3195.6,69,3.73,593,319.56,0.0168,46.31,4,5,5,14,Champion,0,0,Champions,"Reward with loyalty perks, ask for reviews"
15028,9,6,1157.71,65,2.37,385,192.95,0.0155,17.81,5,4,3,12,Loyal,0,2,Loyal Customers,"Upsell premium products, increase frequency"
15029,620,1,365.1,10,2.72,0,365.1,1.0,36.51,1,1,2,4,Hibernating,1,3,Lost,Minimal spend — low re-engagement ROI
15030,72,8,1979.91,25,3.57,573,247.49,0.0139,79.2,3,4,4,11,Loyal,0,2,Loyal Customers,"Upsell premium products, increase frequency"
15031,5,14,3156.58,237,2.83,727,225.47,0.0192,13.32,5,5,5,15,Champion,0,0,Champions,"Reward with loyalty perks, ask for reviews"
15032,257,8,13780.65,39,2.02,472,1722.58,0.0169,353.35,2,4,5,11,Loyal,1,0,Champions,"Reward with loyalty perks, ask for reviews"
15033,5,10,2586.67,315,2.08,324,258.67,0.0308,8.21,5,5,4,14,Champion,0,2,Loyal Customers,"Upsell premium products, increase frequency"
15034,16,14,8313.4,416,3.05,561,593.81,0.0249,19.98,5,5,5,15,Champion,0,0,Champions,"Reward with loyalty perks, ask for reviews"
15035,90,1,252.73,26,2.13,0,252.73,1.0,9.72,3,1,1,5,Hibernating,1,1,At Risk,"Send win-back campaigns, offer discounts"
15036,73,3,465.55,107,2.11,107,155.18,0.0278,4.35,3,3,2,8,At Risk,0,1,At Risk,"Send win-back campaigns, offer discounts"
15037,377,2,402.51,40,2.23,0,201.26,2.0,10.06,2,2,2,6,Hibernating,1,3,Lost,Minimal spend — low re-engagement ROI
15038,59,9,1309.86,190,3.57,366,145.54,0.0245,6.89,4,5,4,13,Champion,0,2,Loyal Customers,"Upsell premium products, increase frequency"
15039,10,93,40031.43,562,3.25,719,430.45,0.1292,71.23,5,5,5,15,Champion,0,0,Champions,"Reward with loyalty perks, ask for reviews"
15040,542,1,7.49,1,7.49,0,7.49,1.0,7.49,1,1,1,3,Lost,1,3,Lost,Minimal spend — low re-engagement ROI
15041,171,2,294.02,98,1.78,274,147.01,0.0073,3.0,3,2,2,7,At Risk,1,1,At Risk,"Send win-back campaigns, offer discounts"
15042,200,2,315.45,9,3.43,396,157.72,0.005,35.05,2,2,2,6,Hibernating,1,1,At Risk,"Send win-back campaigns, offer discounts"
15043,32,6,2873.8,39,3.3,501,478.97,0.012,73.69,4,4,4,12,Loyal,0,2,Loyal Customers,"Upsell premium products, increase frequency"
15044,20,35,16204.33,344,4.8,703,462.98,0.0497,47.11,5,5,5,15,Champion,0,0,Champions,"Reward with loyalty perks, ask for reviews"
15045,152,2,735.66,11,6.92,105,367.83,0.0189,66.88,3,2,3,8,At Risk,1,1,At Risk,"Send win-back campaigns, offer discounts"
15046,10,25,7812.39,248,3.05,685,312.5,0.0364,31.5,5,5,5,15,Champion,0,0,Champions,"Reward with loyalty perks, ask for reviews"
15047,270,1,343.62,22,2.27,0,343.62,1.0,15.62,2,1,2,5,Hibernating,1,1,At Risk,"Send win-back campaigns, offer discounts"
15048,66,4,482.75,86,2.6,303,120.69,0.0132,5.61,3,3,2,8,At Risk,0,1,At Risk,"Send win-back campaigns, offer discounts"
15049,274,1,121.17,3,1.83,0,121.17,1.0,40.39,2,1,1,4,Hibernating,1,1,At Risk,"Send win-back campaigns, offer discounts"
15050,26,5,4193.79,116,2.65,455,838.76,0.011,36.15,4,4,5,13,Champion,0,2,Loyal Customers,"Upsell premium products, increase frequency"
15051,24,9,3935.16,226,2.43,715,437.24,0.0126,17.41,4,5,5,14,Champion,0,0,Champions,"Reward with loyalty perks, ask for reviews"
15052,320,1,215.78,27,3.51,0,215.78,1.0,7.99,2,1,1,4,Hibernating,1,3,Lost,Minimal spend — low re-engagement ROI
15053,5,3,697.79,49,1.58,277,232.6,0.0108,14.24,5,3,3,11,Loyal,0,1,At Risk,"Send win-back campaigns, offer discounts"
15054,13,2,302.1,105,1.71,28,151.05,0.069,2.88,5,2,2,9,At Risk,0,1,At Risk,"Send win-back campaigns, offer discounts"
15055,475,3,560.07,77,3.14,248,186.69,0.012,7.27,1,3,2,6,Hibernating,1,3,Lost,Minimal spend — low re-engagement ROI
15056,521,1,133.45,6,3.18,0,133.45,1.0,22.24,1,1,1,3,Lost,1,3,Lost,Minimal spend — low re-engagement ROI
15057,276,5,3255.96,62,3.34,458,651.19,0.0109,52.52,2,4,5,11,Loyal,1,2,Loyal Customers,"Upsell premium products, increase frequency"
15058,26,16,3410.03,232,2.91,628,213.13,0.0254,14.7,4,5,5,14,Champion,0,0,Champions,"Reward with loyalty perks, ask for reviews"
15059,41,19,3523.57,308,3.08,692,185.45,0.0274,11.44,4,5,5,14,Champion,0,0,Champions,"Reward with loyalty perks, ask for reviews"
15060,9,4,303.09,81,1.73,0,75.77,4.0,3.74,5,3,2,10,Loyal,0,1,At Risk,"Send win-back campaigns, offer discounts"
15061,4,127,137818.52,131,2.37,734,1085.19,0.1728,1052.05,5,5,5,15,Champion,0,0,Champions,"Reward with loyalty perks, ask for reviews"
15062,72,8,2585.62,98,2.57,539,323.2,0.0148,26.38,3,4,4,11,Loyal,0,2,Loyal Customers,"Upsell premium products, increase frequency"
15063,214,1,370.8,5,8.57,0,370.8,1.0,74.16,2,1,2,5,Hibernating,1,1,At Risk,"Send win-back campaigns, offer discounts"
15064,411,4,1254.41,75,3.95,306,313.6,0.013,16.73,2,3,4,9,At Risk,1,3,Lost,Minimal spend — low re-engagement ROI
15065,38,5,3326.86,156,5.07,373,665.37,0.0134,21.33,4,4,5,13,Champion,0,2,Loyal Customers,"Upsell premium products, increase frequency"
15066,54,1,893.59,42,4.46,0,893.59,1.0,21.28,4,1,3,8,At Risk,0,1,At Risk,"Send win-back campaigns, offer discounts"
15067,79,5,3877.88,170,3.93,528,775.58,0.0095,22.81,3,4,5,12,Loyal,0,2,Loyal Customers,"Upsell premium products, increase frequency"
15068,47,4,1176.85,178,2.31,575,294.21,0.0069,6.61,4,3,3,10,Loyal,0,2,Loyal Customers,"Upsell premium products, increase frequency"
15069,180,1,1109.53,70,4.52,0,1109.53,1.0,15.85,3,1,3,7,At Risk,1,1,At Risk,"Send win-back campaigns, offer discounts"
15070,373,3,843.25,26,3.6,351,281.08,0.0085,32.43,2,3,3,8,At Risk,1,3,Lost,Minimal spend — low re-engagement ROI
15071,94,4,1455.56,41,4.69,476,363.89,0.0084,35.5,3,3,4,10,Loyal,1,2,Loyal Customers,"Upsell premium products, increase frequency"
15072,480,1,187.52,13,1.41,0,187.52,1.0,14.42,1,1,1,3,Lost,1,3,Lost,Minimal spend — low re-engagement ROI
15073,10,8,2788.02,115,3.63,672,348.5,0.0119,24.24,5,4,4,13,Champion,0,2,Loyal Customers,"Upsell premium products, increase frequency"
15074,106,3,1566.33,63,1.98,362,522.11,0.0083,24.86,3,3,4,10,Loyal,1,2,Loyal Customers,"Upsell premium products, increase frequency"
15075,78,1,773.03,27,3.31,0,773.03,1.0,28.63,3,1,3,7,At Risk,0,1,At Risk,"Send win-back campaigns, offer discounts"
15076,173,3,1447.74,68,3.33,349,482.58,0.0086,21.29,3,3,4,10,Loyal,1,2,Loyal Customers,"Upsell premium products, increase frequency"
15077,495,2,2428.08,28,5.14,235,1214.04,0.0085,86.72,1,2,4,7,At Risk,1,3,Lost,Minimal spend — low re-engagement ROI
15078,8,53,17761.88,118,2.69,728,335.13,0.0727,150.52,5,5,5,15,Champion,0,0,Champions,"Reward with loyalty perks, ask for reviews"
15079,213,11,3767.35,119,4.1,519,342.49,0.0212,31.66,2,5,5,12,Loyal,1,0,Champions,"Reward with loyalty perks, ask for reviews"
15080,428,2,546.25,31,2.39,74,273.12,0.0267,17.62,1,2,2,5,Hibernating,1,3,Lost,Minimal spend — low re-engagement ROI
15081,23,12,1965.72,75,4.57,513,163.81,0.0233,26.21,4,5,4,13,Champion,0,2,Loyal Customers,"Upsell premium products, increase frequency"
15082,669,1,93.35,6,2.24,0,93.35,1.0,15.56,1,1,1,3,Lost,1,3,Lost,Minimal spend — low re-engagement ROI
15083,257,1,88.2,5,6.67,0,88.2,1.0,17.64,2,1,1,4,Hibernating,1,1,At Risk,"Send win-back campaigns, offer discounts"
15084,380,2,965.2,31,5.96,266,482.6,0.0075,31.14,2,2,3,7,At Risk,1,3,Lost,Minimal spend — low re-engagement ROI
15085,730,1,347.54,9,2.32,0,347.54,1.0,38.62,1,1,2,4,Hibernating,1,3,Lost,Minimal spend — low re-engagement ROI
15086,565,2,218.53,10,2.89,60,109.26,0.0328,21.85,1,2,1,4,Hibernating,1,3,Lost,Minimal spend — low re-engagement ROI
15087,282,1,306.94,15,2.04,0,306.94,1.0,20.46,2,1,2,5,Hibernating,1,1,At Risk,"Send win-back campaigns, offer discounts"
15088,22,2,1160.07,53,5.27,45,580.04,0.0435,21.89,4,2,3,9,At Risk,0,1,At Risk,"Send win-back campaigns, offer discounts"
15089,11,6,2420.84,139,3.32,118,403.47,0.0504,17.42,5,4,4,13,Champion,0,2,Loyal Customers,"Upsell premium products, increase frequency"
15090,309,1,381.32,23,3.56,0,381.32,1.0,16.58,2,1,2,5,Hibernating,1,3,Lost,Minimal spend — low re-engagement ROI
15091,68,3,1046.61,55,2.54,607,348.87,0.0049,19.03,3,3,3,9,At Risk,0,2,Loyal Customers,"Upsell premium products, increase frequency"
15092,216,3,776.46,39,5.32,247,258.82,0.0121,19.91,2,3,3,8,At Risk,1,1,At Risk,"Send win-back campaigns, offer discounts"
15093,19,23,14326.11,104,2.46,713,622.87,0.0322,137.75,5,5,5,15,Champion,0,0,Champions,"Reward with loyalty perks, ask for reviews"
15094,464,2,83.0,4,3.05,181,41.5,0.011,20.75,1,2,1,4,Hibernating,1,3,Lost,Minimal spend — low re-engagement ROI
15095,104,10,3141.64,90,2.54,584,314.16,0.0171,34.91,3,5,5,13,Champion,1,2,Loyal Customers,"Upsell premium products, increase frequency"
15096,43,1,219.39,11,3.11,0,219.39,1.0,19.94,4,1,1,6,Hibernating,0,1,At Risk,"Send win-back campaigns, offer discounts"
15097,5,3,908.35,59,3.12,578,302.78,0.0052,15.4,5,3,3,11,Loyal,0,2,Loyal Customers,"Upsell premium products, increase frequency"
15098,183,3,39916.5,1,434.65,0,13305.5,3.0,39916.5,3,3,5,11,Loyal,1,0,Champions,"Reward with loyalty perks, ask for reviews"
15099,85,1,410.48,23,2.07,0,410.48,1.0,17.85,3,1,2,6,Hibernating,0,1,At Risk,"Send win-back campaigns, offer discounts"
15100,334,7,2894.7,11,6.65,367,413.53,0.019,263.15,2,4,4,10,Loyal,1,2,Loyal Customers,"Upsell premium products, increase frequency"
15101,9,6,1477.94,52,4.23,581,246.32,0.0103,28.42,5,4,4,13,Champion,0,2,Loyal Customers,"Upsell premium products, increase frequency"
15102,531,2,554.67,26,3.3,16,277.33,0.1176,21.33,1,2,2,5,Hibernating,1,3,Lost,Minimal spend — low re-engagement ROI
15103,32,2,703.36,35,5.65,55,351.68,0.0357,20.1,4,2,3,9,At Risk,0,1,At Risk,"Send win-back campaigns, offer discounts"
15104,197,2,1027.44,66,5.43,85,513.72,0.0233,15.57,2,2,3,7,At Risk,1,1,At Risk,"Send win-back campaigns, offer discounts"
15105,19,9,3094.91,129,2.49,608,343.88,0.0148,23.99,5,5,5,15,Champion,0,2,Loyal Customers,"Upsell premium products, increase frequency"
15106,18,5,1422.52,90,2.49,251,284.5,0.0198,15.81,5,4,4,13,Champion,0,2,Loyal Customers,"Upsell premium products, increase frequency"
15107,312,9,940.35,32,5.89,140,104.48,0.0638,29.39,2,5,3,10,Loyal,1,2,Loyal Customers,"Upsell premium products, increase frequency"
15108,142,4,1300.25,50,4.83,85,325.06,0.0465,26.0,3,3,4,10,Loyal,1,2,Loyal Customers,"Upsell premium products, increase frequency"
15109,246,3,983.1,46,5.43,489,327.7,0.0061,21.37,2,3,3,8,At Risk,1,2,Loyal Customers,"Upsell premium products, increase frequency"
15110,24,6,1505.85,23,7.45,461,250.98,0.013,65.47,4,4,4,12,Loyal,0,2,Loyal Customers,"Upsell premium products, increase frequency"
15111,30,5,2730.87,109,3.94,563,546.17,0.0089,25.05,4,4,4,12,Loyal,0,2,Loyal Customers,"Upsell premium products, increase frequency"
15112,612,1,209.4,7,4.36,0,209.4,1.0,29.91,1,1,1,3,Lost,1,3,Lost,Minimal spend — low re-engagement ROI
15113,10,3,3609.33,77,2.13,44,1203.11,0.0667,46.87,5,3,5,13,Champion,0,2,Loyal Customers,"Upsell premium products, increase frequency"
15114,31,12,3400.12,151,1.81,390,283.34,0.0307,22.52,4,5,5,14,Champion,0,0,Champions,"Reward with loyalty perks, ask for reviews"
15115,19,2,531.85,35,3.38,714,265.92,0.0028,15.2,5,2,2,9,At Risk,0,1,At Risk,"Send win-back campaigns, offer discounts"
15116,18,4,1352.75,37,2.76,187,338.19,0.0213,36.56,5,3,4,12,Loyal,0,2,Loyal Customers,"Upsell premium products, increase frequency"
15117,15,8,2485.97,89,2.07,619,310.75,0.0129,27.93,5,4,4,13,Champion,0,2,Loyal Customers,"Upsell premium products, increase frequency"
15118,135,1,244.8,1,0.17,0,244.8,1.0,244.8,3,1,1,5,Hibernating,1,1,At Risk,"Send win-back campaigns, offer discounts"
15119,246,1,266.4,14,7.73,0,266.4,1.0,19.03,2,1,1,4,Hibernating,1,1,At Risk,"Send win-back campaigns, offer discounts"
15120,134,1,358.82,21,4.92,0,358.82,1.0,17.09,3,1,2,6,Hibernating,1,1,At Risk,"Send win-back campaigns, offer discounts"
15121,51,2,457.72,28,4.23,238,228.86,0.0084,16.35,4,2,2,8,At Risk,0,1,At Risk,"Send win-back campaigns, offer discounts"
15122,115,11,4497.47,155,3.54,505,408.86,0.0217,29.02,3,5,5,13,Champion,1,0,Champions,"Reward with loyalty perks, ask for reviews"
15123,8,5,4656.17,149,3.0,626,931.23,0.008,31.25,5,4,5,14,Champion,0,2,Loyal Customers,"Upsell premium products, increase frequency"
15124,23,4,450.82,30,3.15,628,112.7,0.0064,15.03,4,3,2,9,At Risk,0,1,At Risk,"Send win-back campaigns, offer discounts"
15125,26,24,17024.87,151,3.93,593,709.37,0.0404,112.75,4,5,5,14,Champion,0,0,Champions,"Reward with loyalty perks, ask for reviews"
15126,537,2,449.49,25,2.8,150,224.74,0.0132,17.98,1,2,2,5,Hibernating,1,3,Lost,Minimal spend — low re-engagement ROI
15127,66,2,711.5,27,3.07,454,355.75,0.0044,26.35,3,2,3,8,At Risk,0,1,At Risk,"Send win-back campaigns, offer discounts"
15128,61,5,1783.68,87,2.12,369,356.74,0.0135,20.5,3,4,4,11,Loyal,0,2,Loyal Customers,"Upsell premium products, increase frequency"
15129,51,23,6860.18,86,2.46,559,298.27,0.0411,79.77,4,5,5,14,Champion,0,0,Champions,"Reward with loyalty perks, ask for reviews"
15130,170,1,330.11,22,2.42,0,330.11,1.0,15.0,3,1,2,6,Hibernating,1,1,At Risk,"Send win-back campaigns, offer discounts"
15131,395,1,80.28,7,2.08,0,80.28,1.0,11.47,2,1,1,4,Hibernating,1,3,Lost,Minimal spend — low re-engagement ROI
15132,19,5,977.93,49,2.06,244,195.59,0.0204,19.96,5,4,3,12,Loyal,0,2,Loyal Customers,"Upsell premium products, increase frequency"
15133,128,5,1806.9,45,2.62,392,361.38,0.0127,40.15,3,4,4,11,Loyal,1,2,Loyal Customers,"Upsell premium products, increase frequency"
15134,15,10,1596.29,47,2.22,407,159.63,0.0245,33.96,5,5,4,14,Champion,0,2,Loyal Customers,"Upsell premium products, increase frequency"
15135,240,2,305.68,17,4.88,317,152.84,0.0063,17.98,2,2,2,6,Hibernating,1,1,At Risk,"Send win-back campaigns, offer discounts"
15136,3,4,1286.7,61,2.06,93,321.68,0.0426,21.09,5,3,4,12,Loyal,0,2,Loyal Customers,"Upsell premium products, increase frequency"
15137,521,2,823.4,34,2.12,159,411.7,0.0125,24.22,1,2,3,6,Hibernating,1,3,Lost,Minimal spend — low re-engagement ROI
15138,394,1,502.52,31,4.39,0,502.52,1.0,16.21,2,1,2,5,Hibernating,1,3,Lost,Minimal spend — low re-engagement ROI
15139,240,2,178.96,13,1.35,96,89.48,0.0206,13.77,2,2,1,5,Hibernating,1,1,At Risk,"Send win-back campaigns, offer discounts"
15140,53,8,3243.69,103,2.56,390,405.46,0.0205,31.49,4,4,5,13,Champion,0,2,Loyal Customers,"Upsell premium products, increase frequency"
15141,458,7,1388.47,44,1.88,163,198.35,0.0427,31.56,1,4,4,9,At Risk,1,3,Lost,Minimal spend — low re-engagement ROI
15142,47,6,2619.92,115,2.06,454,436.65,0.0132,22.78,4,4,4,12,Loyal,0,2,Loyal Customers,"Upsell premium products, increase frequency"
15143,226,2,563.63,27,3.04,206,281.82,0.0097,20.88,2,2,2,6,Hibernating,1,1,At Risk,"Send win-back campaigns, offer discounts"
15144,9,29,12160.31,199,3.12,718,419.32,0.0403,61.11,5,5,5,15,Champion,0,0,Champions,"Reward with loyalty perks, ask for reviews"
15145,5,4,1194.73,54,3.41,244,298.68,0.0163,22.12,5,3,3,11,Loyal,0,2,Loyal Customers,"Upsell premium products, increase frequency"
15146,165,2,1327.16,90,1.53,126,663.58,0.0157,14.75,3,2,4,9,At Risk,1,2,Loyal Customers,"Upsell premium products, increase frequency"
15147,241,1,623.5,28,2.98,0,623.5,1.0,22.27,2,1,3,6,Hibernating,1,1,At Risk,"Send win-back campaigns, offer discounts"
15148,11,1,301.29,20,2.54,0,301.29,1.0,15.06,5,1,2,8,At Risk,0,1,At Risk,"Send win-back campaigns, offer discounts"
15149,134,5,1554.61,62,7.41,515,310.92,0.0097,25.07,3,4,4,11,Loyal,1,2,Loyal Customers,"Upsell premium products, increase frequency"
15150,18,13,9001.08,495,2.83,526,692.39,0.0247,18.18,5,5,5,15,Champion,0,0,Champions,"Reward with loyalty perks, ask for reviews"
15151,424,2,2085.61,56,13.8,86,1042.8,0.023,37.24,1,2,4,7,At Risk,1,3,Lost,Minimal spend — low re-engagement ROI
15152,10,14,5263.83,214,3.33,691,375.99,0.0202,24.6,5,5,5,15,Champion,0,0,Champions,"Reward with loyalty perks, ask for reviews"
15153,32,1,329.25,22,4.67,0,329.25,1.0,14.97,4,1,2,7,At Risk,0,1,At Risk,"Send win-back campaigns, offer discounts"
15154,76,3,1388.41,166,3.79,402,462.8,0.0074,8.36,3,3,4,10,Loyal,0,2,Loyal Customers,"Upsell premium products, increase frequency"
15155,384,1,383.97,24,3.91,0,383.97,1.0,16.0,2,1,2,5,Hibernating,1,3,Lost,Minimal spend — low re-engagement ROI
15156,2,3,961.49,51,2.84,32,320.5,0.0909,18.85,5,3,3,11,Loyal,0,2,Loyal Customers,"Upsell premium products, increase frequency"
15157,4,5,2654.11,152,1.76,725,530.82,0.0069,17.46,5,4,4,13,Champion,0,2,Loyal Customers,"Upsell premium products, increase frequency"
15158,46,2,606.02,11,17.71,356,303.01,0.0056,55.09,4,2,2,8,At Risk,0,1,At Risk,"Send win-back campaigns, offer discounts"
15159,2,34,22116.73,413,2.79,430,650.49,0.0789,53.55,5,5,5,15,Champion,0,0,Champions,"Reward with loyalty perks, ask for reviews"
15160,358,4,589.27,17,2.56,63,147.32,0.0625,34.66,2,3,2,7,At Risk,1,3,Lost,Minimal spend — low re-engagement ROI
15161,389,1,119.92,33,1.87,0,119.92,1.0,3.63,2,1,1,4,Hibernating,1,3,Lost,Minimal spend — low re-engagement ROI
15162,732,1,312.9,12,4.63,0,312.9,1.0,26.08,1,1,2,4,Hibernating,1,3,Lost,Minimal spend — low re-engagement ROI
15163,19,2,304.47,29,2.44,173,152.24,0.0115,10.5,5,2,2,9,At Risk,0,1,At Risk,"Send win-back campaigns, offer discounts"
15164,69,9,2068.92,243,2.71,621,229.88,0.0145,8.51,3,5,4,12,Loyal,0,2,Loyal Customers,"Upsell premium products, increase frequency"
15165,374,1,975.5,27,4.99,0,975.5,1.0,36.13,2,1,3,6,Hibernating,1,3,Lost,Minimal spend — low re-engagement ROI
15166,468,1,167.16,12,2.47,0,167.16,1.0,13.93,1,1,1,3,Lost,1,3,Lost,Minimal spend — low re-engagement ROI
15167,321,5,1659.67,262,3.22,352,331.93,0.0142,6.33,2,4,4,10,Loyal,1,2,Loyal Customers,"Upsell premium products, increase frequency"
15168,26,1,106.56,5,3.34,0,106.56,1.0,21.31,4,1,1,6,Hibernating,0,1,At Risk,"Send win-back campaigns, offer discounts"
15169,383,2,569.22,58,2.35,344,284.61,0.0058,9.81,2,2,2,6,Hibernating,1,3,Lost,Minimal spend — low re-engagement ROI
15170,407,1,81.15,4,3.18,0,81.15,1.0,20.29,2,1,1,4,Hibernating,1,3,Lost,Minimal spend — low re-engagement ROI
15171,332,1,1289.5,5,3.77,0,1289.5,1.0,257.9,2,1,4,7,At Risk,1,3,Lost,Minimal spend — low re-engagement ROI
15172,9,5,1624.05,106,2.09,227,324.81,0.0219,15.32,5,4,4,13,Champion,0,2,Loyal Customers,"Upsell premium products, increase frequency"
15173,381,7,1494.6,68,2.75,236,213.51,0.0295,21.98,2,4,4,10,Loyal,1,2,Loyal Customers,"Upsell premium products, increase frequency"
15174,323,2,481.46,34,2.47,87,240.73,0.0227,14.16,2,2,2,6,Hibernating,1,3,Lost,Minimal spend — low re-engagement ROI
15175,72,1,224.14,23,0.74,0,224.14,1.0,9.75,3,1,1,5,Hibernating,0,1,At Risk,"Send win-back campaigns, offer discounts"
15176,668,1,988.04,52,4.43,0,988.04,1.0,19.0,1,1,3,5,Hibernating,1,3,Lost,Minimal spend — low re-engagement ROI
15177,426,1,948.93,26,3.78,0,948.93,1.0,36.5,1,1,3,5,Hibernating,1,3,Lost,Minimal spend — low re-engagement ROI
15178,261,1,40.5,3,1.35,0,40.5,1.0,13.5,2,1,1,4,Hibernating,1,1,At Risk,"Send win-back campaigns, offer discounts"
15179,19,13,7491.92,225,2.99,718,576.3,0.0181,33.3,5,5,5,15,Champion,0,0,Champions,"Reward with loyalty perks, ask for reviews"
15180,368,3,904.43,46,2.27,221,301.48,0.0135,19.66,2,3,3,8,At Risk,1,3,Lost,Minimal spend — low re-engagement ROI
15181,67,5,1200.2,15,1.89,664,240.04,0.0075,80.01,3,4,3,10,Loyal,0,2,Loyal Customers,"Upsell premium products, increase frequency"
15182,155,11,2998.95,78,3.39,502,272.63,0.0219,38.45,3,5,5,13,Champion,1,2,Loyal Customers,"Upsell premium products, increase frequency"
15183,548,3,639.93,33,3.78,36,213.31,0.0811,19.39,1,3,3,7,At Risk,1,3,Lost,Minimal spend — low re-engagement ROI
15184,30,4,689.95,72,3.03,694,172.49,0.0058,9.58,4,3,3,10,Loyal,0,2,Loyal Customers,"Upsell premium products, increase frequency"
15185,71,1,310.62,21,2.33,0,310.62,1.0,14.79,3,1,2,6,Hibernating,0,1,At Risk,"Send win-back campaigns, offer discounts"
15186,15,5,1403.2,29,3.34,682,280.64,0.0073,48.39,5,4,4,13,Champion,0,2,Loyal Customers,"Upsell premium products, increase frequency"
15187,2,16,4777.18,61,3.03,210,298.57,0.0758,78.31,5,5,5,15,Champion,0,0,Champions,"Reward with loyalty perks, ask for reviews"
15188,726,1,310.43,23,2.6,0,310.43,1.0,13.5,1,1,2,4,Hibernating,1,3,Lost,Minimal spend — low re-engagement ROI
15189,2,46,17524.38,90,4.25,507,380.96,0.0906,194.72,5,5,5,15,Champion,0,0,Champions,"Reward with loyalty perks, ask for reviews"
15190,435,1,834.44,40,2.26,0,834.44,1.0,20.86,1,1,3,5,Hibernating,1,3,Lost,Minimal spend — low re-engagement ROI
15191,464,3,588.05,33,3.32,225,196.02,0.0133,17.82,1,3,2,6,Hibernating,1,3,Lost,Minimal spend — low re-engagement ROI
15192,120,5,1981.39,56,2.57,560,396.28,0.0089,35.38,3,4,4,11,Loyal,1,2,Loyal Customers,"Upsell premium products, increase frequency"
15193,61,1,499.32,19,6.4,0,499.32,1.0,26.28,3,1,2,6,Hibernating,0,1,At Risk,"Send win-back campaigns, offer discounts"
15194,4,28,12427.69,274,2.37,733,443.85,0.0381,45.36,5,5,5,15,Champion,0,0,Champions,"Reward with loyalty perks, ask for reviews"
15195,3,1,3861.0,1,2.75,0,3861.0,1.0,3861.0,5,1,5,11,Loyal,0,2,Loyal Customers,"Upsell premium products, increase frequency"
15196,433,2,316.25,34,2.45,293,158.12,0.0068,9.3,1,2,2,5,Hibernating,1,3,Lost,Minimal spend — low re-engagement ROI
15197,11,6,1877.51,44,2.61,717,312.92,0.0084,42.67,5,4,4,13,Champion,0,2,Loyal Customers,"Upsell premium products, increase frequency"
15198,93,5,571.35,28,3.07,597,114.27,0.0084,20.41,3,4,2,9,At Risk,1,2,Loyal Customers,"Upsell premium products, increase frequency"
15199,60,10,3122.4,17,4.29,516,312.24,0.0193,183.67,3,5,5,13,Champion,0,2,Loyal Customers,"Upsell premium products, increase frequency"
15200,495,1,549.05,30,3.8,0,549.05,1.0,18.3,1,1,2,4,Hibernating,1,3,Lost,Minimal spend — low re-engagement ROI
15201,88,7,1842.95,44,1.74,524,263.28,0.0133,41.89,3,4,4,11,Loyal,0,2,Loyal Customers,"Upsell premium products, increase frequency"
15202,421,3,6001.49,1,2000.5,0,2000.5,3.0,6001.49,1,3,5,9,At Risk,1,2,Loyal Customers,"Upsell premium products, increase frequency"
15203,26,15,4400.18,150,1.36,705,293.35,0.0212,29.33,4,5,5,14,Champion,0,0,Champions,"Reward with loyalty perks, ask for reviews"
15204,358,1,316.58,9,2.4,0,316.58,1.0,35.18,2,1,2,5,Hibernating,1,3,Lost,Minimal spend — low re-engagement ROI
15205,86,2,653.24,37,3.68,42,326.62,0.0465,17.66,3,2,3,8,At Risk,0,1,At Risk,"Send win-back campaigns, offer discounts"
15206,11,4,420.3,3,2.68,265,105.08,0.015,140.1,5,3,2,10,Loyal,0,1,At Risk,"Send win-back campaigns, offer discounts"
15207,417,3,683.92,19,1.64,130,227.97,0.0229,36.0,1,3,3,7,At Risk,1,3,Lost,Minimal spend — low re-engagement ROI
15208,2,6,970.52,27,4.77,422,161.75,0.0142,35.95,5,4,3,12,Loyal,0,2,Loyal Customers,"Upsell premium products, increase frequency"
15209,731,1,178.98,13,3.48,0,178.98,1.0,13.77,1,1,1,3,Lost,1,3,Lost,Minimal spend — low re-engagement ROI
15210,226,3,1176.19,66,4.74,350,392.06,0.0085,17.82,2,3,3,8,At Risk,1,2,Loyal Customers,"Upsell premium products, increase frequency"
15211,61,2,1277.48,52,5.39,304,638.74,0.0066,24.57,3,2,4,9,At Risk,0,2,Loyal Customers,"Upsell premium products, increase frequency"
15212,242,2,208.28,7,3.41,135,104.14,0.0147,29.75,2,2,1,5,Hibernating,1,1,At Risk,"Send win-back campaigns, offer discounts"
15213,319,2,328.35,22,1.55,11,164.18,0.1667,14.92,2,2,2,6,Hibernating,1,3,Lost,Minimal spend — low re-engagement ROI
15214,2,8,1661.44,109,2.42,241,207.68,0.0331,15.24,5,4,4,13,Champion,0,2,Loyal Customers,"Upsell premium products, increase frequency"
15215,47,7,2422.43,85,4.79,566,346.06,0.0123,28.5,4,4,4,12,Loyal,0,2,Loyal Customers,"Upsell premium products, increase frequency"
15216,88,2,486.09,24,3.91,531,243.04,0.0038,20.25,3,2,2,7,At Risk,0,1,At Risk,"Send win-back campaigns, offer discounts"
15217,564,1,426.24,28,3.72,0,426.24,1.0,15.22,1,1,2,4,Hibernating,1,3,Lost,Minimal spend — low re-engagement ROI
15218,11,22,11516.57,139,2.97,672,523.48,0.0327,82.85,5,5,5,15,Champion,0,0,Champions,"Reward with loyalty perks, ask for reviews"
15219,177,2,685.45,26,5.05,472,342.72,0.0042,26.36,3,2,3,8,At Risk,1,1,At Risk,"Send win-back campaigns, offer discounts"
15220,52,6,1778.96,110,2.56,229,296.49,0.0261,16.17,4,4,4,12,Loyal,0,2,Loyal Customers,"Upsell premium products, increase frequency"
15221,367,4,2465.45,21,10.35,271,616.36,0.0147,117.4,2,3,4,9,At Risk,1,2,Loyal Customers,"Upsell premium products, increase frequency"
15222,319,11,3550.91,98,1.12,404,322.81,0.0272,36.23,2,5,5,12,Loyal,1,2,Loyal Customers,"Upsell premium products, increase frequency"
15223,226,5,1417.95,26,4.1,509,283.59,0.0098,54.54,2,4,4,10,Loyal,1,2,Loyal Customers,"Upsell premium products, increase frequency"
15224,359,5,871.36,24,2.81,334,174.27,0.0149,36.31,2,4,3,9,At Risk,1,2,Loyal Customers,"Upsell premium products, increase frequency"
15225,235,1,409.4,23,3.45,0,409.4,1.0,17.8,2,1,2,5,Hibernating,1,1,At Risk,"Send win-back campaigns, offer discounts"
15226,311,1,154.41,8,3.84,0,154.41,1.0,19.3,2,1,1,4,Hibernating,1,3,Lost,Minimal spend — low re-engagement ROI
15227,37,9,2488.49,86,4.45,597,276.5,0.0151,28.94,4,5,4,13,Champion,0,2,Loyal Customers,"Upsell premium products, increase frequency"
15228,67,6,5580.27,184,3.21,433,930.04,0.0138,30.33,3,4,5,12,Loyal,0,2,Loyal Customers,"Upsell premium products, increase frequency"
15229,587,1,160.5,9,1.61,0,160.5,1.0,17.83,1,1,1,3,Lost,1,3,Lost,Minimal spend — low re-engagement ROI
15230,240,2,429.6,23,1.78,1,214.8,1.0,18.68,2,2,2,6,Hibernating,1,1,At Risk,"Send win-back campaigns, offer discounts"
15231,622,1,250.26,14,1.86,0,250.26,1.0,17.88,1,1,1,3,Lost,1,3,Lost,Minimal spend — low re-engagement ROI
15232,114,2,612.06,26,1.03,27,306.03,0.0714,23.54,3,2,2,7,At Risk,1,1,At Risk,"Send win-back campaigns, offer discounts"
15233,402,1,59.4,1,4.95,0,59.4,1.0,59.4,2,1,1,4,Hibernating,1,3,Lost,Minimal spend — low re-engagement ROI
15234,277,1,197.0,14,1.68,0,197.0,1.0,14.07,2,1,1,4,Hibernating,1,1,At Risk,"Send win-back campaigns, offer discounts"
15235,218,16,2937.81,161,2.96,170,183.61,0.0936,18.25,2,5,4,11,Loyal,1,0,Champions,"Reward with loyalty perks, ask for reviews"
15236,299,1,321.05,15,1.64,0,321.05,1.0,21.4,2,1,2,5,Hibernating,1,1,At Risk,"Send win-back campaigns, offer discounts"
15237,2,4,1412.32,94,2.52,225,353.08,0.0177,15.02,5,3,4,12,Loyal,0,2,Loyal Customers,"Upsell premium products, increase frequency"
15238,30,3,1071.99,49,4.81,154,357.33,0.0194,21.88,4,3,3,10,Loyal,0,2,Loyal Customers,"Upsell premium products, increase frequency"
15239,11,2,780.59,48,1.97,68,390.3,0.029,16.26,5,2,3,10,Loyal,0,1,At Risk,"Send win-back campaigns, offer discounts"
15240,45,12,4459.98,134,2.76,689,371.66,0.0174,33.28,4,5,5,14,Champion,0,0,Champions,"Reward with loyalty perks, ask for reviews"
15241,67,11,3050.16,120,1.67,587,277.29,0.0187,25.42,3,5,5,13,Champion,0,0,Champions,"Reward with loyalty perks, ask for reviews"
15242,423,1,302.04,4,2.16,0,302.04,1.0,75.51,1,1,2,4,Hibernating,1,3,Lost,Minimal spend — low re-engagement ROI
15243,75,2,927.28,56,3.12,360,463.64,0.0055,16.56,3,2,3,8,At Risk,0,1,At Risk,"Send win-back campaigns, offer discounts"
15244,66,3,912.08,44,4.11,600,304.03,0.005,20.73,3,3,3,9,At Risk,0,2,Loyal Customers,"Upsell premium products, increase frequency"
15245,135,8,4610.84,72,1.86,461,576.36,0.0173,64.04,3,4,5,12,Loyal,1,2,Loyal Customers,"Upsell premium products, increase frequency"
15246,239,3,780.4,45,3.0,317,260.13,0.0094,17.34,2,3,3,8,At Risk,1,1,At Risk,"Send win-back campaigns, offer discounts"
15247,123,3,976.06,13,2.45,414,325.35,0.0072,75.08,3,3,3,9,At Risk,1,2,Loyal Customers,"Upsell premium products, increase frequency"
15248,412,3,1893.93,103,3.09,122,631.31,0.0244,18.39,1,3,4,8,At Risk,1,3,Lost,Minimal spend — low re-engagement ROI
15249,32,18,9266.0,304,3.02,591,514.78,0.0304,30.48,4,5,5,14,Champion,0,0,Champions,"Reward with loyalty perks, ask for reviews"
15250,641,1,60.0,3,1.25,0,60.0,1.0,20.0,1,1,1,3,Lost,1,3,Lost,Minimal spend — low re-engagement ROI
15251,10,21,20324.54,183,4.01,670,967.84,0.0313,111.06,5,5,5,15,Champion,0,0,Champions,"Reward with loyalty perks, ask for reviews"
15252,37,5,2103.41,106,2.54,575,420.68,0.0087,19.84,4,4,4,12,Loyal,0,2,Loyal Customers,"Upsell premium products, increase frequency"
15253,17,8,2055.09,102,2.16,570,256.89,0.014,20.15,5,4,4,13,Champion,0,2,Loyal Customers,"Upsell premium products, increase frequency"
15254,128,3,1088.35,64,3.25,433,362.78,0.0069,17.01,3,3,3,9,At Risk,1,2,Loyal Customers,"Upsell premium products, increase frequency"
15255,67,9,3729.42,137,2.89,670,414.38,0.0134,27.22,3,5,5,13,Champion,0,2,Loyal Customers,"Upsell premium products, increase frequency"
15256,149,2,170.4,6,1.89,413,85.2,0.0048,28.4,3,2,1,6,Hibernating,1,1,At Risk,"Send win-back campaigns, offer discounts"
15257,284,2,685.9,11,31.38,130,342.95,0.0153,62.35,2,2,3,7,At Risk,1,1,At Risk,"Send win-back campaigns, offer discounts"
15258,169,2,623.16,32,5.64,48,311.58,0.0408,19.47,3,2,3,8,At Risk,1,1,At Risk,"Send win-back campaigns, offer discounts"
15259,513,4,1182.38,50,8.16,169,295.6,0.0235,23.65,1,3,3,7,At Risk,1,3,Lost,Minimal spend — low re-engagement ROI
15260,101,25,9188.23,186,3.32,633,367.53,0.0394,49.4,3,5,5,13,Champion,1,0,Champions,"Reward with loyalty perks, ask for reviews"
15261,136,4,1508.0,87,3.55,299,377.0,0.0133,17.33,3,3,4,10,Loyal,1,2,Loyal Customers,"Upsell premium products, increase frequency"
15262,324,3,418.82,22,2.83,164,139.61,0.0182,19.04,2,3,2,7,At Risk,1,3,Lost,Minimal spend — low re-engagement ROI
15263,107,1,156.51,12,2.96,0,156.51,1.0,13.04,3,1,1,5,Hibernating,1,1,At Risk,"Send win-back campaigns, offer discounts"
15264,65,2,848.4,52,3.24,466,424.2,0.0043,16.32,3,2,3,8,At Risk,0,1,At Risk,"Send win-back campaigns, offer discounts"
15265,152,4,3345.64,179,3.61,586,836.41,0.0068,18.69,3,3,5,11,Loyal,1,2,Loyal Customers,"Upsell premium products, increase frequency"
15266,339,5,852.21,38,5.8,363,170.44,0.0137,22.43,2,4,3,9,At Risk,1,2,Loyal Customers,"Upsell premium products, increase frequency"
15267,23,5,1717.36,8,1.84,160,343.47,0.0311,214.67,4,4,4,12,Loyal,0,2,Loyal Customers,"Upsell premium products, increase frequency"
15268,479,3,961.9,21,3.86,126,320.63,0.0236,45.8,1,3,3,7,At Risk,1,3,Lost,Minimal spend — low re-engagement ROI
15269,24,3,1225.36,33,7.17,366,408.45,0.0082,37.13,4,3,3,10,Loyal,0,2,Loyal Customers,"Upsell premium products, increase frequency"
15270,16,21,8524.86,66,5.54,706,405.95,0.0297,129.16,5,5,5,15,Champion,0,0,Champions,"Reward with loyalty perks, ask for reviews"
15271,8,24,4709.54,369,2.6,483,196.23,0.0496,12.76,5,5,5,15,Champion,0,0,Champions,"Reward with loyalty perks, ask for reviews"
15272,58,6,2085.48,257,4.22,605,347.58,0.0099,8.11,4,4,4,12,Loyal,0,2,Loyal Customers,"Upsell premium products, increase frequency"
15273,600,1,228.96,1,1.06,0,228.96,1.0,228.96,1,1,1,3,Lost,1,3,Lost,Minimal spend — low re-engagement ROI
15274,5,2,716.57,44,2.06,14,358.28,0.1333,16.29,5,2,3,10,Loyal,0,1,At Risk,"Send win-back campaigns, offer discounts"
15275,38,1,615.14,41,3.26,0,615.14,1.0,15.0,4,1,2,7,At Risk,0,1,At Risk,"Send win-back campaigns, offer discounts"
15276,67,4,649.53,160,2.46,368,162.38,0.0108,4.06,3,3,3,9,At Risk,0,2,Loyal Customers,"Upsell premium products, increase frequency"
15277,47,2,476.34,23,1.99,378,238.17,0.0053,20.71,4,2,2,8,At Risk,0,1,At Risk,"Send win-back campaigns, offer discounts"
15278,562,4,496.16,29,1.26,103,124.04,0.0385,17.11,1,3,2,6,Hibernating,1,3,Lost,Minimal spend — low re-engagement ROI
15279,355,5,1580.54,74,3.89,321,316.11,0.0155,21.36,2,4,4,10,Loyal,1,2,Loyal Customers,"Upsell premium products, increase frequency"
15280,173,3,406.22,48,1.67,399,135.41,0.0075,8.46,3,3,2,8,At Risk,1,1,At Risk,"Send win-back campaigns, offer discounts"
15281,59,16,8543.57,427,3.49,368,533.97,0.0434,20.01,4,5,5,14,Champion,0,0,Champions,"Reward with loyalty perks, ask for reviews"
15282,571,1,348.59,27,1.31,0,348.59,1.0,12.91,1,1,2,4,Hibernating,1,3,Lost,Minimal spend — low re-engagement ROI
15283,391,3,148.33,9,6.45,127,49.44,0.0234,16.48,2,3,1,6,Hibernating,1,3,Lost,Minimal spend — low re-engagement ROI
15284,501,1,24.75,1,4.95,0,24.75,1.0,24.75,1,1,1,3,Lost,1,3,Lost,Minimal spend — low re-engagement ROI
15285,408,1,94.92,6,0.95,0,94.92,1.0,15.82,2,1,1,4,Hibernating,1,3,Lost,Minimal spend — low re-engagement ROI
15286,50,1,240.55,3,4.45,0,240.55,1.0,80.18,4,1,1,6,Hibernating,0,1,At Risk,"Send win-back campaigns, offer discounts"
15287,23,5,856.03,23,2.24,715,171.21,0.007,37.22,4,4,3,11,Loyal,0,2,Loyal Customers,"Upsell premium products, increase frequency"
15288,44,10,3883.13,128,3.17,622,388.31,0.0161,30.34,4,5,5,14,Champion,0,0,Champions,"Reward with loyalty perks, ask for reviews"
15289,30,5,1593.09,67,1.39,592,318.62,0.0084,23.78,4,4,4,12,Loyal,0,2,Loyal Customers,"Upsell premium products, increase frequency"
15290,5,26,10496.28,106,2.79,649,403.7,0.04,99.02,5,5,5,15,Champion,0,0,Champions,"Reward with loyalty perks, ask for reviews"
15291,26,40,13846.56,116,5.3,710,346.16,0.0563,119.37,4,5,5,14,Champion,0,0,Champions,"Reward with loyalty perks, ask for reviews"
15292,202,1,180.94,24,4.63,0,180.94,1.0,7.54,2,1,1,4,Hibernating,1,1,At Risk,"Send win-back campaigns, offer discounts"
15293,666,1,247.5,19,1.53,0,247.5,1.0,13.03,1,1,1,3,Lost,1,3,Lost,Minimal spend — low re-engagement ROI
15294,411,1,233.35,15,3.58,0,233.35,1.0,15.56,2,1,1,4,Hibernating,1,3,Lost,Minimal spend — low re-engagement ROI
15295,655,1,217.24,50,1.98,0,217.24,1.0,4.34,1,1,1,3,Lost,1,3,Lost,Minimal spend — low re-engagement ROI
15296,51,12,10342.83,342,3.23,636,861.9,0.0188,30.24,4,5,5,14,Champion,0,0,Champions,"Reward with loyalty perks, ask for reviews"
15297,11,3,641.94,30,2.73,53,213.98,0.0556,21.4,5,3,3,11,Loyal,0,1,At Risk,"Send win-back campaigns, offer discounts"
15298,3,23,9459.37,199,2.28,729,411.28,0.0315,47.53,5,5,5,15,Champion,0,0,Champions,"Reward with loyalty perks, ask for reviews"
15299,68,10,7991.54,9,49.35,629,799.15,0.0159,887.95,3,5,5,13,Champion,0,0,Champions,"Reward with loyalty perks, ask for reviews"
15300,65,1,496.44,28,2.86,0,496.44,1.0,17.73,3,1,2,6,Hibernating,0,1,At Risk,"Send win-back campaigns, offer discounts"
15301,51,17,7603.44,231,3.01,399,447.26,0.0425,32.92,4,5,5,14,Champion,0,0,Champions,"Reward with loyalty perks, ask for reviews"
15302,731,1,308.0,15,4.97,0,308.0,1.0,20.53,1,1,2,4,Hibernating,1,3,Lost,Minimal spend — low re-engagement ROI
15303,291,3,1224.18,63,4.6,393,408.06,0.0076,19.43,2,3,3,8,At Risk,1,2,Loyal Customers,"Upsell premium products, increase frequency"
15304,61,9,919.55,8,7.55,360,102.17,0.0249,114.94,3,5,3,11,Loyal,0,2,Loyal Customers,"Upsell premium products, increase frequency"
15305,556,1,93.6,5,3.43,0,93.6,1.0,18.72,1,1,1,3,Lost,1,3,Lost,Minimal spend — low re-engagement ROI
15306,65,9,3484.73,123,2.66,594,387.19,0.0151,28.33,3,5,5,13,Champion,0,2,Loyal Customers,"Upsell premium products, increase frequency"
15307,96,1,205.3,12,6.75,0,205.3,1.0,17.11,3,1,1,5,Hibernating,1,1,At Risk,"Send win-back campaigns, offer discounts"
15308,275,1,310.47,19,4.03,0,310.47,1.0,16.34,2,1,2,5,Hibernating,1,1,At Risk,"Send win-back campaigns, offer discounts"
15309,611,4,797.96,49,3.15,124,199.49,0.032,16.28,1,3,3,7,At Risk,1,3,Lost,Minimal spend — low re-engagement ROI
15310,479,1,1634.64,45,1.61,0,1634.64,1.0,36.33,1,1,4,6,Hibernating,1,3,Lost,Minimal spend — low re-engagement ROI
15311,1,208,116771.16,864,2.68,738,561.4,0.2815,135.15,5,5,5,15,Champion,0,0,Champions,"Reward with loyalty perks, ask for reviews"
15312,76,12,2930.19,118,2.76,648,244.18,0.0185,24.83,3,5,4,12,Loyal,0,0,Champions,"Reward with loyalty perks, ask for reviews"
15313,111,1,52.0,1,2.08,0,52.0,1.0,52.0,3,1,1,5,Hibernating,1,1,At Risk,"Send win-back campaigns, offer discounts"
15314,200,3,820.45,49,1.74,228,273.48,0.0131,16.74,2,3,3,8,At Risk,1,2,Loyal Customers,"Upsell premium products, increase frequency"
15315,65,2,570.5,35,0.88,51,285.25,0.0385,16.3,3,2,2,7,At Risk,0,1,At Risk,"Send win-back campaigns, offer discounts"
15316,327,1,165.0,1,1.65,0,165.0,1.0,165.0,2,1,1,4,Hibernating,1,3,Lost,Minimal spend — low re-engagement ROI
15317,678,1,129.75,5,3.35,0,129.75,1.0,25.95,1,1,1,3,Lost,1,3,Lost,Minimal spend — low re-engagement ROI
15318,4,1,312.62,33,0.59,0,312.62,1.0,9.47,5,1,2,8,At Risk,0,1,At Risk,"Send win-back campaigns, offer discounts"
15319,284,1,204.5,16,3.24,0,204.5,1.0,12.78,2,1,1,4,Hibernating,1,1,At Risk,"Send win-back campaigns, offer discounts"
15320,45,1,267.13,36,3.06,0,267.13,1.0,7.42,4,1,1,6,Hibernating,0,1,At Risk,"Send win-back campaigns, offer discounts"
15321,71,12,6709.73,242,2.85,603,559.14,0.0199,27.73,3,5,5,13,Champion,0,0,Champions,"Reward with loyalty perks, ask for reviews"
15322,86,2,1390.86,76,3.71,390,695.43,0.0051,18.3,3,2,4,9,At Risk,0,2,Loyal Customers,"Upsell premium products, increase frequency"
15323,563,3,434.6,29,4.0,99,144.87,0.03,14.99,1,3,2,6,Hibernating,1,3,Lost,Minimal spend — low re-engagement ROI
15324,702,1,140.22,8,2.31,0,140.22,1.0,17.53,1,1,1,3,Lost,1,3,Lost,Minimal spend — low re-engagement ROI
15325,104,8,1602.01,164,2.04,557,200.25,0.0143,9.77,3,4,4,11,Loyal,1,2,Loyal Customers,"Upsell premium products, increase frequency"
15326,334,5,1700.52,94,2.59,404,340.1,0.0123,18.09,2,4,4,10,Loyal,1,2,Loyal Customers,"Upsell premium products, increase frequency"
15327,53,1,208.75,10,4.4,0,208.75,1.0,20.88,4,1,1,6,Hibernating,0,1,At Risk,"Send win-back campaigns, offer discounts"
15328,408,1,107.24,8,2.46,0,107.24,1.0,13.4,2,1,1,4,Hibernating,1,3,Lost,Minimal spend — low re-engagement ROI
15329,40,11,2984.33,98,4.32,686,271.3,0.016,30.45,4,5,5,14,Champion,0,0,Champions,"Reward with loyalty perks, ask for reviews"
15330,33,2,714.96,10,0.56,28,357.48,0.069,71.5,4,2,3,9,At Risk,0,1,At Risk,"Send win-back campaigns, offer discounts"
15331,500,3,767.91,41,1.79,109,255.97,0.0273,18.73,1,3,3,7,At Risk,1,3,Lost,Minimal spend — low re-engagement ROI
15332,367,6,6553.74,113,2.62,147,1092.29,0.0405,58.0,2,4,5,11,Loyal,1,2,Loyal Customers,"Upsell premium products, increase frequency"
15333,209,1,1028.56,16,2.96,0,1028.56,1.0,64.28,2,1,3,6,Hibernating,1,1,At Risk,"Send win-back campaigns, offer discounts"
15334,157,3,351.67,67,1.5,16,117.22,0.1765,5.25,3,3,2,8,At Risk,1,1,At Risk,"Send win-back campaigns, offer discounts"
15335,54,1,173.97,34,2.82,0,173.97,1.0,5.12,4,1,1,6,Hibernating,0,1,At Risk,"Send win-back campaigns, offer discounts"
15336,402,1,240.5,15,4.96,0,240.5,1.0,16.03,2,1,1,4,Hibernating,1,3,Lost,Minimal spend — low re-engagement ROI
15337,412,1,373.02,21,3.76,0,373.02,1.0,17.76,1,1,2,4,Hibernating,1,3,Lost,Minimal spend — low re-engagement ROI
15338,678,1,283.43,56,2.48,0,283.43,1.0,5.06,1,1,1,3,Lost,1,3,Lost,Minimal spend — low re-engagement ROI
15339,67,7,1827.84,162,2.67,602,261.12,0.0116,11.28,3,4,4,11,Loyal,0,2,Loyal Customers,"Upsell premium products, increase frequency"
15340,562,1,105.5,7,1.59,0,105.5,1.0,15.07,1,1,1,3,Lost,1,3,Lost,Minimal spend — low re-engagement ROI
15341,81,2,2402.72,22,2.67,368,1201.36,0.0054,109.21,3,2,4,9,At Risk,0,2,Loyal Customers,"Upsell premium products, increase frequency"
15342,130,1,406.09,24,2.37,0,406.09,1.0,16.92,3,1,2,6,Hibernating,1,1,At Risk,"Send win-back campaigns, offer discounts"
15343,88,1,364.5,21,6.39,0,364.5,1.0,17.36,3,1,2,6,Hibernating,0,1,At Risk,"Send win-back campaigns, offer discounts"
15344,1,3,563.94,21,7.56,73,187.98,0.0405,26.85,5,3,2,10,Loyal,0,1,At Risk,"Send win-back campaigns, offer discounts"
15345,46,1,393.54,20,7.73,0,393.54,1.0,19.68,4,1,2,7,At Risk,0,1,At Risk,"Send win-back campaigns, offer discounts"
15346,333,3,596.12,36,3.28,98,198.71,0.0303,16.56,2,3,2,7,At Risk,1,3,Lost,Minimal spend — low re-engagement ROI
15347,367,4,1363.6,29,2.81,71,340.9,0.0556,47.02,2,3,4,9,At Risk,1,2,Loyal Customers,"Upsell premium products, increase frequency"
15348,73,1,158.04,9,2.11,0,158.04,1.0,17.56,3,1,1,5,Hibernating,0,1,At Risk,"Send win-back campaigns, offer discounts"
15349,159,2,473.81,65,2.94,29,236.9,0.0667,7.29,3,2,2,7,At Risk,1,1,At Risk,"Send win-back campaigns, offer discounts"
15350,374,2,663.25,26,2.47,9,331.62,0.2,25.51,2,2,3,7,At Risk,1,3,Lost,Minimal spend — low re-engagement ROI
15351,13,10,3738.29,201,2.89,420,373.83,0.0238,18.6,5,5,5,15,Champion,0,0,Champions,"Reward with loyalty perks, ask for reviews"
15352,549,1,114.95,34,2.78,0,114.95,1.0,3.38,1,1,1,3,Lost,1,3,Lost,Minimal spend — low re-engagement ROI
15353,255,7,3175.95,274,3.01,483,453.71,0.0145,11.59,2,4,5,11,Loyal,1,2,Loyal Customers,"Upsell premium products, increase frequency"
15354,604,3,284.4,1,94.8,0,94.8,3.0,284.4,1,3,1,5,Hibernating,1,3,Lost,Minimal spend — low re-engagement ROI
15355,30,2,277.05,9,6.11,23,138.52,0.0833,30.78,4,2,1,7,At Risk,0,1,At Risk,"Send win-back campaigns, offer discounts"
15356,32,13,3464.95,290,2.05,390,266.53,0.0332,11.95,4,5,5,14,Champion,0,0,Champions,"Reward with loyalty perks, ask for reviews"
15358,5,42,17050.41,359,1.95,727,405.96,0.0577,47.49,5,5,5,15,Champion,0,0,Champions,"Reward with loyalty perks, ask for reviews"
15359,663,8,181.35,10,1.29,30,22.67,0.2581,18.13,1,4,1,6,Hibernating,1,3,Lost,Minimal spend — low re-engagement ROI
15360,40,1,427.93,13,2.35,0,427.93,1.0,32.92,4,1,2,7,At Risk,0,1,At Risk,"Send win-back campaigns, offer discounts"
15361,362,4,689.07,10,10.03,181,172.27,0.022,68.91,2,3,3,8,At Risk,1,3,Lost,Minimal spend — low re-engagement ROI
15362,449,2,613.08,38,3.61,290,306.54,0.0069,16.13,1,2,2,5,Hibernating,1,3,Lost,Minimal spend — low re-engagement ROI
15363,373,2,1004.11,32,2.74,120,502.06,0.0165,31.38,2,2,3,7,At Risk,1,3,Lost,Minimal spend — low re-engagement ROI
15364,96,2,913.19,29,1.98,158,456.6,0.0126,31.49,3,2,3,8,At Risk,1,1,At Risk,"Send win-back campaigns, offer discounts"
15365,26,13,4557.13,126,3.26,647,350.55,0.0201,36.17,4,5,5,14,Champion,0,0,Champions,"Reward with loyalty perks, ask for reviews"
15366,76,7,2389.08,86,1.97,576,341.3,0.0121,27.78,3,4,4,11,Loyal,0,2,Loyal Customers,"Upsell premium products, increase frequency"
15367,58,11,5081.33,214,2.83,671,461.94,0.0164,23.74,4,5,5,14,Champion,0,0,Champions,"Reward with loyalty perks, ask for reviews"
15368,22,2,722.74,8,4.99,372,361.37,0.0054,90.34,4,2,3,9,At Risk,0,1,At Risk,"Send win-back campaigns, offer discounts"
15369,493,11,6251.26,44,1.96,239,568.3,0.0458,142.07,1,5,5,11,Loyal,1,0,Champions,"Reward with loyalty perks, ask for reviews"
15370,41,8,3739.01,90,3.61,369,467.38,0.0216,41.54,4,4,5,13,Champion,0,2,Loyal Customers,"Upsell premium products, increase frequency"
15371,663,1,59.4,1,4.95,0,59.4,1.0,59.4,1,1,1,3,Lost,1,3,Lost,Minimal spend — low re-engagement ROI
15372,138,8,6017.06,45,1.87,526,752.13,0.0152,133.71,3,4,5,12,Loyal,1,0,Champions,"Reward with loyalty perks, ask for reviews"
15373,9,17,3421.39,107,5.21,578,201.26,0.0294,31.98,5,5,5,15,Champion,0,0,Champions,"Reward with loyalty perks, ask for reviews"
15374,129,2,307.32,8,1.84,495,153.66,0.004,38.42,3,2,2,7,At Risk,1,1,At Risk,"Send win-back campaigns, offer discounts"
15375,691,1,60.96,6,1.15,0,60.96,1.0,10.16,1,1,1,3,Lost,1,3,Lost,Minimal spend — low re-engagement ROI
15376,41,3,1233.36,100,2.9,182,411.12,0.0164,12.33,4,3,3,10,Loyal,0,2,Loyal Customers,"Upsell premium products, increase frequency"
15377,383,4,1211.75,15,4.91,32,302.94,0.1212,80.78,2,3,3,8,At Risk,1,3,Lost,Minimal spend — low re-engagement ROI
15378,463,2,246.5,8,1.89,39,123.25,0.05,30.81,1,2,1,4,Hibernating,1,3,Lost,Minimal spend — low re-engagement ROI
15379,170,8,4877.84,177,2.62,231,609.73,0.0345,27.56,3,4,5,12,Loyal,1,2,Loyal Customers,"Upsell premium products, increase frequency"
15380,9,11,3479.06,27,5.05,729,316.28,0.0151,128.85,5,5,5,15,Champion,0,0,Champions,"Reward with loyalty perks, ask for reviews"
15381,214,5,1890.57,20,4.71,369,378.11,0.0135,94.53,2,4,4,10,Loyal,1,2,Loyal Customers,"Upsell premium products, increase frequency"
15382,15,12,13733.55,315,2.38,720,1144.46,0.0166,43.6,5,5,5,15,Champion,0,0,Champions,"Reward with loyalty perks, ask for reviews"
15384,170,4,2027.79,83,1.99,422,506.95,0.0095,24.43,3,3,4,10,Loyal,1,2,Loyal Customers,"Upsell premium products, increase frequency"
15385,41,3,942.08,18,2.24,637,314.03,0.0047,52.34,4,3,3,10,Loyal,0,2,Loyal Customers,"Upsell premium products, increase frequency"
15386,187,1,394.14,31,1.39,0,394.14,1.0,12.71,3,1,2,6,Hibernating,1,1,At Risk,"Send win-back campaigns, offer discounts"
15387,493,1,468.65,20,2.17,0,468.65,1.0,23.43,1,1,2,4,Hibernating,1,3,Lost,Minimal spend — low re-engagement ROI
15388,271,1,140.54,10,2.06,0,140.54,1.0,14.05,2,1,1,4,Hibernating,1,1,At Risk,"Send win-back campaigns, offer discounts"
15389,173,5,2733.8,2,0.97,509,546.76,0.0098,1366.9,3,4,4,11,Loyal,1,2,Loyal Customers,"Upsell premium products, increase frequency"
15390,397,2,1216.66,77,1.92,12,608.33,0.1538,15.8,2,2,3,7,At Risk,1,3,Lost,Minimal spend — low re-engagement ROI
15391,585,1,289.87,12,6.49,0,289.87,1.0,24.16,1,1,1,3,Lost,1,3,Lost,Minimal spend — low re-engagement ROI
15392,5,7,2911.62,100,2.59,426,415.95,0.0164,29.12,5,4,4,13,Champion,0,2,Loyal Customers,"Upsell premium products, increase frequency"
15393,17,5,891.34,37,3.35,707,178.27,0.0071,24.09,5,4,3,12,Loyal,0,2,Loyal Customers,"Upsell premium products, increase frequency"
15394,10,11,5286.8,129,3.56,714,480.62,0.0154,40.98,5,5,5,15,Champion,0,0,Champions,"Reward with loyalty perks, ask for reviews"
15395,326,1,107.45,7,6.54,0,107.45,1.0,15.35,2,1,1,4,Hibernating,1,3,Lost,Minimal spend — low re-engagement ROI
15396,113,2,796.38,16,3.57,471,398.19,0.0042,49.77,3,2,3,8,At Risk,1,1,At Risk,"Send win-back campaigns, offer discounts"
15397,290,1,94.0,6,4.93,0,94.0,1.0,15.67,2,1,1,4,Hibernating,1,1,At Risk,"Send win-back campaigns, offer discounts"
15398,17,2,1345.53,60,2.69,62,672.76,0.0317,22.43,5,2,4,11,Loyal,0,2,Loyal Customers,"Upsell premium products, increase frequency"
15399,2,3,815.77,45,1.91,77,271.92,0.0385,18.13,5,3,3,11,Loyal,0,2,Loyal Customers,"Upsell premium products, increase frequency"
15400,93,8,1302.3,16,2.93,468,162.79,0.0171,81.39,3,4,4,11,Loyal,1,2,Loyal Customers,"Upsell premium products, increase frequency"
15401,453,2,216.95,14,4.63,116,108.48,0.0171,15.5,1,2,1,4,Hibernating,1,3,Lost,Minimal spend — low re-engagement ROI
15402,149,6,1830.54,79,3.32,443,305.09,0.0135,23.17,3,4,4,11,Loyal,1,2,Loyal Customers,"Upsell premium products, increase frequency"
15403,492,2,170.88,6,0.42,238,85.44,0.0084,28.48,1,2,1,4,Hibernating,1,3,Lost,Minimal spend — low re-engagement ROI
15404,376,1,257.06,16,1.72,0,257.06,1.0,16.07,2,1,1,4,Hibernating,1,3,Lost,Minimal spend — low re-engagement ROI
15405,190,2,659.84,29,4.37,386,329.92,0.0052,22.75,3,2,3,8,At Risk,1,1,At Risk,"Send win-back campaigns, offer discounts"
15406,32,4,975.87,108,2.56,422,243.97,0.0095,9.04,4,3,3,10,Loyal,0,2,Loyal Customers,"Upsell premium products, increase frequency"
15407,34,4,1056.44,142,3.9,271,264.11,0.0147,7.44,4,3,3,10,Loyal,0,2,Loyal Customers,"Upsell premium products, increase frequency"
15408,265,1,267.18,34,4.48,0,267.18,1.0,7.86,2,1,1,4,Hibernating,1,1,At Risk,"Send win-back campaigns, offer discounts"
15409,722,1,131.25,9,3.18,0,131.25,1.0,14.58,1,1,1,3,Lost,1,3,Lost,Minimal spend — low re-engagement ROI
15410,85,10,4685.72,80,3.64,515,468.57,0.0194,58.57,3,5,5,13,Champion,0,0,Champions,"Reward with loyalty perks, ask for reviews"
15411,27,4,1358.88,86,4.11,156,339.72,0.0255,15.8,4,3,4,11,Loyal,0,2,Loyal Customers,"Upsell premium products, increase frequency"
15412,172,1,190.53,10,3.47,0,190.53,1.0,19.05,3,1,1,5,Hibernating,1,1,At Risk,"Send win-back campaigns, offer discounts"
15413,692,5,6798.72,20,3.47,47,1359.74,0.1042,339.94,1,4,5,10,Loyal,1,3,Lost,Minimal spend — low re-engagement ROI
15414,10,3,774.9,37,3.21,232,258.3,0.0129,20.94,5,3,3,11,Loyal,0,2,Loyal Customers,"Upsell premium products, increase frequency"
15415,314,1,572.81,46,1.75,0,572.81,1.0,12.45,2,1,2,5,Hibernating,1,3,Lost,Minimal spend — low re-engagement ROI
15416,65,7,4572.82,189,3.24,611,653.26,0.0114,24.19,3,4,5,12,Loyal,0,2,Loyal Customers,"Upsell premium products, increase frequency"
15417,86,1,508.8,28,1.87,0,508.8,1.0,18.17,3,1,2,6,Hibernating,0,1,At Risk,"Send win-back campaigns, offer discounts"
15418,426,2,452.32,64,2.14,161,226.16,0.0123,7.07,1,2,2,5,Hibernating,1,3,Lost,Minimal spend — low re-engagement ROI
15419,25,1,135.86,8,1.31,0,135.86,1.0,16.98,4,1,1,6,Hibernating,0,1,At Risk,"Send win-back campaigns, offer discounts"
15420,435,6,743.0,52,1.4,300,123.83,0.0199,14.29,1,4,3,8,At Risk,1,3,Lost,Minimal spend — low re-engagement ROI
15421,59,10,3805.34,170,2.65,673,380.53,0.0148,22.38,4,5,5,14,Champion,0,0,Champions,"Reward with loyalty perks, ask for reviews"
15422,324,7,1619.97,80,3.61,347,231.42,0.0201,20.25,2,4,4,10,Loyal,1,2,Loyal Customers,"Upsell premium products, increase frequency"
15423,39,3,266.89,13,5.22,583,88.96,0.0051,20.53,4,3,1,8,At Risk,0,1,At Risk,"Send win-back campaigns, offer discounts"
15424,255,3,597.78,33,1.26,208,199.26,0.0144,18.11,2,3,2,7,At Risk,1,1,At Risk,"Send win-back campaigns, offer discounts"
15425,401,4,1944.57,114,3.14,263,486.14,0.0152,17.06,2,3,4,9,At Risk,1,2,Loyal Customers,"Upsell premium products, increase frequency"
15426,20,9,2615.39,327,2.59,567,290.6,0.0158,8.0,5,5,4,14,Champion,0,2,Loyal Customers,"Upsell premium products, increase frequency"
15427,34,3,1483.14,233,2.12,13,494.38,0.2143,6.37,4,3,4,11,Loyal,0,2,Loyal Customers,"Upsell premium products, increase frequency"
15428,16,4,762.75,39,4.75,706,190.69,0.0057,19.56,5,3,3,11,Loyal,0,2,Loyal Customers,"Upsell premium products, increase frequency"
15429,27,2,397.35,77,2.07,48,198.68,0.0408,5.16,4,2,2,8,At Risk,0,1,At Risk,"Send win-back campaigns, offer discounts"
15430,468,2,954.75,36,3.96,60,477.38,0.0328,26.52,1,2,3,6,Hibernating,1,3,Lost,Minimal spend — low re-engagement ROI
15431,503,1,153.24,2,2.02,0,153.24,1.0,76.62,1,1,1,3,Lost,1,3,Lost,Minimal spend — low re-engagement ROI
15432,24,2,320.76,16,4.43,518,160.38,0.0039,20.05,4,2,2,8,At Risk,0,1,At Risk,"Send win-back campaigns, offer discounts"
15433,214,2,533.3,40,1.26,53,266.65,0.037,13.33,2,2,2,6,Hibernating,1,1,At Risk,"Send win-back campaigns, offer discounts"
15434,9,11,2567.06,82,3.24,675,233.37,0.0163,31.31,5,5,4,14,Champion,0,0,Champions,"Reward with loyalty perks, ask for reviews"
15435,23,1,149.29,29,3.74,0,149.29,1.0,5.15,4,1,1,6,Hibernating,0,1,At Risk,"Send win-back campaigns, offer discounts"
15436,13,3,1122.53,243,2.14,221,374.18,0.0135,4.62,5,3,3,11,Loyal,0,2,Loyal Customers,"Upsell premium products, increase frequency"
15437,263,2,393.45,56,2.96,378,196.72,0.0053,7.03,2,2,2,6,Hibernating,1,1,At Risk,"Send win-back campaigns, offer discounts"
15438,132,1,156.58,25,3.54,0,156.58,1.0,6.26,3,1,1,5,Hibernating,1,1,At Risk,"Send win-back campaigns, offer discounts"
15439,405,4,1269.05,49,2.73,248,317.26,0.0161,25.9,2,3,4,9,At Risk,1,3,Lost,Minimal spend — low re-engagement ROI
15440,55,3,383.68,50,2.34,154,127.89,0.0194,7.67,4,3,2,9,At Risk,0,1,At Risk,"Send win-back campaigns, offer discounts"
15441,397,3,1254.21,45,3.52,334,418.07,0.009,27.87,2,3,4,9,At Risk,1,3,Lost,Minimal spend — low re-engagement ROI
15442,249,1,594.0,2,4.95,0,594.0,1.0,297.0,2,1,2,5,Hibernating,1,1,At Risk,"Send win-back campaigns, offer discounts"
15443,2,14,5175.93,408,2.91,640,369.71,0.0218,12.69,5,5,5,15,Champion,0,0,Champions,"Reward with loyalty perks, ask for reviews"
15444,10,2,1418.26,191,2.8,31,709.13,0.0625,7.43,5,2,4,11,Loyal,0,2,Loyal Customers,"Upsell premium products, increase frequency"
15445,265,2,284.5,12,4.93,326,142.25,0.0061,23.71,2,2,1,5,Hibernating,1,1,At Risk,"Send win-back campaigns, offer discounts"
15446,377,3,406.95,90,2.08,349,135.65,0.0086,4.52,2,3,2,7,At Risk,1,3,Lost,Minimal spend — low re-engagement ROI
15447,331,5,492.88,27,3.93,294,98.58,0.0169,18.25,2,4,2,8,At Risk,1,3,Lost,Minimal spend — low re-engagement ROI
15448,313,2,788.81,49,3.08,361,394.4,0.0055,16.1,2,2,3,7,At Risk,1,3,Lost,Minimal spend — low re-engagement ROI
15449,27,3,974.52,47,1.9,235,324.84,0.0127,20.73,4,3,3,10,Loyal,0,2,Loyal Customers,"Upsell premium products, increase frequency"
15450,31,1,429.84,30,2.17,0,429.84,1.0,14.33,4,1,2,7,At Risk,0,1,At Risk,"Send win-back campaigns, offer discounts"
15451,435,2,233.21,56,3.03,164,116.6,0.0121,4.16,1,2,1,4,Hibernating,1,3,Lost,Minimal spend — low re-engagement ROI
15452,30,6,1799.11,158,2.46,481,299.85,0.0124,11.39,4,4,4,12,Loyal,0,2,Loyal Customers,"Upsell premium products, increase frequency"
15453,2,7,1388.37,169,2.55,185,198.34,0.0376,8.22,5,4,4,13,Champion,0,2,Loyal Customers,"Upsell premium products, increase frequency"
15454,363,2,307.69,35,2.88,256,153.84,0.0078,8.79,2,2,2,6,Hibernating,1,3,Lost,Minimal spend — low re-engagement ROI
15455,598,1,38.25,2,12.75,0,38.25,1.0,19.12,1,1,1,3,Lost,1,3,Lost,Minimal spend — low re-engagement ROI
15456,284,10,2119.27,128,2.0,448,211.93,0.0223,16.56,2,5,4,11,Loyal,1,2,Loyal Customers,"Upsell premium products, increase frequency"
15457,263,1,237.07,56,1.88,0,237.07,1.0,4.23,2,1,1,4,Hibernating,1,1,At Risk,"Send win-back campaigns, offer discounts"
15458,26,2,370.44,13,1.33,376,185.22,0.0053,28.5,4,2,2,8,At Risk,0,1,At Risk,"Send win-back campaigns, offer discounts"
15459,418,2,202.83,6,3.4,80,101.42,0.0247,33.8,1,2,1,4,Hibernating,1,3,Lost,Minimal spend — low re-engagement ROI
15460,355,1,216.76,53,2.83,0,216.76,1.0,4.09,2,1,1,4,Hibernating,1,3,Lost,Minimal spend — low re-engagement ROI
15461,461,2,429.7,1,1.9,170,214.85,0.0117,429.7,1,2,2,5,Hibernating,1,3,Lost,Minimal spend — low re-engagement ROI
15462,95,4,737.05,32,2.24,351,184.26,0.0114,23.03,3,3,3,9,At Risk,1,2,Loyal Customers,"Upsell premium products, increase frequency"
15463,30,1,126.14,7,1.86,0,126.14,1.0,18.02,4,1,1,6,Hibernating,0,1,At Risk,"Send win-back campaigns, offer discounts"
15464,339,1,1048.85,155,4.21,0,1048.85,1.0,6.77,2,1,3,6,Hibernating,1,3,Lost,Minimal spend — low re-engagement ROI
15465,20,32,12655.65,94,5.31,710,395.49,0.045,134.63,5,5,5,15,Champion,0,0,Champions,"Reward with loyalty perks, ask for reviews"
15466,86,4,1571.01,211,2.24,651,392.75,0.0061,7.45,3,3,4,10,Loyal,0,2,Loyal Customers,"Upsell premium products, increase frequency"
15467,10,3,524.88,41,2.26,142,174.96,0.021,12.8,5,3,2,10,Loyal,0,1,At Risk,"Send win-back campaigns, offer discounts"
15468,52,3,1430.48,80,3.24,341,476.83,0.0088,17.88,4,3,4,11,Loyal,0,2,Loyal Customers,"Upsell premium products, increase frequency"
15469,51,3,874.25,38,5.26,388,291.42,0.0077,23.01,4,3,3,10,Loyal,0,2,Loyal Customers,"Upsell premium products, increase frequency"
15470,576,1,63.42,4,0.32,0,63.42,1.0,15.86,1,1,1,3,Lost,1,3,Lost,Minimal spend — low re-engagement ROI
15471,3,3,1316.56,122,2.16,548,438.85,0.0055,10.79,5,3,4,12,Loyal,0,2,Loyal Customers,"Upsell premium products, increase frequency"
15472,114,1,371.56,76,2.29,0,371.56,1.0,4.89,3,1,2,6,Hibernating,1,1,At Risk,"Send win-back campaigns, offer discounts"
15473,15,8,2046.0,5,2.66,430,255.75,0.0186,409.2,5,4,4,13,Champion,0,2,Loyal Customers,"Upsell premium products, increase frequency"
15474,596,1,163.1,19,4.38,0,163.1,1.0,8.58,1,1,1,3,Lost,1,3,Lost,Minimal spend — low re-engagement ROI
15475,78,1,454.11,29,1.83,0,454.11,1.0,15.66,3,1,2,6,Hibernating,0,1,At Risk,"Send win-back campaigns, offer discounts"
15476,381,4,2209.98,67,2.85,62,552.5,0.0635,32.98,2,3,4,9,At Risk,1,2,Loyal Customers,"Upsell premium products, increase frequency"
15477,650,1,368.4,2,1.6,0,368.4,1.0,184.2,1,1,2,4,Hibernating,1,3,Lost,Minimal spend — low re-engagement ROI
15478,41,3,2024.98,53,3.28,534,674.99,0.0056,38.21,4,3,4,11,Loyal,0,2,Loyal Customers,"Upsell premium products, increase frequency"
15479,734,1,147.4,9,5.04,0,147.4,1.0,16.38,1,1,1,3,Lost,1,3,Lost,Minimal spend — low re-engagement ROI
15480,117,5,6279.0,199,15.88,559,1255.8,0.0089,31.55,3,4,5,12,Loyal,1,2,Loyal Customers,"Upsell premium products, increase frequency"
15481,402,1,1993.34,38,1.73,0,1993.34,1.0,52.46,2,1,4,7,At Risk,1,3,Lost,Minimal spend — low re-engagement ROI
15482,16,19,14592.56,74,3.69,721,768.03,0.0263,197.2,5,5,5,15,Champion,0,0,Champions,"Reward with loyalty perks, ask for reviews"
15483,162,10,862.2,216,1.57,522,86.22,0.0191,3.99,3,5,3,11,Loyal,1,2,Loyal Customers,"Upsell premium products, increase frequency"
15484,2,6,4656.0,180,2.17,732,776.0,0.0082,25.87,5,4,5,14,Champion,0,2,Loyal Customers,"Upsell premium products, increase frequency"
15485,31,7,5771.51,80,3.74,707,824.5,0.0099,72.14,4,4,5,13,Champion,0,2,Loyal Customers,"Upsell premium products, increase frequency"
15486,528,1,102.0,1,2.55,0,102.0,1.0,102.0,1,1,1,3,Lost,1,3,Lost,Minimal spend — low re-engagement ROI
15487,680,1,231.32,14,2.46,0,231.32,1.0,16.52,1,1,1,3,Lost,1,3,Lost,Minimal spend — low re-engagement ROI
15488,93,5,431.92,10,3.22,490,86.38,0.0102,43.19,3,4,2,9,At Risk,1,2,Loyal Customers,"Upsell premium products, increase frequency"
15489,23,8,2419.61,75,3.33,670,302.45,0.0119,32.26,4,4,4,12,Loyal,0,2,Loyal Customers,"Upsell premium products, increase frequency"
15490,431,1,217.6,22,3.15,0,217.6,1.0,9.89,1,1,1,3,Lost,1,3,Lost,Minimal spend — low re-engagement ROI
15491,96,6,3100.09,108,3.9,140,516.68,0.0426,28.7,3,4,5,12,Loyal,1,2,Loyal Customers,"Upsell premium products, increase frequency"
15492,29,2,659.46,32,2.54,46,329.73,0.0426,20.61,4,2,3,9,At Risk,0,1,At Risk,"Send win-back campaigns, offer discounts"
15493,33,9,4314.98,289,4.31,622,479.44,0.0144,14.93,4,5,5,14,Champion,0,0,Champions,"Reward with loyalty perks, ask for reviews"
15494,22,5,3780.05,307,2.2,707,756.01,0.0071,12.31,4,4,5,13,Champion,0,2,Loyal Customers,"Upsell premium products, increase frequency"
15495,380,1,246.5,20,1.97,0,246.5,1.0,12.32,2,1,1,4,Hibernating,1,3,Lost,Minimal spend — low re-engagement ROI
15496,632,1,146.14,22,2.64,0,146.14,1.0,6.64,1,1,1,3,Lost,1,3,Lost,Minimal spend — low re-engagement ROI
15497,18,9,8657.39,66,3.75,703,961.93,0.0128,131.17,5,5,5,15,Champion,0,0,Champions,"Reward with loyalty perks, ask for reviews"
15498,3,44,26039.58,597,3.08,720,591.81,0.061,43.62,5,5,5,15,Champion,0,0,Champions,"Reward with loyalty perks, ask for reviews"
15499,724,1,161.6,40,2.87,0,161.6,1.0,4.04,1,1,1,3,Lost,1,3,Lost,Minimal spend — low re-engagement ROI
15500,9,4,1131.56,64,4.56,73,282.89,0.0541,17.68,5,3,3,11,Loyal,0,2,Loyal Customers,"Upsell premium products, increase frequency"
15501,405,2,402.5,64,3.18,10,201.25,0.1818,6.29,2,2,2,6,Hibernating,1,3,Lost,Minimal spend — low re-engagement ROI
15502,16,14,13993.47,231,13.33,539,999.53,0.0259,60.58,5,5,5,15,Champion,0,0,Champions,"Reward with loyalty perks, ask for reviews"
15503,363,2,267.15,112,2.04,363,133.57,0.0055,2.39,2,2,1,5,Hibernating,1,3,Lost,Minimal spend — low re-engagement ROI
15504,82,4,423.85,42,3.26,584,105.96,0.0068,10.09,3,3,2,8,At Risk,0,1,At Risk,"Send win-back campaigns, offer discounts"
15505,53,5,3610.96,90,2.35,102,722.19,0.0485,40.12,4,4,5,13,Champion,0,2,Loyal Customers,"Upsell premium products, increase frequency"
15506,23,6,2040.03,180,1.88,454,340.0,0.0132,11.33,4,4,4,12,Loyal,0,2,Loyal Customers,"Upsell premium products, increase frequency"
15507,172,1,492.36,41,4.05,0,492.36,1.0,12.01,3,1,2,6,Hibernating,1,1,At Risk,"Send win-back campaigns, offer discounts"
15508,190,6,1000.27,78,3.39,46,166.71,0.1277,12.82,3,4,3,10,Loyal,1,2,Loyal Customers,"Upsell premium products, increase frequency"
15509,381,1,166.51,26,4.0,0,166.51,1.0,6.4,2,1,1,4,Hibernating,1,3,Lost,Minimal spend — low re-engagement ROI
15510,331,1,250.0,1,125.0,0,250.0,1.0,250.0,2,1,1,4,Hibernating,1,3,Lost,Minimal spend — low re-engagement ROI
15511,12,5,909.23,117,3.99,73,181.85,0.0676,7.77,5,4,3,12,Loyal,0,2,Loyal Customers,"Upsell premium products, increase frequency"
15512,156,4,331.58,29,2.93,520,82.9,0.0077,11.43,3,3,2,8,At Risk,1,1,At Risk,"Send win-back campaigns, offer discounts"
15513,34,35,27750.55,278,4.99,661,792.87,0.0529,99.82,4,5,5,14,Champion,0,0,Champions,"Reward with loyalty perks, ask for reviews"
15514,13,18,6598.55,171,2.14,722,366.59,0.0249,38.59,5,5,5,15,Champion,0,0,Champions,"Reward with loyalty perks, ask for reviews"
15515,388,1,171.81,7,2.87,0,171.81,1.0,24.54,2,1,1,4,Hibernating,1,3,Lost,Minimal spend — low re-engagement ROI
15516,45,3,62.43,15,2.78,1,20.81,1.5,4.16,4,3,1,8,At Risk,0,1,At Risk,"Send win-back campaigns, offer discounts"
15517,234,1,267.03,27,1.81,0,267.03,1.0,9.89,2,1,1,4,Hibernating,1,1,At Risk,"Send win-back campaigns, offer discounts"
15518,65,15,4218.94,250,2.57,655,281.26,0.0229,16.88,3,5,5,13,Champion,0,0,Champions,"Reward with loyalty perks, ask for reviews"
15519,384,2,344.61,34,2.95,63,172.3,0.0312,10.14,2,2,2,6,Hibernating,1,3,Lost,Minimal spend — low re-engagement ROI
15520,2,1,343.5,18,1.72,0,343.5,1.0,19.08,5,1,2,8,At Risk,0,1,At Risk,"Send win-back campaigns, offer discounts"
15521,41,16,7106.69,186,3.33,663,444.17,0.0241,38.21,4,5,5,14,Champion,0,0,Champions,"Reward with loyalty perks, ask for reviews"
15522,33,2,398.84,47,0.95,54,199.42,0.0364,8.49,4,2,2,8,At Risk,0,1,At Risk,"Send win-back campaigns, offer discounts"
15523,85,16,17359.99,65,2.47,653,1085.0,0.0245,267.08,3,5,5,13,Champion,0,0,Champions,"Reward with loyalty perks, ask for reviews"
15524,25,2,591.4,9,21.36,582,295.7,0.0034,65.71,4,2,2,8,At Risk,0,1,At Risk,"Send win-back campaigns, offer discounts"
15525,3,4,1295.7,152,2.71,380,323.92,0.0105,8.52,5,3,4,12,Loyal,0,2,Loyal Customers,"Upsell premium products, increase frequency"
15526,34,2,148.44,4,5.5,0,74.22,2.0,37.11,4,2,1,7,At Risk,0,1,At Risk,"Send win-back campaigns, offer discounts"
15527,19,23,5575.64,226,3.65,705,242.42,0.0326,24.67,5,5,5,15,Champion,0,0,Champions,"Reward with loyalty perks, ask for reviews"
15528,255,1,229.33,26,2.61,0,229.33,1.0,8.82,2,1,1,4,Hibernating,1,1,At Risk,"Send win-back campaigns, offer discounts"
15529,23,12,5111.95,451,1.74,371,426.0,0.0323,11.33,4,5,5,14,Champion,0,0,Champions,"Reward with loyalty perks, ask for reviews"
15530,22,5,1813.72,111,2.61,491,362.74,0.0102,16.34,4,4,4,12,Loyal,0,2,Loyal Customers,"Upsell premium products, increase frequency"
15531,9,2,2007.44,196,3.04,22,1003.72,0.087,10.24,5,2,4,11,Loyal,0,2,Loyal Customers,"Upsell premium products, increase frequency"
15532,26,10,3771.9,417,3.7,523,377.19,0.0191,9.05,4,5,5,14,Champion,0,0,Champions,"Reward with loyalty perks, ask for reviews"
15533,20,3,807.57,73,4.04,69,269.19,0.0429,11.06,5,3,3,11,Loyal,0,2,Loyal Customers,"Upsell premium products, increase frequency"
15534,726,1,162.25,8,3.74,0,162.25,1.0,20.28,1,1,1,3,Lost,1,3,Lost,Minimal spend — low re-engagement ROI
15535,174,6,1087.82,88,4.58,275,181.3,0.0217,12.36,3,4,3,10,Loyal,1,2,Loyal Customers,"Upsell premium products, increase frequency"
15536,410,1,259.09,16,1.49,0,259.09,1.0,16.19,2,1,1,4,Hibernating,1,3,Lost,Minimal spend — low re-engagement ROI
15537,164,1,110.92,24,3.86,0,110.92,1.0,4.62,3,1,1,5,Hibernating,1,1,At Risk,"Send win-back campaigns, offer discounts"
15538,538,6,3358.4,3,7.46,125,559.73,0.0476,1119.47,1,4,5,10,Loyal,1,3,Lost,Minimal spend — low re-engagement ROI
15539,8,1,538.46,41,1.34,0,538.46,1.0,13.13,5,1,2,8,At Risk,0,1,At Risk,"Send win-back campaigns, offer discounts"
15540,12,2,460.68,31,1.55,364,230.34,0.0055,14.86,5,2,2,9,At Risk,0,1,At Risk,"Send win-back campaigns, offer discounts"
15541,115,1,85.13,29,2.09,0,85.13,1.0,2.94,3,1,1,5,Hibernating,1,1,At Risk,"Send win-back campaigns, offer discounts"
15542,513,3,918.45,212,2.62,225,306.15,0.0133,4.33,1,3,3,7,At Risk,1,3,Lost,Minimal spend — low re-engagement ROI
15543,289,2,242.84,50,2.11,171,121.42,0.0116,4.86,2,2,1,5,Hibernating,1,1,At Risk,"Send win-back campaigns, offer discounts"
15544,10,20,8162.43,175,1.58,671,408.12,0.0298,46.64,5,5,5,15,Champion,0,0,Champions,"Reward with loyalty perks, ask for reviews"
15545,55,2,428.05,78,2.77,316,214.02,0.0063,5.49,4,2,2,8,At Risk,0,1,At Risk,"Send win-back campaigns, offer discounts"
15546,607,2,1079.1,6,5.45,0,539.55,2.0,179.85,1,2,3,6,Hibernating,1,3,Lost,Minimal spend — low re-engagement ROI
15547,8,26,10154.39,652,2.71,725,390.55,0.0358,15.57,5,5,5,15,Champion,0,0,Champions,"Reward with loyalty perks, ask for reviews"
15548,596,1,158.09,23,3.25,0,158.09,1.0,6.87,1,1,1,3,Lost,1,3,Lost,Minimal spend — low re-engagement ROI
15549,78,8,2345.96,139,3.47,620,293.24,0.0129,16.88,3,4,4,11,Loyal,0,2,Loyal Customers,"Upsell premium products, increase frequency"
15550,5,12,2218.8,166,2.72,732,184.9,0.0164,13.37,5,5,4,14,Champion,0,0,Champions,"Reward with loyalty perks, ask for reviews"
15551,37,7,1710.08,117,3.1,513,244.3,0.0136,14.62,4,4,4,12,Loyal,0,2,Loyal Customers,"Upsell premium products, increase frequency"
15552,218,2,252.52,29,2.21,405,126.26,0.0049,8.71,2,2,1,5,Hibernating,1,1,At Risk,"Send win-back campaigns, offer discounts"
15553,61,1,437.23,51,2.41,0,437.23,1.0,8.57,3,1,2,6,Hibernating,0,1,At Risk,"Send win-back campaigns, offer discounts"
15554,278,1,217.2,14,4.81,0,217.2,1.0,15.51,2,1,1,4,Hibernating,1,1,At Risk,"Send win-back campaigns, offer discounts"
15555,13,36,12112.35,667,2.0,721,336.45,0.0499,18.16,5,5,5,15,Champion,0,0,Champions,"Reward with loyalty perks, ask for reviews"
15556,25,1,279.77,31,1.79,0,279.77,1.0,9.02,4,1,1,6,Hibernating,0,1,At Risk,"Send win-back campaigns, offer discounts"
15557,29,1,473.65,16,3.56,0,473.65,1.0,29.6,4,1,2,7,At Risk,0,1,At Risk,"Send win-back campaigns, offer discounts"
15558,640,1,214.13,23,4.28,0,214.13,1.0,9.31,1,1,1,3,Lost,1,3,Lost,Minimal spend — low re-engagement ROI
15559,569,1,1109.4,62,3.72,0,1109.4,1.0,17.89,1,1,3,5,Hibernating,1,3,Lost,Minimal spend — low re-engagement ROI
15560,398,2,153.52,10,2.64,0,76.76,2.0,15.35,2,2,1,5,Hibernating,1,3,Lost,Minimal spend — low re-engagement ROI
15561,12,8,1934.39,65,3.11,651,241.8,0.0123,29.76,5,4,4,13,Champion,0,2,Loyal Customers,"Upsell premium products, increase frequency"
15562,352,3,673.38,32,2.18,374,224.46,0.008,21.04,2,3,3,8,At Risk,1,3,Lost,Minimal spend — low re-engagement ROI
15563,23,7,2867.0,179,1.89,658,409.57,0.0106,16.02,4,4,4,12,Loyal,0,2,Loyal Customers,"Upsell premium products, increase frequency"
15564,464,2,70.74,4,2.22,212,35.37,0.0094,17.68,1,2,1,4,Hibernating,1,3,Lost,Minimal spend — low re-engagement ROI
15565,51,2,173.16,8,4.57,20,86.58,0.0952,21.64,4,2,1,7,At Risk,0,1,At Risk,"Send win-back campaigns, offer discounts"
15566,393,2,227.87,9,2.14,331,113.94,0.006,25.32,2,2,1,5,Hibernating,1,3,Lost,Minimal spend — low re-engagement ROI
15567,19,1,186.01,7,3.24,0,186.01,1.0,26.57,5,1,1,7,At Risk,0,1,At Risk,"Send win-back campaigns, offer discounts"
15568,3,3,758.29,27,2.56,70,252.76,0.0423,28.08,5,3,3,11,Loyal,0,2,Loyal Customers,"Upsell premium products, increase frequency"
15569,104,10,3586.35,123,2.41,545,358.64,0.0183,29.16,3,5,5,13,Champion,1,0,Champions,"Reward with loyalty perks, ask for reviews"
15570,8,25,9311.04,442,3.74,614,372.44,0.0407,21.07,5,5,5,15,Champion,0,0,Champions,"Reward with loyalty perks, ask for reviews"
15571,12,14,4051.63,442,2.54,721,289.4,0.0194,9.17,5,5,5,15,Champion,0,0,Champions,"Reward with loyalty perks, ask for reviews"
15572,5,10,4068.67,259,3.55,599,406.87,0.0167,15.71,5,5,5,15,Champion,0,0,Champions,"Reward with loyalty perks, ask for reviews"
15573,32,5,1207.18,181,2.79,697,241.44,0.0072,6.67,4,4,3,11,Loyal,0,2,Loyal Customers,"Upsell premium products, increase frequency"
15574,178,6,1518.7,191,2.3,286,253.12,0.0209,7.95,3,4,4,11,Loyal,1,2,Loyal Customers,"Upsell premium products, increase frequency"
15575,620,1,30.1,3,5.18,0,30.1,1.0,10.03,1,1,1,3,Lost,1,3,Lost,Minimal spend — low re-engagement ROI
15576,38,1,940.67,43,3.58,0,940.67,1.0,21.88,4,1,3,8,At Risk,0,1,At Risk,"Send win-back campaigns, offer discounts"
15577,152,5,397.98,58,3.41,575,79.6,0.0087,6.86,3,4,2,9,At Risk,1,1,At Risk,"Send win-back campaigns, offer discounts"
15578,163,1,127.1,13,2.39,0,127.1,1.0,9.78,3,1,1,5,Hibernating,1,1,At Risk,"Send win-back campaigns, offer discounts"
15579,69,5,1302.5,140,3.42,363,260.5,0.0137,9.3,3,4,4,11,Loyal,0,2,Loyal Customers,"Upsell premium products, increase frequency"
15580,377,8,1381.19,150,2.43,293,172.65,0.0272,9.21,2,4,4,10,Loyal,1,2,Loyal Customers,"Upsell premium products, increase frequency"
15581,121,38,7794.59,542,6.65,616,205.12,0.0616,14.38,3,5,5,13,Champion,1,0,Champions,"Reward with loyalty perks, ask for reviews"
15582,25,3,682.91,39,2.4,195,227.64,0.0153,17.51,4,3,3,10,Loyal,0,1,At Risk,"Send win-back campaigns, offer discounts"
15583,377,1,107.86,37,1.85,0,107.86,1.0,2.92,2,1,1,4,Hibernating,1,3,Lost,Minimal spend — low re-engagement ROI
15584,24,6,1277.5,174,3.18,646,212.92,0.0093,7.34,4,4,4,12,Loyal,0,2,Loyal Customers,"Upsell premium products, increase frequency"
15585,177,1,455.3,31,2.26,0,455.3,1.0,14.69,3,1,2,6,Hibernating,1,1,At Risk,"Send win-back campaigns, offer discounts"
15586,593,3,1139.1,30,1.58,108,379.7,0.0275,37.97,1,3,3,7,At Risk,1,3,Lost,Minimal spend — low re-engagement ROI
15587,51,7,1522.08,3,2.9,441,217.44,0.0158,507.36,4,4,4,12,Loyal,0,2,Loyal Customers,"Upsell premium products, increase frequency"
15588,678,1,579.6,4,6.04,0,579.6,1.0,144.9,1,1,2,4,Hibernating,1,3,Lost,Minimal spend — low re-engagement ROI
15589,256,3,478.53,28,3.69,54,159.51,0.0545,17.09,2,3,2,7,At Risk,1,1,At Risk,"Send win-back campaigns, offer discounts"
15590,383,5,1496.6,75,2.53,224,299.32,0.0222,19.95,2,4,4,10,Loyal,1,2,Loyal Customers,"Upsell premium products, increase frequency"
15591,583,3,217.9,6,4.56,91,72.63,0.0326,36.32,1,3,1,5,Hibernating,1,3,Lost,Minimal spend — low re-engagement ROI
15592,47,1,388.58,24,1.56,0,388.58,1.0,16.19,4,1,2,7,At Risk,0,1,At Risk,"Send win-back campaigns, offer discounts"
15593,71,1,199.8,5,3.33,0,199.8,1.0,39.96,3,1,1,5,Hibernating,0,1,At Risk,"Send win-back campaigns, offer discounts"
15594,16,5,1771.78,85,3.16,218,354.36,0.0228,20.84,5,4,4,13,Champion,0,2,Loyal Customers,"Upsell premium products, increase frequency"
15595,488,1,357.6,4,2.2,0,357.6,1.0,89.4,1,1,2,4,Hibernating,1,3,Lost,Minimal spend — low re-engagement ROI
15596,101,9,3130.04,82,4.04,398,347.78,0.0226,38.17,3,5,5,13,Champion,1,2,Loyal Customers,"Upsell premium products, increase frequency"
15597,36,2,563.37,35,2.27,540,281.68,0.0037,16.1,4,2,2,8,At Risk,0,1,At Risk,"Send win-back campaigns, offer discounts"
15598,54,2,548.02,32,2.19,374,274.01,0.0053,17.13,4,2,2,8,At Risk,0,1,At Risk,"Send win-back campaigns, offer discounts"
15599,27,3,1250.06,77,1.95,419,416.69,0.0071,16.23,4,3,4,11,Loyal,0,2,Loyal Customers,"Upsell premium products, increase frequency"
15600,429,4,1199.31,55,3.56,165,299.83,0.0241,21.81,1,3,3,7,At Risk,1,3,Lost,Minimal spend — low re-engagement ROI
15601,12,30,14960.12,310,2.49,727,498.67,0.0412,48.26,5,5,5,15,Champion,0,0,Champions,"Reward with loyalty perks, ask for reviews"
15602,9,16,3230.51,62,2.55,729,201.91,0.0219,52.1,5,5,5,15,Champion,0,0,Champions,"Reward with loyalty perks, ask for reviews"
15603,79,2,88.48,4,0.88,569,44.24,0.0035,22.12,3,2,1,6,Hibernating,0,1,At Risk,"Send win-back campaigns, offer discounts"
15604,53,1,216.39,17,1.54,0,216.39,1.0,12.73,4,1,1,6,Hibernating,0,1,At Risk,"Send win-back campaigns, offer discounts"
15605,37,9,1936.8,80,4.75,658,215.2,0.0137,24.21,4,5,4,13,Champion,0,2,Loyal Customers,"Upsell premium products, increase frequency"
15606,62,17,5230.99,84,3.9,586,307.71,0.029,62.27,3,5,5,13,Champion,0,0,Champions,"Reward with loyalty perks, ask for reviews"
15607,337,9,1708.97,95,2.34,364,189.89,0.0247,17.99,2,5,4,11,Loyal,1,2,Loyal Customers,"Upsell premium products, increase frequency"
15608,29,5,1785.98,93,2.75,387,357.2,0.0129,19.2,4,4,4,12,Loyal,0,2,Loyal Customers,"Upsell premium products, increase frequency"
15609,185,1,298.48,16,4.45,0,298.48,1.0,18.66,3,1,2,6,Hibernating,1,1,At Risk,"Send win-back campaigns, offer discounts"
15610,52,1,112.46,6,1.87,0,112.46,1.0,18.74,4,1,1,6,Hibernating,0,1,At Risk,"Send win-back campaigns, offer discounts"
15611,10,26,2997.28,43,6.12,673,115.28,0.0386,69.7,5,5,5,15,Champion,0,0,Champions,"Reward with loyalty perks, ask for reviews"
15612,37,2,195.15,4,6.14,25,97.58,0.0769,48.79,4,2,1,7,At Risk,0,1,At Risk,"Send win-back campaigns, offer discounts"
15613,611,1,433.72,27,1.71,0,433.72,1.0,16.06,1,1,2,4,Hibernating,1,3,Lost,Minimal spend — low re-engagement ROI
15614,438,4,3147.36,73,3.4,188,786.84,0.0212,43.11,1,3,5,9,At Risk,1,2,Loyal Customers,"Upsell premium products, increase frequency"
15615,11,47,21373.97,292,2.53,726,454.77,0.0646,73.2,5,5,5,15,Champion,0,0,Champions,"Reward with loyalty perks, ask for reviews"
15616,439,1,317.11,13,7.01,0,317.11,1.0,24.39,1,1,2,4,Hibernating,1,3,Lost,Minimal spend — low re-engagement ROI
15617,397,3,828.55,41,3.21,111,276.18,0.0268,20.21,2,3,3,8,At Risk,1,3,Lost,Minimal spend — low re-engagement ROI
15618,33,4,776.85,39,2.55,103,194.21,0.0385,19.92,4,3,3,10,Loyal,0,2,Loyal Customers,"Upsell premium products, increase frequency"
15619,11,1,336.4,3,4.42,0,336.4,1.0,112.13,5,1,2,8,At Risk,0,1,At Risk,"Send win-back campaigns, offer discounts"
15620,57,4,1942.36,114,3.47,353,485.59,0.0113,17.04,4,3,4,11,Loyal,0,2,Loyal Customers,"Upsell premium products, increase frequency"
15621,5,4,1293.03,11,2.07,17,323.26,0.2222,117.55,5,3,4,12,Loyal,0,2,Loyal Customers,"Upsell premium products, increase frequency"
15622,44,17,7852.61,331,3.62,602,461.92,0.0282,23.72,4,5,5,14,Champion,0,0,Champions,"Reward with loyalty perks, ask for reviews"
15623,142,8,2437.05,91,3.87,588,304.63,0.0136,26.78,3,4,4,11,Loyal,1,2,Loyal Customers,"Upsell premium products, increase frequency"
15624,117,4,588.13,26,3.66,139,147.03,0.0286,22.62,3,3,2,8,At Risk,1,2,Loyal Customers,"Upsell premium products, increase frequency"
15625,104,9,3236.4,106,1.43,438,359.6,0.0205,30.53,3,5,5,13,Champion,1,2,Loyal Customers,"Upsell premium products, increase frequency"
15626,75,3,1067.52,73,1.64,346,355.84,0.0086,14.62,3,3,3,9,At Risk,0,2,Loyal Customers,"Upsell premium products, increase frequency"
15627,458,2,566.9,23,1.64,65,283.45,0.0303,24.65,1,2,2,5,Hibernating,1,3,Lost,Minimal spend — low re-engagement ROI
15628,5,17,5652.26,136,2.47,721,332.49,0.0235,41.56,5,5,5,15,Champion,0,0,Champions,"Reward with loyalty perks, ask for reviews"
15629,451,4,2240.9,39,2.88,82,560.22,0.0482,57.46,1,3,4,8,At Risk,1,3,Lost,Minimal spend — low re-engagement ROI
15630,46,3,1481.4,76,2.68,599,493.8,0.005,19.49,4,3,4,11,Loyal,0,2,Loyal Customers,"Upsell premium products, increase frequency"
15631,643,1,596.67,39,2.24,0,596.67,1.0,15.3,1,1,2,4,Hibernating,1,3,Lost,Minimal spend — low re-engagement ROI
15632,16,8,3285.31,107,2.7,259,410.66,0.0308,30.7,5,4,5,14,Champion,0,2,Loyal Customers,"Upsell premium products, increase frequency"
15633,510,13,4352.46,77,3.37,221,334.8,0.0586,56.53,1,5,5,11,Loyal,1,0,Champions,"Reward with loyalty perks, ask for reviews"
15634,18,2,554.65,34,3.65,366,277.32,0.0054,16.31,5,2,2,9,At Risk,0,1,At Risk,"Send win-back campaigns, offer discounts"
15635,396,1,100.35,2,18.85,0,100.35,1.0,50.18,2,1,1,4,Hibernating,1,3,Lost,Minimal spend — low re-engagement ROI
15636,90,4,1444.58,39,3.62,479,361.14,0.0083,37.04,3,3,4,10,Loyal,1,2,Loyal Customers,"Upsell premium products, increase frequency"
15637,53,5,797.59,37,3.07,671,159.52,0.0074,21.56,4,4,3,11,Loyal,0,2,Loyal Customers,"Upsell premium products, increase frequency"
15638,379,6,2265.2,20,3.38,231,377.53,0.0259,113.26,2,4,4,10,Loyal,1,2,Loyal Customers,"Upsell premium products, increase frequency"
15639,135,3,1065.08,61,3.04,471,355.03,0.0064,17.46,3,3,3,9,At Risk,1,2,Loyal Customers,"Upsell premium products, increase frequency"
15640,5,29,23957.58,303,2.83,720,826.12,0.0402,79.07,5,5,5,15,Champion,0,0,Champions,"Reward with loyalty perks, ask for reviews"
15641,106,12,5345.55,249,1.99,627,445.46,0.0191,21.47,3,5,5,13,Champion,1,0,Champions,"Reward with loyalty perks, ask for reviews"
15642,730,1,105.78,6,0.42,0,105.78,1.0,17.63,1,1,1,3,Lost,1,3,Lost,Minimal spend — low re-engagement ROI
15643,192,3,664.0,31,5.93,90,221.33,0.033,21.42,2,3,3,8,At Risk,1,1,At Risk,"Send win-back campaigns, offer discounts"
15644,167,4,813.0,166,1.78,94,203.25,0.0421,4.9,3,3,3,9,At Risk,1,2,Loyal Customers,"Upsell premium products, increase frequency"
15645,19,3,1055.17,59,3.34,406,351.72,0.0074,17.88,5,3,3,11,Loyal,0,2,Loyal Customers,"Upsell premium products, increase frequency"
15646,158,5,974.61,65,2.14,252,194.92,0.0198,14.99,3,4,3,10,Loyal,1,2,Loyal Customers,"Upsell premium products, increase frequency"
15647,416,1,169.0,11,1.69,0,169.0,1.0,15.36,1,1,1,3,Lost,1,3,Lost,Minimal spend — low re-engagement ROI
15648,205,2,657.35,23,4.58,62,328.68,0.0317,28.58,2,2,3,7,At Risk,1,1,At Risk,"Send win-back campaigns, offer discounts"
15649,337,4,2170.35,8,5.77,50,542.59,0.0784,271.29,2,3,4,9,At Risk,1,2,Loyal Customers,"Upsell premium products, increase frequency"
15650,522,2,553.88,33,4.86,106,276.94,0.0187,16.78,1,2,2,5,Hibernating,1,3,Lost,Minimal spend — low re-engagement ROI
15651,37,5,1259.06,52,2.07,559,251.81,0.0089,24.21,4,4,4,12,Loyal,0,2,Loyal Customers,"Upsell premium products, increase frequency"
15652,92,5,1420.34,93,4.24,393,284.07,0.0127,15.27,3,4,4,11,Loyal,1,2,Loyal Customers,"Upsell premium products, increase frequency"
15653,93,2,877.44,4,0.91,23,438.72,0.0833,219.36,3,2,3,8,At Risk,1,1,At Risk,"Send win-back campaigns, offer discounts"
15654,10,2,922.53,15,3.07,16,461.26,0.1176,61.5,5,2,3,10,Loyal,0,1,At Risk,"Send win-back campaigns, offer discounts"
15655,244,1,560.67,34,3.09,0,560.67,1.0,16.49,2,1,2,5,Hibernating,1,1,At Risk,"Send win-back campaigns, offer discounts"
15656,46,4,748.5,46,4.41,238,187.12,0.0167,16.27,4,3,3,10,Loyal,0,2,Loyal Customers,"Upsell premium products, increase frequency"
15657,23,1,30.0,1,1.25,0,30.0,1.0,30.0,4,1,1,6,Hibernating,0,1,At Risk,"Send win-back campaigns, offer discounts"
15658,191,8,2423.47,79,5.48,546,302.93,0.0146,30.68,2,4,4,10,Loyal,1,2,Loyal Customers,"Upsell premium products, increase frequency"
15659,44,3,532.49,14,5.65,609,177.5,0.0049,38.04,4,3,2,9,At Risk,0,1,At Risk,"Send win-back campaigns, offer discounts"
15660,26,15,2812.99,73,2.3,647,187.53,0.0231,38.53,4,5,4,13,Champion,0,0,Champions,"Reward with loyalty perks, ask for reviews"
15661,318,8,1215.95,27,2.7,261,151.99,0.0305,45.04,2,4,3,9,At Risk,1,2,Loyal Customers,"Upsell premium products, increase frequency"
15662,662,2,283.73,12,3.78,77,141.86,0.0256,23.64,1,2,1,4,Hibernating,1,3,Lost,Minimal spend — low re-engagement ROI
15663,107,1,138.14,9,2.51,0,138.14,1.0,15.35,3,1,1,5,Hibernating,1,1,At Risk,"Send win-back campaigns, offer discounts"
15664,51,4,1254.03,54,2.92,598,313.51,0.0067,23.22,4,3,4,11,Loyal,0,2,Loyal Customers,"Upsell premium products, increase frequency"
15665,169,5,4015.12,163,2.24,466,803.02,0.0107,24.63,3,4,5,12,Loyal,1,2,Loyal Customers,"Upsell premium products, increase frequency"
15666,473,2,632.94,62,2.04,23,316.47,0.0833,10.21,1,2,3,6,Hibernating,1,3,Lost,Minimal spend — low re-engagement ROI
15667,40,1,301.32,13,1.56,0,301.32,1.0,23.18,4,1,2,7,At Risk,0,1,At Risk,"Send win-back campaigns, offer discounts"
15668,218,1,76.32,1,1.06,0,76.32,1.0,76.32,2,1,1,4,Hibernating,1,1,At Risk,"Send win-back campaigns, offer discounts"
15669,41,4,684.34,31,3.21,223,171.08,0.0179,22.08,4,3,3,10,Loyal,0,2,Loyal Customers,"Upsell premium products, increase frequency"
15670,297,2,325.2,19,3.92,259,162.6,0.0077,17.12,2,2,2,6,Hibernating,1,1,At Risk,"Send win-back campaigns, offer discounts"
15671,19,7,2657.13,52,2.42,252,379.59,0.0277,51.1,5,4,4,13,Champion,0,2,Loyal Customers,"Upsell premium products, increase frequency"
15672,726,1,45.3,3,6.88,0,45.3,1.0,15.1,1,1,1,3,Lost,1,3,Lost,Minimal spend — low re-engagement ROI
15673,89,9,6414.79,177,2.82,567,712.75,0.0158,36.24,3,5,5,13,Champion,0,0,Champions,"Reward with loyalty perks, ask for reviews"
15674,74,13,6948.23,262,4.22,657,534.48,0.0198,26.52,3,5,5,13,Champion,0,0,Champions,"Reward with loyalty perks, ask for reviews"
15675,82,4,542.04,32,3.21,322,135.51,0.0124,16.94,3,3,2,8,At Risk,0,2,Loyal Customers,"Upsell premium products, increase frequency"
15676,19,3,3435.76,191,3.2,265,1145.25,0.0113,17.99,5,3,5,13,Champion,0,2,Loyal Customers,"Upsell premium products, increase frequency"
15677,50,3,1305.63,63,3.52,414,435.21,0.0072,20.72,4,3,4,11,Loyal,0,2,Loyal Customers,"Upsell premium products, increase frequency"
15678,53,3,1893.89,77,2.82,469,631.3,0.0064,24.6,4,3,4,11,Loyal,0,2,Loyal Customers,"Upsell premium products, increase frequency"
15679,25,4,781.28,98,1.1,158,195.32,0.0252,7.97,4,3,3,10,Loyal,0,2,Loyal Customers,"Upsell premium products, increase frequency"
15680,10,10,4507.58,155,2.89,728,450.76,0.0137,29.08,5,5,5,15,Champion,0,0,Champions,"Reward with loyalty perks, ask for reviews"
15681,26,14,2989.7,48,2.87,539,213.55,0.0259,62.29,4,5,5,14,Champion,0,0,Champions,"Reward with loyalty perks, ask for reviews"
15682,600,2,318.24,25,2.14,88,159.12,0.0225,12.73,1,2,2,5,Hibernating,1,3,Lost,Minimal spend — low re-engagement ROI
15683,118,2,524.54,25,2.41,356,262.27,0.0056,20.98,3,2,2,7,At Risk,1,1,At Risk,"Send win-back campaigns, offer discounts"
15684,548,3,173.95,9,4.91,188,57.98,0.0159,19.33,1,3,1,5,Hibernating,1,3,Lost,Minimal spend — low re-engagement ROI
15685,451,1,55.98,17,1.76,0,55.98,1.0,3.29,1,1,1,3,Lost,1,3,Lost,Minimal spend — low re-engagement ROI
15686,421,1,90.0,1,1.25,0,90.0,1.0,90.0,1,1,1,3,Lost,1,3,Lost,Minimal spend — low re-engagement ROI
15687,9,9,2993.1,119,4.25,321,332.57,0.028,25.15,5,5,5,15,Champion,0,2,Loyal Customers,"Upsell premium products, increase frequency"
15688,419,1,190.57,26,2.38,0,190.57,1.0,7.33,1,1,1,3,Lost,1,3,Lost,Minimal spend — low re-engagement ROI
15689,120,3,521.03,20,3.57,497,173.68,0.006,26.05,3,3,2,8,At Risk,1,1,At Risk,"Send win-back campaigns, offer discounts"
15690,5,2,239.76,19,0.68,96,119.88,0.0206,12.62,5,2,1,8,At Risk,0,1,At Risk,"Send win-back campaigns, offer discounts"
15691,253,4,571.3,12,3.39,480,142.82,0.0083,47.61,2,3,2,7,At Risk,1,2,Loyal Customers,"Upsell premium products, increase frequency"
15692,29,1,191.04,12,1.9,0,191.04,1.0,15.92,4,1,1,6,Hibernating,0,1,At Risk,"Send win-back campaigns, offer discounts"
15693,660,1,37.5,1,1.25,0,37.5,1.0,37.5,1,1,1,3,Lost,1,3,Lost,Minimal spend — low re-engagement ROI
15694,1,24,10810.81,55,4.61,731,450.45,0.0328,196.56,5,5,5,15,Champion,0,0,Champions,"Reward with loyalty perks, ask for reviews"
15695,267,4,1131.04,55,3.92,414,282.76,0.0096,20.56,2,3,3,8,At Risk,1,2,Loyal Customers,"Upsell premium products, increase frequency"
15696,34,13,3906.57,163,4.68,650,300.51,0.02,23.97,4,5,5,14,Champion,0,0,Champions,"Reward with loyalty perks, ask for reviews"
15697,690,1,246.75,14,3.45,0,246.75,1.0,17.62,1,1,1,3,Lost,1,3,Lost,Minimal spend — low re-engagement ROI
15698,625,1,46.2,2,0.95,0,46.2,1.0,23.1,1,1,1,3,Lost,1,3,Lost,Minimal spend — low re-engagement ROI
15699,18,1,309.65,18,6.18,0,309.65,1.0,17.2,5,1,2,8,At Risk,0,1,At Risk,"Send win-back campaigns, offer discounts"
15700,173,2,696.68,85,2.93,1,348.34,1.0,8.2,3,2,3,8,At Risk,1,1,At Risk,"Send win-back campaigns, offer discounts"
15701,3,4,1542.14,193,2.94,108,385.54,0.0367,7.99,5,3,4,12,Loyal,0,2,Loyal Customers,"Upsell premium products, increase frequency"
15702,477,2,140.39,30,3.42,205,70.19,0.0097,4.68,1,2,1,4,Hibernating,1,3,Lost,Minimal spend — low re-engagement ROI
15703,265,1,211.5,5,2.93,0,211.5,1.0,42.3,2,1,1,4,Hibernating,1,1,At Risk,"Send win-back campaigns, offer discounts"
15704,141,6,3817.96,129,3.22,442,636.33,0.0135,29.6,3,4,5,12,Loyal,1,2,Loyal Customers,"Upsell premium products, increase frequency"
15705,202,1,143.1,6,6.05,0,143.1,1.0,23.85,2,1,1,4,Hibernating,1,1,At Risk,"Send win-back campaigns, offer discounts"
15706,64,4,1060.56,50,5.13,52,265.14,0.0755,21.21,3,3,3,9,At Risk,0,2,Loyal Customers,"Upsell premium products, increase frequency"
15707,36,4,945.58,126,2.28,51,236.4,0.0769,7.5,4,3,3,10,Loyal,0,2,Loyal Customers,"Upsell premium products, increase frequency"
15708,41,9,4378.72,135,4.19,384,486.52,0.0234,32.43,4,5,5,14,Champion,0,0,Champions,"Reward with loyalty perks, ask for reviews"
15709,284,2,327.85,26,4.62,305,163.92,0.0065,12.61,2,2,2,6,Hibernating,1,1,At Risk,"Send win-back campaigns, offer discounts"
15710,418,1,898.87,110,2.46,0,898.87,1.0,8.17,1,1,3,5,Hibernating,1,3,Lost,Minimal spend — low re-engagement ROI
15711,557,2,420.25,25,3.38,128,210.12,0.0155,16.81,1,2,2,5,Hibernating,1,3,Lost,Minimal spend — low re-engagement ROI
15712,10,12,3472.41,86,3.9,729,289.37,0.0164,40.38,5,5,5,15,Champion,0,0,Champions,"Reward with loyalty perks, ask for reviews"
15713,144,4,1010.79,48,4.6,580,252.7,0.0069,21.06,3,3,3,9,At Risk,1,2,Loyal Customers,"Upsell premium products, increase frequency"
15714,12,5,784.81,45,2.9,543,156.96,0.0092,17.44,5,4,3,12,Loyal,0,2,Loyal Customers,"Upsell premium products, increase frequency"
15715,556,5,658.02,33,4.09,63,131.6,0.0781,19.94,1,4,3,8,At Risk,1,3,Lost,Minimal spend — low re-engagement ROI
15716,146,11,3056.81,188,2.68,586,277.89,0.0187,16.26,3,5,5,13,Champion,1,2,Loyal Customers,"Upsell premium products, increase frequency"
15717,235,5,607.0,17,3.39,358,121.4,0.0139,35.71,2,4,2,8,At Risk,1,2,Loyal Customers,"Upsell premium products, increase frequency"
15718,541,1,293.79,18,5.05,0,293.79,1.0,16.32,1,1,2,4,Hibernating,1,3,Lost,Minimal spend — low re-engagement ROI
15719,33,31,10223.06,449,2.42,705,329.78,0.0439,22.77,4,5,5,14,Champion,0,0,Champions,"Reward with loyalty perks, ask for reviews"
15720,25,2,741.92,152,2.73,525,370.96,0.0038,4.88,4,2,3,9,At Risk,0,1,At Risk,"Send win-back campaigns, offer discounts"
15721,12,1,507.08,80,2.06,0,507.08,1.0,6.34,5,1,2,8,At Risk,0,1,At Risk,"Send win-back campaigns, offer discounts"
15722,36,11,5258.1,91,3.64,604,478.01,0.0182,57.78,4,5,5,14,Champion,0,0,Champions,"Reward with loyalty perks, ask for reviews"
15723,365,4,947.65,108,2.73,209,236.91,0.019,8.77,2,3,3,8,At Risk,1,3,Lost,Minimal spend — low re-engagement ROI
15724,202,3,310.85,17,3.13,199,103.62,0.015,18.29,2,3,2,7,At Risk,1,1,At Risk,"Send win-back campaigns, offer discounts"
15725,16,1,415.25,32,2.65,0,415.25,1.0,12.98,5,1,2,8,At Risk,0,1,At Risk,"Send win-back campaigns, offer discounts"
15726,391,1,321.91,23,4.84,0,321.91,1.0,14.0,2,1,2,5,Hibernating,1,3,Lost,Minimal spend — low re-engagement ROI
15727,17,15,9445.51,426,3.57,668,629.7,0.0224,22.17,5,5,5,15,Champion,0,0,Champions,"Reward with loyalty perks, ask for reviews"
15728,380,2,544.6,10,4.13,64,272.3,0.0308,54.46,2,2,2,6,Hibernating,1,3,Lost,Minimal spend — low re-engagement ROI
15729,213,3,192.55,10,4.81,190,64.18,0.0157,19.26,2,3,1,6,Hibernating,1,1,At Risk,"Send win-back campaigns, offer discounts"
15730,66,5,1726.58,102,3.06,365,345.32,0.0137,16.93,3,4,4,11,Loyal,0,2,Loyal Customers,"Upsell premium products, increase frequency"
15731,554,1,125.3,8,1.11,0,125.3,1.0,15.66,1,1,1,3,Lost,1,3,Lost,Minimal spend — low re-engagement ROI
15732,213,10,1682.07,53,2.19,461,168.21,0.0216,31.74,2,5,4,11,Loyal,1,2,Loyal Customers,"Upsell premium products, increase frequency"
15733,283,1,162.3,10,4.35,0,162.3,1.0,16.23,2,1,1,4,Hibernating,1,1,At Risk,"Send win-back campaigns, offer discounts"
15734,115,4,2263.3,36,11.49,432,565.83,0.0092,62.87,3,3,4,10,Loyal,1,2,Loyal Customers,"Upsell premium products, increase frequency"
15735,422,1,327.68,19,3.23,0,327.68,1.0,17.25,1,1,2,4,Hibernating,1,3,Lost,Minimal spend — low re-engagement ROI
15736,436,2,1815.72,95,3.21,0,907.86,2.0,19.11,1,2,4,7,At Risk,1,3,Lost,Minimal spend — low re-engagement ROI
15737,15,8,1205.12,60,3.91,228,150.64,0.0349,20.09,5,4,3,12,Loyal,0,2,Loyal Customers,"Upsell premium products, increase frequency"
15738,19,41,13372.97,70,2.02,710,326.17,0.0577,191.04,5,5,5,15,Champion,0,0,Champions,"Reward with loyalty perks, ask for reviews"
15739,67,1,449.12,8,2.52,0,449.12,1.0,56.14,3,1,2,6,Hibernating,0,1,At Risk,"Send win-back campaigns, offer discounts"
15740,50,1,154.88,9,2.47,0,154.88,1.0,17.21,4,1,1,6,Hibernating,0,1,At Risk,"Send win-back campaigns, offer discounts"
15741,459,2,208.62,11,4.04,160,104.31,0.0124,18.97,1,2,1,4,Hibernating,1,3,Lost,Minimal spend — low re-engagement ROI
15742,620,1,156.87,41,3.54,0,156.87,1.0,3.83,1,1,1,3,Lost,1,3,Lost,Minimal spend — low re-engagement ROI
15743,17,4,784.46,59,4.68,168,196.12,0.0237,13.3,5,3,3,11,Loyal,0,2,Loyal Customers,"Upsell premium products, increase frequency"
15744,78,1,34.8,3,0.29,0,34.8,1.0,11.6,3,1,1,5,Hibernating,0,1,At Risk,"Send win-back campaigns, offer discounts"
15745,20,4,1094.59,57,4.3,217,273.65,0.0183,19.2,5,3,3,11,Loyal,0,2,Loyal Customers,"Upsell premium products, increase frequency"
15746,135,1,196.88,28,1.48,0,196.88,1.0,7.03,3,1,1,5,Hibernating,1,1,At Risk,"Send win-back campaigns, offer discounts"
15747,13,9,2562.61,116,2.39,678,284.73,0.0133,22.09,5,5,4,14,Champion,0,2,Loyal Customers,"Upsell premium products, increase frequency"
15748,41,3,614.76,34,3.62,408,204.92,0.0073,18.08,4,3,2,9,At Risk,0,1,At Risk,"Send win-back campaigns, offer discounts"
15749,236,3,44534.3,5,3.04,97,14844.77,0.0306,8906.86,2,3,5,10,Loyal,1,0,Champions,"Reward with loyalty perks, ask for reviews"
15750,3,18,6797.19,389,2.7,735,377.62,0.0245,17.47,5,5,5,15,Champion,0,0,Champions,"Reward with loyalty perks, ask for reviews"
15751,461,11,1380.44,90,4.79,272,125.49,0.0403,15.34,1,5,4,10,Loyal,1,2,Loyal Customers,"Upsell premium products, increase frequency"
15752,40,9,4207.54,359,1.9,417,467.5,0.0215,11.72,4,5,5,14,Champion,0,0,Champions,"Reward with loyalty perks, ask for reviews"
15753,305,1,79.2,1,0.55,0,79.2,1.0,79.2,2,1,1,4,Hibernating,1,3,Lost,Minimal spend — low re-engagement ROI
15754,52,9,3037.61,114,3.61,604,337.51,0.0149,26.65,4,5,5,14,Champion,0,2,Loyal Customers,"Upsell premium products, increase frequency"
15755,11,17,5993.12,281,2.75,725,352.54,0.0234,21.33,5,5,5,15,Champion,0,0,Champions,"Reward with loyalty perks, ask for reviews"
15756,62,4,532.96,160,2.48,187,133.24,0.0213,3.33,3,3,2,8,At Risk,0,2,Loyal Customers,"Upsell premium products, increase frequency"
15757,66,6,2940.36,162,3.68,481,490.06,0.0124,18.15,3,4,4,11,Loyal,0,2,Loyal Customers,"Upsell premium products, increase frequency"
15758,25,1,205.25,9,4.43,0,205.25,1.0,22.81,4,1,1,6,Hibernating,0,1,At Risk,"Send win-back campaigns, offer discounts"
15759,219,7,830.93,10,4.72,519,118.7,0.0135,83.09,2,4,3,9,At Risk,1,2,Loyal Customers,"Upsell premium products, increase frequency"
15760,631,2,13916.34,1,6958.17,0,6958.17,2.0,13916.34,1,2,5,8,At Risk,1,3,Lost,Minimal spend — low re-engagement ROI
15761,443,1,143.05,5,7.29,0,143.05,1.0,28.61,1,1,1,3,Lost,1,3,Lost,Minimal spend — low re-engagement ROI
15762,66,2,583.75,37,4.0,12,291.88,0.1538,15.78,3,2,2,7,At Risk,0,1,At Risk,"Send win-back campaigns, offer discounts"
15763,32,2,1086.92,58,6.66,45,543.46,0.0435,18.74,4,2,3,9,At Risk,0,1,At Risk,"Send win-back campaigns, offer discounts"
15764,89,8,4503.08,187,2.77,390,562.88,0.0205,24.08,3,4,5,12,Loyal,0,2,Loyal Customers,"Upsell premium products, increase frequency"
15765,667,1,370.63,25,2.7,0,370.63,1.0,14.83,1,1,2,4,Hibernating,1,3,Lost,Minimal spend — low re-engagement ROI
15766,65,3,831.06,21,3.35,618,277.02,0.0048,39.57,3,3,3,9,At Risk,0,2,Loyal Customers,"Upsell premium products, increase frequency"
15768,116,34,15601.09,437,5.24,620,458.86,0.0548,35.7,3,5,5,13,Champion,1,0,Champions,"Reward with loyalty perks, ask for reviews"
15769,8,46,88704.32,26,1.91,721,1928.35,0.0637,3411.7,5,5,5,15,Champion,0,0,Champions,"Reward with loyalty perks, ask for reviews"
15770,613,1,321.45,18,6.03,0,321.45,1.0,17.86,1,1,2,4,Hibernating,1,3,Lost,Minimal spend — low re-engagement ROI
15771,605,3,1006.54,26,3.34,89,335.51,0.0333,38.71,1,3,3,7,At Risk,1,3,Lost,Minimal spend — low re-engagement ROI
15772,419,1,280.88,16,4.52,0,280.88,1.0,17.56,1,1,1,3,Lost,1,3,Lost,Minimal spend — low re-engagement ROI
15773,6,2,774.52,46,1.93,403,387.26,0.005,16.84,5,2,3,10,Loyal,0,1,At Risk,"Send win-back campaigns, offer discounts"
15774,69,6,1329.94,88,4.86,587,221.66,0.0102,15.11,3,4,4,11,Loyal,0,2,Loyal Customers,"Upsell premium products, increase frequency"
15775,246,2,150.5,9,1.99,386,75.25,0.0052,16.72,2,2,1,5,Hibernating,1,1,At Risk,"Send win-back campaigns, offer discounts"
15776,134,1,241.62,18,4.18,0,241.62,1.0,13.42,3,1,1,5,Hibernating,1,1,At Risk,"Send win-back campaigns, offer discounts"
15777,242,7,1762.61,29,4.49,327,251.8,0.0213,60.78,2,4,4,10,Loyal,1,2,Loyal Customers,"Upsell premium products, increase frequency"
15778,432,1,307.95,17,4.63,0,307.95,1.0,18.11,1,1,2,4,Hibernating,1,3,Lost,Minimal spend — low re-engagement ROI
15779,464,2,124.08,8,8.36,69,62.04,0.0286,15.51,1,2,1,4,Hibernating,1,3,Lost,Minimal spend — low re-engagement ROI
15780,184,3,475.28,26,4.16,174,158.43,0.0171,18.28,3,3,2,8,At Risk,1,1,At Risk,"Send win-back campaigns, offer discounts"
15781,26,3,345.46,20,3.97,280,115.15,0.0107,17.27,4,3,2,9,At Risk,0,1,At Risk,"Send win-back campaigns, offer discounts"
15782,10,4,4014.1,51,4.86,420,1003.52,0.0095,78.71,5,3,5,13,Champion,0,2,Loyal Customers,"Upsell premium products, increase frequency"
15783,11,1,246.3,14,3.44,0,246.3,1.0,17.59,5,1,1,7,At Risk,0,1,At Risk,"Send win-back campaigns, offer discounts"
15784,468,2,848.33,33,3.99,204,424.16,0.0098,25.71,1,2,3,6,Hibernating,1,3,Lost,Minimal spend — low re-engagement ROI
15785,33,16,5969.93,102,2.68,691,373.12,0.0231,58.53,4,5,5,14,Champion,0,0,Champions,"Reward with loyalty perks, ask for reviews"
15786,47,5,8514.82,358,2.98,490,1702.96,0.0102,23.78,4,4,5,13,Champion,0,2,Loyal Customers,"Upsell premium products, increase frequency"
15787,27,3,948.05,156,2.16,35,316.02,0.0833,6.08,4,3,3,10,Loyal,0,2,Loyal Customers,"Upsell premium products, increase frequency"
15788,509,1,221.83,14,4.88,0,221.83,1.0,15.84,1,1,1,3,Lost,1,3,Lost,Minimal spend — low re-engagement ROI
15789,359,6,1962.01,110,1.84,265,327.0,0.0226,17.84,2,4,4,10,Loyal,1,2,Loyal Customers,"Upsell premium products, increase frequency"
15790,11,1,220.85,34,3.42,0,220.85,1.0,6.5,5,1,1,7,At Risk,0,1,At Risk,"Send win-back campaigns, offer discounts"
15791,44,5,3608.34,121,2.67,598,721.67,0.0083,29.82,4,4,5,13,Champion,0,2,Loyal Customers,"Upsell premium products, increase frequency"
15792,400,2,933.84,57,2.44,218,466.92,0.0091,16.38,2,2,3,7,At Risk,1,3,Lost,Minimal spend — low re-engagement ROI
15793,15,8,2399.57,12,2.57,723,299.95,0.011,199.96,5,4,4,13,Champion,0,2,Loyal Customers,"Upsell premium products, increase frequency"
15794,737,2,777.0,15,3.38,0,388.5,2.0,51.8,1,2,3,6,Hibernating,1,3,Lost,Minimal spend — low re-engagement ROI
15795,150,8,1979.87,111,2.78,540,247.48,0.0148,17.84,3,4,4,11,Loyal,1,2,Loyal Customers,"Upsell premium products, increase frequency"
15796,2,17,5175.83,138,4.09,617,304.46,0.0275,37.51,5,5,5,15,Champion,0,0,Champions,"Reward with loyalty perks, ask for reviews"
15797,114,6,2821.08,12,3.34,568,470.18,0.0105,235.09,3,4,4,11,Loyal,1,2,Loyal Customers,"Upsell premium products, increase frequency"
15798,493,3,1535.37,73,2.43,188,511.79,0.0159,21.03,1,3,4,8,At Risk,1,3,Lost,Minimal spend — low re-engagement ROI
15799,76,4,1424.29,143,2.26,342,356.07,0.0117,9.96,3,3,4,10,Loyal,0,2,Loyal Customers,"Upsell premium products, increase frequency"
15800,108,7,1242.58,198,2.6,511,177.51,0.0137,6.28,3,4,3,10,Loyal,1,2,Loyal Customers,"Upsell premium products, increase frequency"
15801,47,3,1063.95,61,2.96,63,354.65,0.0469,17.44,4,3,3,10,Loyal,0,2,Loyal Customers,"Upsell premium products, increase frequency"
15802,143,1,451.42,1,451.42,0,451.42,1.0,451.42,3,1,2,6,Hibernating,1,1,At Risk,"Send win-back campaigns, offer discounts"
15803,52,4,1929.66,48,2.85,624,482.42,0.0064,40.2,4,3,4,11,Loyal,0,2,Loyal Customers,"Upsell premium products, increase frequency"
15804,1,13,4206.39,170,3.71,198,323.57,0.0653,24.74,5,5,5,15,Champion,0,0,Champions,"Reward with loyalty perks, ask for reviews"
15805,24,30,10189.23,337,2.72,706,339.64,0.0424,30.24,4,5,5,14,Champion,0,0,Champions,"Reward with loyalty perks, ask for reviews"
15806,47,3,784.58,24,2.0,230,261.53,0.013,32.69,4,3,3,10,Loyal,0,2,Loyal Customers,"Upsell premium products, increase frequency"
15807,51,5,1817.52,85,2.6,615,363.5,0.0081,21.38,4,4,4,12,Loyal,0,2,Loyal Customers,"Upsell premium products, increase frequency"
15808,307,21,18409.93,348,3.35,431,876.66,0.0486,52.9,2,5,5,12,Loyal,1,0,Champions,"Reward with loyalty perks, ask for reviews"
15809,37,7,1274.44,51,8.71,499,182.06,0.014,24.99,4,4,4,12,Loyal,0,2,Loyal Customers,"Upsell premium products, increase frequency"
15810,79,8,2999.04,89,2.59,594,374.88,0.0134,33.7,3,4,5,12,Loyal,0,2,Loyal Customers,"Upsell premium products, increase frequency"
15811,23,7,3890.52,205,3.29,365,555.79,0.0191,18.98,4,4,5,13,Champion,0,2,Loyal Customers,"Upsell premium products, increase frequency"
15812,108,12,5201.47,87,3.35,617,433.46,0.0194,59.79,3,5,5,13,Champion,1,0,Champions,"Reward with loyalty perks, ask for reviews"
15813,208,2,1303.91,40,3.78,31,651.96,0.0625,32.6,2,2,4,8,At Risk,1,2,Loyal Customers,"Upsell premium products, increase frequency"
15814,17,6,2634.44,83,3.2,586,439.07,0.0102,31.74,5,4,4,13,Champion,0,2,Loyal Customers,"Upsell premium products, increase frequency"
15815,64,5,2100.6,33,2.16,196,420.12,0.0254,63.65,3,4,4,11,Loyal,0,2,Loyal Customers,"Upsell premium products, increase frequency"
15816,543,2,144.15,11,3.7,0,72.08,2.0,13.1,1,2,1,4,Hibernating,1,3,Lost,Minimal spend — low re-engagement ROI
15817,421,3,2766.4,133,2.99,122,922.13,0.0244,20.8,1,3,4,8,At Risk,1,3,Lost,Minimal spend — low re-engagement ROI
15818,589,1,340.5,11,1.83,0,340.5,1.0,30.95,1,1,2,4,Hibernating,1,3,Lost,Minimal spend — low re-engagement ROI
15819,50,10,3934.79,182,1.91,582,393.48,0.0172,21.62,4,5,5,14,Champion,0,0,Champions,"Reward with loyalty perks, ask for reviews"
15820,320,1,206.98,17,2.25,0,206.98,1.0,12.18,2,1,1,4,Hibernating,1,3,Lost,Minimal spend — low re-engagement ROI
15821,45,2,570.96,57,3.7,17,285.48,0.1111,10.02,4,2,2,8,At Risk,0,1,At Risk,"Send win-back campaigns, offer discounts"
15822,4,6,1840.06,46,2.86,729,306.68,0.0082,40.0,5,4,4,13,Champion,0,2,Loyal Customers,"Upsell premium products, increase frequency"
15823,373,3,3897.17,155,3.72,358,1299.06,0.0084,25.14,2,3,5,10,Loyal,1,2,Loyal Customers,"Upsell premium products, increase frequency"
15824,454,2,890.94,24,2.59,78,445.47,0.0253,37.12,1,2,3,6,Hibernating,1,3,Lost,Minimal spend — low re-engagement ROI
15825,173,1,532.94,20,8.84,0,532.94,1.0,26.65,3,1,2,6,Hibernating,1,1,At Risk,"Send win-back campaigns, offer discounts"
15826,57,4,2598.28,100,2.94,511,649.57,0.0078,25.98,4,3,4,11,Loyal,0,2,Loyal Customers,"Upsell premium products, increase frequency"
15827,74,28,3794.07,124,4.76,627,135.5,0.0446,30.6,3,5,5,13,Champion,0,0,Champions,"Reward with loyalty perks, ask for reviews"
15828,376,1,1108.82,74,4.54,0,1108.82,1.0,14.98,2,1,3,6,Hibernating,1,3,Lost,Minimal spend — low re-engagement ROI
15829,100,2,636.14,44,1.05,41,318.07,0.0476,14.46,3,2,3,8,At Risk,1,1,At Risk,"Send win-back campaigns, offer discounts"
15830,38,1,576.0,39,2.91,0,576.0,1.0,14.77,4,1,2,7,At Risk,0,1,At Risk,"Send win-back campaigns, offer discounts"
15831,59,3,801.76,63,2.64,265,267.25,0.0113,12.73,4,3,3,10,Loyal,0,2,Loyal Customers,"Upsell premium products, increase frequency"
15832,255,1,836.79,54,2.31,0,836.79,1.0,15.5,2,1,3,6,Hibernating,1,1,At Risk,"Send win-back campaigns, offer discounts"
15833,738,1,80.4,5,3.87,0,80.4,1.0,16.08,1,1,1,3,Lost,1,3,Lost,Minimal spend — low re-engagement ROI
15834,71,7,3772.99,333,3.88,354,539.0,0.0197,11.33,3,4,5,12,Loyal,0,2,Loyal Customers,"Upsell premium products, increase frequency"
15835,45,4,954.09,47,3.07,286,238.52,0.0139,20.3,4,3,3,10,Loyal,0,2,Loyal Customers,"Upsell premium products, increase frequency"
15836,51,1,137.37,10,9.24,0,137.37,1.0,13.74,4,1,1,6,Hibernating,0,1,At Risk,"Send win-back campaigns, offer discounts"
15837,65,2,777.01,52,3.71,420,388.5,0.0048,14.94,3,2,3,8,At Risk,0,1,At Risk,"Send win-back campaigns, offer discounts"
15838,12,34,74163.0,61,1.85,713,2181.26,0.0476,1215.79,5,5,5,15,Champion,0,0,Champions,"Reward with loyalty perks, ask for reviews"
15839,34,3,1048.49,56,2.13,114,349.5,0.0261,18.72,4,3,3,10,Loyal,0,2,Loyal Customers,"Upsell premium products, increase frequency"
15840,59,2,355.56,26,1.96,113,177.78,0.0175,13.68,4,2,2,8,At Risk,0,1,At Risk,"Send win-back campaigns, offer discounts"
15841,73,9,2742.41,60,1.78,657,304.71,0.0137,45.71,3,5,4,12,Loyal,0,2,Loyal Customers,"Upsell premium products, increase frequency"
15842,394,2,548.8,24,3.41,134,274.4,0.0148,22.87,2,2,2,6,Hibernating,1,3,Lost,Minimal spend — low re-engagement ROI
15843,304,1,118.95,8,7.14,0,118.95,1.0,14.87,2,1,1,4,Hibernating,1,3,Lost,Minimal spend — low re-engagement ROI
15844,47,1,130.74,11,1.79,0,130.74,1.0,11.89,4,1,1,6,Hibernating,0,1,At Risk,"Send win-back campaigns, offer discounts"
15845,18,11,4426.28,129,3.22,664,402.39,0.0165,34.31,5,5,5,15,Champion,0,0,Champions,"Reward with loyalty perks, ask for reviews"
15846,386,1,107.01,27,1.82,0,107.01,1.0,3.96,2,1,1,4,Hibernating,1,3,Lost,Minimal spend — low re-engagement ROI
15847,39,5,822.57,39,3.59,603,164.51,0.0083,21.09,4,4,3,11,Loyal,0,2,Loyal Customers,"Upsell premium products, increase frequency"
15848,622,1,139.94,34,3.28,0,139.94,1.0,4.12,1,1,1,3,Lost,1,3,Lost,Minimal spend — low re-engagement ROI
15850,20,6,1058.72,269,1.97,707,176.45,0.0085,3.94,5,4,3,12,Loyal,0,2,Loyal Customers,"Upsell premium products, increase frequency"
15851,527,1,109.73,8,1.99,0,109.73,1.0,13.72,1,1,1,3,Lost,1,3,Lost,Minimal spend — low re-engagement ROI
15852,187,3,257.26,31,4.78,340,85.75,0.0088,8.3,3,3,1,7,At Risk,1,1,At Risk,"Send win-back campaigns, offer discounts"
15853,52,1,110.8,29,1.47,0,110.8,1.0,3.82,4,1,1,6,Hibernating,0,1,At Risk,"Send win-back campaigns, offer discounts"
15854,5,21,5583.81,168,3.35,725,265.9,0.0289,33.24,5,5,5,15,Champion,0,0,Champions,"Reward with loyalty perks, ask for reviews"
15855,137,6,1052.72,72,1.91,339,175.45,0.0176,14.62,3,4,3,10,Loyal,1,2,Loyal Customers,"Upsell premium products, increase frequency"
15856,5,52,34220.34,384,1.93,732,658.08,0.0709,89.12,5,5,5,15,Champion,0,0,Champions,"Reward with loyalty perks, ask for reviews"
15857,19,2,570.48,21,1.29,411,285.24,0.0049,27.17,5,2,2,9,At Risk,0,1,At Risk,"Send win-back campaigns, offer discounts"
15858,16,13,3960.37,273,2.68,714,304.64,0.0182,14.51,5,5,5,15,Champion,0,0,Champions,"Reward with loyalty perks, ask for reviews"
15859,433,1,438.46,22,4.94,0,438.46,1.0,19.93,1,1,2,4,Hibernating,1,3,Lost,Minimal spend — low re-engagement ROI
15860,41,17,2505.21,249,3.28,692,147.37,0.0245,10.06,4,5,4,13,Champion,0,0,Champions,"Reward with loyalty perks, ask for reviews"
15861,13,12,4401.79,452,1.78,667,366.82,0.018,9.74,5,5,5,15,Champion,0,0,Champions,"Reward with loyalty perks, ask for reviews"
15862,9,13,2928.29,417,2.78,714,225.25,0.0182,7.02,5,5,4,14,Champion,0,0,Champions,"Reward with loyalty perks, ask for reviews"
15863,26,5,358.7,74,3.09,697,71.74,0.0072,4.85,4,4,2,10,Loyal,0,1,At Risk,"Send win-back campaigns, offer discounts"
15864,23,7,2180.76,18,2.53,358,311.54,0.0195,121.15,4,4,4,12,Loyal,0,2,Loyal Customers,"Upsell premium products, increase frequency"
15865,41,5,2248.92,119,4.22,662,449.78,0.0075,18.9,4,4,4,12,Loyal,0,2,Loyal Customers,"Upsell premium products, increase frequency"
15866,102,1,230.53,43,3.87,0,230.53,1.0,5.36,3,1,1,5,Hibernating,1,1,At Risk,"Send win-back campaigns, offer discounts"
15867,6,31,9063.95,547,3.36,719,292.39,0.0431,16.57,5,5,5,15,Champion,0,0,Champions,"Reward with loyalty perks, ask for reviews"
15868,584,1,94.53,4,2.52,0,94.53,1.0,23.63,1,1,1,3,Lost,1,3,Lost,Minimal spend — low re-engagement ROI
15869,278,3,323.66,29,2.26,349,107.89,0.0086,11.16,2,3,2,7,At Risk,1,1,At Risk,"Send win-back campaigns, offer discounts"
15870,33,4,862.61,127,2.85,413,215.65,0.0097,6.79,4,3,3,10,Loyal,0,2,Loyal Customers,"Upsell premium products, increase frequency"
15871,438,1,33.1,5,6.62,0,33.1,1.0,6.62,1,1,1,3,Lost,1,3,Lost,Minimal spend — low re-engagement ROI
15872,15,4,795.68,164,2.2,535,198.92,0.0075,4.85,5,3,3,11,Loyal,0,2,Loyal Customers,"Upsell premium products, increase frequency"
15873,500,4,313.92,3,0.28,1,78.48,2.0,104.64,1,3,2,6,Hibernating,1,3,Lost,Minimal spend — low re-engagement ROI
15874,64,21,11284.76,262,6.71,637,537.37,0.0329,43.07,3,5,5,13,Champion,0,0,Champions,"Reward with loyalty perks, ask for reviews"
15875,647,1,111.72,18,1.75,0,111.72,1.0,6.21,1,1,1,3,Lost,1,3,Lost,Minimal spend — low re-engagement ROI
15876,410,2,1449.14,11,3.7,39,724.57,0.05,131.74,2,2,4,8,At Risk,1,3,Lost,Minimal spend — low re-engagement ROI
15877,2,2,493.28,122,1.87,16,246.64,0.1176,4.04,5,2,2,9,At Risk,0,1,At Risk,"Send win-back campaigns, offer discounts"
15878,562,2,330.77,47,2.19,171,165.38,0.0116,7.04,1,2,2,5,Hibernating,1,3,Lost,Minimal spend — low re-engagement ROI
15879,405,4,1157.3,171,3.36,317,289.32,0.0126,6.77,2,3,3,8,At Risk,1,3,Lost,Minimal spend — low re-engagement ROI
15880,370,1,686.56,95,2.17,0,686.56,1.0,7.23,2,1,3,6,Hibernating,1,3,Lost,Minimal spend — low re-engagement ROI
15881,313,5,501.39,26,3.32,52,100.28,0.0943,19.28,2,4,2,8,At Risk,1,2,Loyal Customers,"Upsell premium products, increase frequency"
15882,199,8,1495.98,49,1.96,530,187.0,0.0151,30.53,2,4,4,10,Loyal,1,2,Loyal Customers,"Upsell premium products, increase frequency"
15883,3,2,396.48,42,2.95,31,198.24,0.0625,9.44,5,2,2,9,At Risk,0,1,At Risk,"Send win-back campaigns, offer discounts"
15884,433,2,249.7,14,2.09,303,124.85,0.0066,17.84,1,2,1,4,Hibernating,1,3,Lost,Minimal spend — low re-engagement ROI
15885,93,15,1951.82,83,4.23,594,130.12,0.0252,23.52,3,5,4,12,Loyal,1,0,Champions,"Reward with loyalty perks, ask for reviews"
15886,61,4,1052.87,58,3.34,537,263.22,0.0074,18.15,3,3,3,9,At Risk,0,2,Loyal Customers,"Upsell premium products, increase frequency"
15887,407,3,1027.15,27,2.7,148,342.38,0.0201,38.04,2,3,3,8,At Risk,1,3,Lost,Minimal spend — low re-engagement ROI
15888,81,3,429.16,33,3.79,446,143.05,0.0067,13.0,3,3,2,8,At Risk,0,1,At Risk,"Send win-back campaigns, offer discounts"
15889,157,8,1806.28,256,2.76,572,225.78,0.014,7.06,3,4,4,11,Loyal,1,2,Loyal Customers,"Upsell premium products, increase frequency"
15890,395,5,535.65,10,12.55,210,107.13,0.0237,53.56,2,4,2,8,At Risk,1,3,Lost,Minimal spend — low re-engagement ROI
15891,227,1,524.52,60,2.65,0,524.52,1.0,8.74,2,1,2,5,Hibernating,1,1,At Risk,"Send win-back campaigns, offer discounts"
15892,670,1,128.2,38,2.76,0,128.2,1.0,3.37,1,1,1,3,Lost,1,3,Lost,Minimal spend — low re-engagement ROI
15893,482,1,305.28,1,1.06,0,305.28,1.0,305.28,1,1,2,4,Hibernating,1,3,Lost,Minimal spend — low re-engagement ROI
15894,254,2,420.29,35,2.0,115,210.14,0.0172,12.01,2,2,2,6,Hibernating,1,1,At Risk,"Send win-back campaigns, offer discounts"
15895,150,1,179.17,11,1.98,0,179.17,1.0,16.29,3,1,1,5,Hibernating,1,1,At Risk,"Send win-back campaigns, offer discounts"
15897,195,2,222.05,17,2.09,0,111.02,2.0,13.06,2,2,1,5,Hibernating,1,1,At Risk,"Send win-back campaigns, offer discounts"
15898,2,25,5596.31,281,3.58,726,223.85,0.0344,19.92,5,5,5,15,Champion,0,0,Champions,"Reward with loyalty perks, ask for reviews"
15899,369,1,112.5,4,4.13,0,112.5,1.0,28.12,2,1,1,4,Hibernating,1,3,Lost,Minimal spend — low re-engagement ROI
15900,24,4,900.4,100,2.07,539,225.1,0.0074,9.0,4,3,3,10,Loyal,0,2,Loyal Customers,"Upsell premium products, increase frequency"
15901,17,7,703.22,145,2.09,527,100.46,0.0133,4.85,5,4,3,12,Loyal,0,2,Loyal Customers,"Upsell premium products, increase frequency"
15902,381,1,145.01,18,2.15,0,145.01,1.0,8.06,2,1,1,4,Hibernating,1,3,Lost,Minimal spend — low re-engagement ROI
15903,10,12,8939.84,58,2.48,684,744.99,0.0175,154.14,5,5,5,15,Champion,0,0,Champions,"Reward with loyalty perks, ask for reviews"
15904,9,1,164.68,30,2.95,0,164.68,1.0,5.49,5,1,1,7,At Risk,0,1,At Risk,"Send win-back campaigns, offer discounts"
15905,544,1,114.69,22,2.77,0,114.69,1.0,5.21,1,1,1,3,Lost,1,3,Lost,Minimal spend — low re-engagement ROI
15906,20,10,2555.64,143,4.32,431,255.56,0.0231,17.87,5,5,4,14,Champion,0,2,Loyal Customers,"Upsell premium products, increase frequency"
15907,4,3,967.45,175,2.59,206,322.48,0.0145,5.53,5,3,3,11,Loyal,0,2,Loyal Customers,"Upsell premium products, increase frequency"
15908,491,2,764.57,37,3.4,21,382.28,0.0909,20.66,1,2,3,6,Hibernating,1,3,Lost,Minimal spend — low re-engagement ROI
15909,174,1,191.94,7,1.86,0,191.94,1.0,27.42,3,1,1,5,Hibernating,1,1,At Risk,"Send win-back campaigns, offer discounts"
15910,1,15,2681.8,394,1.78,686,178.79,0.0218,6.81,5,5,4,14,Champion,0,0,Champions,"Reward with loyalty perks, ask for reviews"
15911,624,8,1702.34,162,2.8,106,212.79,0.0748,10.51,1,4,4,9,At Risk,1,3,Lost,Minimal spend — low re-engagement ROI
15912,179,9,1074.7,83,2.75,551,119.41,0.0163,12.95,3,5,3,11,Loyal,1,2,Loyal Customers,"Upsell premium products, increase frequency"
15913,535,1,6.3,1,2.1,0,6.3,1.0,6.3,1,1,1,3,Lost,1,3,Lost,Minimal spend — low re-engagement ROI
15914,379,2,205.99,13,3.47,0,103.0,2.0,15.85,2,2,1,5,Hibernating,1,3,Lost,Minimal spend — low re-engagement ROI
15915,402,1,429.21,105,1.75,0,429.21,1.0,4.09,2,1,2,5,Hibernating,1,3,Lost,Minimal spend — low re-engagement ROI
15916,17,13,3427.17,227,3.72,712,263.63,0.0182,15.1,5,5,5,15,Champion,0,0,Champions,"Reward with loyalty perks, ask for reviews"
15917,248,5,560.63,127,2.54,489,112.13,0.0102,4.41,2,4,2,8,At Risk,1,2,Loyal Customers,"Upsell premium products, increase frequency"
15918,191,3,582.88,49,2.84,441,194.29,0.0068,11.9,2,3,2,7,At Risk,1,1,At Risk,"Send win-back campaigns, offer discounts"
15919,20,2,910.61,103,2.58,349,455.3,0.0057,8.84,5,2,3,10,Loyal,0,1,At Risk,"Send win-back campaigns, offer discounts"
15920,155,9,571.64,93,3.03,571,63.52,0.0157,6.15,3,5,2,10,Loyal,1,2,Loyal Customers,"Upsell premium products, increase frequency"
15921,173,4,802.11,69,4.19,468,200.53,0.0085,11.62,3,3,3,9,At Risk,1,2,Loyal Customers,"Upsell premium products, increase frequency"
15922,374,1,739.0,11,4.41,0,739.0,1.0,67.18,2,1,3,6,Hibernating,1,3,Lost,Minimal spend — low re-engagement ROI
15923,373,1,254.16,21,2.81,0,254.16,1.0,12.1,2,1,1,4,Hibernating,1,3,Lost,Minimal spend — low re-engagement ROI
15924,732,1,102.82,14,3.56,0,102.82,1.0,7.34,1,1,1,3,Lost,1,3,Lost,Minimal spend — low re-engagement ROI
15925,195,1,207.15,12,2.9,0,207.15,1.0,17.26,2,1,1,4,Hibernating,1,1,At Risk,"Send win-back campaigns, offer discounts"
15926,543,1,134.44,7,1.04,0,134.44,1.0,19.21,1,1,1,3,Lost,1,3,Lost,Minimal spend — low re-engagement ROI
15927,648,1,123.39,13,3.32,0,123.39,1.0,9.49,1,1,1,3,Lost,1,3,Lost,Minimal spend — low re-engagement ROI
15928,657,1,293.53,11,2.24,0,293.53,1.0,26.68,1,1,2,4,Hibernating,1,3,Lost,Minimal spend — low re-engagement ROI
15929,645,1,594.0,1,4.95,0,594.0,1.0,594.0,1,1,2,4,Hibernating,1,3,Lost,Minimal spend — low re-engagement ROI
15930,68,1,426.63,21,4.02,0,426.63,1.0,20.32,3,1,2,6,Hibernating,0,1,At Risk,"Send win-back campaigns, offer discounts"
15931,429,1,239.9,14,4.81,0,239.9,1.0,17.14,1,1,1,3,Lost,1,3,Lost,Minimal spend — low re-engagement ROI
15932,5,8,2495.87,93,1.49,285,311.98,0.028,26.84,5,4,4,13,Champion,0,2,Loyal Customers,"Upsell premium products, increase frequency"
15933,22,3,1107.46,63,2.14,65,369.15,0.0455,17.58,4,3,3,10,Loyal,0,2,Loyal Customers,"Upsell premium products, increase frequency"
15934,418,2,2190.66,29,1.77,11,1095.33,0.1667,75.54,1,2,4,7,At Risk,1,3,Lost,Minimal spend — low re-engagement ROI
15935,240,2,416.86,12,27.3,2,208.43,0.6667,34.74,2,2,2,6,Hibernating,1,1,At Risk,"Send win-back campaigns, offer discounts"
15936,380,2,282.79,16,2.93,88,141.4,0.0225,17.67,2,2,1,5,Hibernating,1,3,Lost,Minimal spend — low re-engagement ROI
15937,65,1,145.35,7,2.37,0,145.35,1.0,20.76,3,1,1,5,Hibernating,0,1,At Risk,"Send win-back campaigns, offer discounts"
15938,113,9,734.81,27,2.23,444,81.65,0.0202,27.22,3,5,3,11,Loyal,1,2,Loyal Customers,"Upsell premium products, increase frequency"
15939,90,16,9060.39,52,1.86,284,566.27,0.0561,174.24,3,5,5,13,Champion,1,0,Champions,"Reward with loyalty perks, ask for reviews"
15940,312,1,35.8,1,8.95,0,35.8,1.0,35.8,2,1,1,4,Hibernating,1,3,Lost,Minimal spend — low re-engagement ROI
15941,638,1,405.0,6,6.75,0,405.0,1.0,67.5,1,1,2,4,Hibernating,1,3,Lost,Minimal spend — low re-engagement ROI
15942,134,1,337.44,14,2.66,0,337.44,1.0,24.1,3,1,2,6,Hibernating,1,1,At Risk,"Send win-back campaigns, offer discounts"
15943,650,2,271.29,12,1.73,28,135.65,0.069,22.61,1,2,1,4,Hibernating,1,3,Lost,Minimal spend — low re-engagement ROI
15944,277,4,2164.24,25,3.81,449,541.06,0.0089,86.57,2,3,4,9,At Risk,1,2,Loyal Customers,"Upsell premium products, increase frequency"
15945,366,4,827.27,24,3.69,372,206.82,0.0107,34.47,2,4,3,9,At Risk,1,3,Lost,Minimal spend — low re-engagement ROI
15946,503,3,2304.18,25,2.54,131,768.06,0.0227,92.17,1,3,4,8,At Risk,1,3,Lost,Minimal spend — low re-engagement ROI
15947,83,1,1708.24,29,4.02,0,1708.24,1.0,58.9,3,1,4,8,At Risk,0,1,At Risk,"Send win-back campaigns, offer discounts"
15948,9,3,1509.09,63,2.54,416,503.03,0.0072,23.95,5,3,4,12,Loyal,0,2,Loyal Customers,"Upsell premium products, increase frequency"
15949,17,2,364.72,12,1.82,54,182.36,0.0364,30.39,5,2,2,9,At Risk,0,1,At Risk,"Send win-back campaigns, offer discounts"
15950,32,10,7180.71,225,3.01,650,718.07,0.0154,31.91,4,5,5,14,Champion,0,0,Champions,"Reward with loyalty perks, ask for reviews"
15951,9,3,1013.17,44,4.05,372,337.72,0.008,23.03,5,3,3,11,Loyal,0,2,Loyal Customers,"Upsell premium products, increase frequency"
15952,34,4,806.57,65,3.28,191,201.64,0.0208,12.41,4,4,3,11,Loyal,0,2,Loyal Customers,"Upsell premium products, increase frequency"
15953,16,18,3669.55,102,3.3,721,203.86,0.0249,35.98,5,5,5,15,Champion,0,0,Champions,"Reward with loyalty perks, ask for reviews"
15954,590,1,190.75,20,1.7,0,190.75,1.0,9.54,1,1,1,3,Lost,1,3,Lost,Minimal spend — low re-engagement ROI
15955,25,22,8658.36,222,2.87,629,393.56,0.0349,39.0,4,5,5,14,Champion,0,0,Champions,"Reward with loyalty perks, ask for reviews"
15956,552,2,617.6,18,2.05,175,308.8,0.0114,34.31,1,2,2,5,Hibernating,1,3,Lost,Minimal spend — low re-engagement ROI
15957,32,3,930.1,121,2.42,389,310.03,0.0077,7.69,4,3,3,10,Loyal,0,2,Loyal Customers,"Upsell premium products, increase frequency"
15958,75,4,492.99,50,3.24,476,123.25,0.0084,9.86,3,4,2,9,At Risk,0,1,At Risk,"Send win-back campaigns, offer discounts"
15959,683,3,579.49,58,3.79,0,193.16,3.0,9.99,1,3,2,6,Hibernating,1,3,Lost,Minimal spend — low re-engagement ROI
15960,375,4,410.95,24,3.55,61,102.74,0.0645,17.12,2,4,2,8,At Risk,1,3,Lost,Minimal spend — low re-engagement ROI
15961,380,1,451.29,42,3.74,0,451.29,1.0,10.74,2,1,2,5,Hibernating,1,3,Lost,Minimal spend — low re-engagement ROI
15962,450,1,295.83,43,1.61,0,295.83,1.0,6.88,1,1,2,4,Hibernating,1,3,Lost,Minimal spend — low re-engagement ROI
15963,20,2,470.76,26,2.41,25,235.38,0.0769,18.11,5,2,2,9,At Risk,0,1,At Risk,"Send win-back campaigns, offer discounts"
15964,664,1,272.96,20,3.51,0,272.96,1.0,13.65,1,1,1,3,Lost,1,3,Lost,Minimal spend — low re-engagement ROI
15965,18,13,3013.09,202,2.47,719,231.78,0.0181,14.92,5,5,5,15,Champion,0,0,Champions,"Reward with loyalty perks, ask for reviews"
15966,451,1,426.53,27,1.99,0,426.53,1.0,15.8,1,1,2,4,Hibernating,1,3,Lost,Minimal spend — low re-engagement ROI
15967,24,12,3041.6,316,3.11,715,253.47,0.0168,9.63,4,5,5,14,Champion,0,0,Champions,"Reward with loyalty perks, ask for reviews"
15968,389,1,418.05,70,2.56,0,418.05,1.0,5.97,2,1,2,5,Hibernating,1,3,Lost,Minimal spend — low re-engagement ROI
15969,3,5,1127.05,31,6.99,519,225.41,0.0096,36.36,5,4,3,12,Loyal,0,2,Loyal Customers,"Upsell premium products, increase frequency"
15970,304,2,1017.32,19,2.9,295,508.66,0.0068,53.54,2,2,3,7,At Risk,1,3,Lost,Minimal spend — low re-engagement ROI
15971,18,18,5902.83,12,2.53,714,327.94,0.0252,491.9,5,5,5,15,Champion,0,0,Champions,"Reward with loyalty perks, ask for reviews"
15972,457,5,1810.27,104,5.16,143,362.05,0.0347,17.41,1,4,4,9,At Risk,1,3,Lost,Minimal spend — low re-engagement ROI
15973,367,3,988.44,8,4.94,62,329.48,0.0476,123.56,2,3,3,8,At Risk,1,3,Lost,Minimal spend — low re-engagement ROI
15974,40,7,3442.15,141,2.82,249,491.74,0.028,24.41,4,4,5,13,Champion,0,2,Loyal Customers,"Upsell premium products, increase frequency"
15975,85,1,371.01,24,2.14,0,371.01,1.0,15.46,3,1,2,6,Hibernating,0,1,At Risk,"Send win-back campaigns, offer discounts"
15976,166,6,1746.64,265,2.53,385,291.11,0.0155,6.59,3,4,4,11,Loyal,1,2,Loyal Customers,"Upsell premium products, increase frequency"
15977,18,2,1054.73,48,3.0,21,527.36,0.0909,21.97,5,2,3,10,Loyal,0,1,At Risk,"Send win-back campaigns, offer discounts"
15978,78,3,3279.42,107,2.27,567,1093.14,0.0053,30.65,3,3,5,11,Loyal,0,2,Loyal Customers,"Upsell premium products, increase frequency"
15979,603,1,329.22,22,1.28,0,329.22,1.0,14.96,1,1,2,4,Hibernating,1,3,Lost,Minimal spend — low re-engagement ROI
15980,89,7,6593.68,101,2.02,467,941.95,0.015,65.28,3,4,5,12,Loyal,0,2,Loyal Customers,"Upsell premium products, increase frequency"
15981,25,21,9362.77,151,2.65,595,445.85,0.0352,62.01,4,5,5,14,Champion,0,0,Champions,"Reward with loyalty perks, ask for reviews"
15982,606,1,324.51,45,3.43,0,324.51,1.0,7.21,1,1,2,4,Hibernating,1,3,Lost,Minimal spend — low re-engagement ROI
15983,23,8,3958.82,137,2.11,711,494.85,0.0112,28.9,4,4,5,13,Champion,0,2,Loyal Customers,"Upsell premium products, increase frequency"
15984,3,30,8759.32,458,2.59,735,291.98,0.0408,19.13,5,5,5,15,Champion,0,0,Champions,"Reward with loyalty perks, ask for reviews"
15985,124,7,2715.28,50,1.81,438,387.9,0.0159,54.31,3,4,4,11,Loyal,1,2,Loyal Customers,"Upsell premium products, increase frequency"
15986,31,2,354.42,25,1.44,351,177.21,0.0057,14.18,4,2,2,8,At Risk,0,1,At Risk,"Send win-back campaigns, offer discounts"
15987,13,8,1682.13,143,2.12,367,210.27,0.0217,11.76,5,4,4,13,Champion,0,2,Loyal Customers,"Upsell premium products, increase frequency"
15988,20,3,770.09,114,3.01,637,256.7,0.0047,6.76,5,3,3,11,Loyal,0,2,Loyal Customers,"Upsell premium products, increase frequency"
15989,376,2,372.51,81,3.11,361,186.26,0.0055,4.6,2,2,2,6,Hibernating,1,3,Lost,Minimal spend — low re-engagement ROI
15990,45,7,2010.05,117,2.82,605,287.15,0.0116,17.18,4,4,4,12,Loyal,0,2,Loyal Customers,"Upsell premium products, increase frequency"
15991,535,1,150.55,6,6.83,0,150.55,1.0,25.09,1,1,1,3,Lost,1,3,Lost,Minimal spend — low re-engagement ROI
15992,4,3,896.6,53,2.54,449,298.87,0.0067,16.92,5,3,3,11,Loyal,0,2,Loyal Customers,"Upsell premium products, increase frequency"
15993,9,7,2797.57,335,2.23,35,399.65,0.1944,8.35,5,4,4,13,Champion,0,2,Loyal Customers,"Upsell premium products, increase frequency"
15994,55,3,1202.18,93,3.48,581,400.73,0.0052,12.93,4,3,3,10,Loyal,0,2,Loyal Customers,"Upsell premium products, increase frequency"
15995,415,1,696.19,108,2.76,0,696.19,1.0,6.45,1,1,3,5,Hibernating,1,3,Lost,Minimal spend — low re-engagement ROI
15996,89,7,1686.9,140,3.65,308,240.99,0.0227,12.05,3,4,4,11,Loyal,0,2,Loyal Customers,"Upsell premium products, increase frequency"
15998,37,16,8308.34,682,2.57,702,519.27,0.0228,12.18,4,5,5,14,Champion,0,0,Champions,"Reward with loyalty perks, ask for reviews"
15999,736,1,20.4,1,0.85,0,20.4,1.0,20.4,1,1,1,3,Lost,1,3,Lost,Minimal spend — low re-engagement ROI
16000,3,3,12393.7,9,3.35,0,4131.23,3.0,1377.08,5,3,5,13,Champion,0,2,Loyal Customers,"Upsell premium products, increase frequency"
16001,382,1,583.39,29,2.33,0,583.39,1.0,20.12,2,1,2,5,Hibernating,1,3,Lost,Minimal spend — low re-engagement ROI
16002,626,1,169.21,42,2.82,0,169.21,1.0,4.03,1,1,1,3,Lost,1,3,Lost,Minimal spend — low re-engagement ROI
16003,30,10,5613.83,146,4.51,706,561.38,0.0141,38.45,4,5,5,14,Champion,0,0,Champions,"Reward with loyalty perks, ask for reviews"
16004,475,5,2146.39,63,3.07,208,429.28,0.0239,34.07,1,4,4,9,At Risk,1,3,Lost,Minimal spend — low re-engagement ROI
16005,13,10,2436.22,315,2.29,438,243.62,0.0228,7.73,5,5,4,14,Champion,0,2,Loyal Customers,"Upsell premium products, increase frequency"
16006,212,2,347.17,75,2.35,176,173.58,0.0113,4.63,2,2,2,6,Hibernating,1,1,At Risk,"Send win-back campaigns, offer discounts"
16007,48,7,3075.14,337,1.85,495,439.31,0.0141,9.13,4,4,5,13,Champion,0,2,Loyal Customers,"Upsell premium products, increase frequency"
16008,24,15,5384.13,63,2.5,606,358.94,0.0247,85.46,4,5,5,14,Champion,0,0,Champions,"Reward with loyalty perks, ask for reviews"
16009,23,4,992.71,68,3.31,137,248.18,0.029,14.6,4,4,3,11,Loyal,0,2,Loyal Customers,"Upsell premium products, increase frequency"
16010,246,11,1724.06,122,2.05,165,156.73,0.0663,14.13,2,5,4,11,Loyal,1,2,Loyal Customers,"Upsell premium products, increase frequency"
16011,9,29,5880.46,181,2.55,730,202.77,0.0397,32.49,5,5,5,15,Champion,0,0,Champions,"Reward with loyalty perks, ask for reviews"
16012,36,5,2989.79,207,2.52,494,597.96,0.0101,14.44,4,4,5,13,Champion,0,2,Loyal Customers,"Upsell premium products, increase frequency"
16013,4,84,57446.44,54,2.69,728,683.89,0.1152,1063.82,5,5,5,15,Champion,0,0,Champions,"Reward with loyalty perks, ask for reviews"
16014,38,5,1130.27,219,2.62,639,226.05,0.0078,5.16,4,4,3,11,Loyal,0,2,Loyal Customers,"Upsell premium products, increase frequency"
16015,4,3,705.39,146,1.25,45,235.13,0.0652,4.83,5,3,3,11,Loyal,0,1,At Risk,"Send win-back campaigns, offer discounts"
16016,4,11,2533.94,181,3.17,399,230.36,0.0275,14.0,5,5,4,14,Champion,0,0,Champions,"Reward with loyalty perks, ask for reviews"
16017,48,5,1553.83,99,3.12,656,310.77,0.0076,15.7,4,4,4,12,Loyal,0,2,Loyal Customers,"Upsell premium products, increase frequency"
16018,40,4,698.13,48,2.5,693,174.53,0.0058,14.54,4,4,3,11,Loyal,0,2,Loyal Customers,"Upsell premium products, increase frequency"
16019,47,27,17465.85,256,3.68,678,646.88,0.0398,68.23,4,5,5,14,Champion,0,0,Champions,"Reward with loyalty perks, ask for reviews"
16020,17,3,851.01,42,2.44,48,283.67,0.0612,20.26,5,3,3,11,Loyal,0,2,Loyal Customers,"Upsell premium products, increase frequency"
16021,396,2,532.25,117,2.43,149,266.12,0.0133,4.55,2,2,2,6,Hibernating,1,3,Lost,Minimal spend — low re-engagement ROI
16022,261,1,628.28,68,3.31,0,628.28,1.0,9.24,2,1,3,6,Hibernating,1,1,At Risk,"Send win-back campaigns, offer discounts"
16023,47,3,719.81,90,3.13,220,239.94,0.0136,8.0,4,3,3,10,Loyal,0,1,At Risk,"Send win-back campaigns, offer discounts"
16024,13,3,484.2,78,1.32,399,161.4,0.0075,6.21,5,3,2,10,Loyal,0,1,At Risk,"Send win-back campaigns, offer discounts"
16025,30,1,439.66,28,1.98,0,439.66,1.0,15.7,4,1,2,7,At Risk,0,1,At Risk,"Send win-back campaigns, offer discounts"
16026,44,1,236.09,30,1.29,0,236.09,1.0,7.87,4,1,1,6,Hibernating,0,1,At Risk,"Send win-back campaigns, offer discounts"
16027,92,15,2048.36,20,8.18,608,136.56,0.0246,102.42,3,5,4,12,Loyal,1,0,Champions,"Reward with loyalty perks, ask for reviews"
16028,596,1,82.2,5,5.3,0,82.2,1.0,16.44,1,1,1,3,Lost,1,3,Lost,Minimal spend — low re-engagement ROI
16029,39,107,122209.14,57,24.25,692,1142.14,0.1544,2144.02,4,5,5,14,Champion,0,0,Champions,"Reward with loyalty perks, ask for reviews"
16030,310,1,331.24,28,2.31,0,331.24,1.0,11.83,2,1,2,5,Hibernating,1,3,Lost,Minimal spend — low re-engagement ROI
16031,93,2,548.94,91,2.79,154,274.47,0.0129,6.03,3,2,2,7,At Risk,1,1,At Risk,"Send win-back campaigns, offer discounts"
16032,457,6,1970.45,130,2.12,67,328.41,0.0882,15.16,1,4,4,9,At Risk,1,2,Loyal Customers,"Upsell premium products, increase frequency"
16033,6,27,10836.13,605,3.35,479,401.34,0.0562,17.91,5,5,5,15,Champion,0,0,Champions,"Reward with loyalty perks, ask for reviews"
16034,197,6,928.72,43,2.34,213,154.79,0.028,21.6,2,4,3,9,At Risk,1,2,Loyal Customers,"Upsell premium products, increase frequency"
16035,561,1,217.73,21,7.77,0,217.73,1.0,10.37,1,1,1,3,Lost,1,3,Lost,Minimal spend — low re-engagement ROI
16036,88,4,2556.84,120,3.28,533,639.21,0.0075,21.31,3,4,4,11,Loyal,0,2,Loyal Customers,"Upsell premium products, increase frequency"
16037,270,5,1509.34,62,3.02,378,301.87,0.0132,24.34,2,4,4,10,Loyal,1,2,Loyal Customers,"Upsell premium products, increase frequency"
16038,8,3,471.78,24,3.19,194,157.26,0.0154,19.66,5,3,2,10,Loyal,0,1,At Risk,"Send win-back campaigns, offer discounts"
16039,424,2,456.4,27,1.74,204,228.2,0.0098,16.9,1,2,2,5,Hibernating,1,3,Lost,Minimal spend — low re-engagement ROI
16040,66,7,2416.9,95,4.04,544,345.27,0.0128,25.44,3,4,4,11,Loyal,0,2,Loyal Customers,"Upsell premium products, increase frequency"
16041,31,3,3166.4,6,5.39,110,1055.47,0.027,527.73,4,3,5,12,Loyal,0,2,Loyal Customers,"Upsell premium products, increase frequency"
16042,23,8,2265.12,88,2.98,431,283.14,0.0185,25.74,4,4,4,12,Loyal,0,2,Loyal Customers,"Upsell premium products, increase frequency"
16043,38,8,1856.59,56,4.14,444,232.07,0.018,33.15,4,4,4,12,Loyal,0,2,Loyal Customers,"Upsell premium products, increase frequency"
16044,436,1,340.84,19,3.02,0,340.84,1.0,17.94,1,1,2,4,Hibernating,1,3,Lost,Minimal spend — low re-engagement ROI
16045,120,8,3434.93,111,2.71,378,429.37,0.0211,30.95,3,4,5,12,Loyal,1,2,Loyal Customers,"Upsell premium products, increase frequency"
16046,563,1,235.78,22,2.52,0,235.78,1.0,10.72,1,1,1,3,Lost,1,3,Lost,Minimal spend — low re-engagement ROI
16047,683,1,107.14,1,107.14,0,107.14,1.0,107.14,1,1,1,3,Lost,1,3,Lost,Minimal spend — low re-engagement ROI
16048,374,4,1075.23,30,2.11,176,268.81,0.0226,35.84,2,4,3,9,At Risk,1,3,Lost,Minimal spend — low re-engagement ROI
16049,41,6,1899.68,383,2.29,475,316.61,0.0126,4.96,4,4,4,12,Loyal,0,2,Loyal Customers,"Upsell premium products, increase frequency"
16050,174,3,300.7,19,2.35,227,100.23,0.0132,15.83,3,3,2,8,At Risk,1,1,At Risk,"Send win-back campaigns, offer discounts"
16051,682,1,188.44,12,2.64,0,188.44,1.0,15.7,1,1,1,3,Lost,1,3,Lost,Minimal spend — low re-engagement ROI
16052,55,1,362.06,34,2.49,0,362.06,1.0,10.65,4,1,2,7,At Risk,0,1,At Risk,"Send win-back campaigns, offer discounts"
16053,33,6,3634.84,169,3.35,578,605.81,0.0104,21.51,4,4,5,13,Champion,0,2,Loyal Customers,"Upsell premium products, increase frequency"
16054,146,4,2111.88,109,6.83,471,527.97,0.0085,19.38,3,4,4,11,Loyal,1,2,Loyal Customers,"Upsell premium products, increase frequency"
16055,221,1,134.8,8,8.99,0,134.8,1.0,16.85,2,1,1,4,Hibernating,1,1,At Risk,"Send win-back campaigns, offer discounts"
16056,46,1,664.85,66,3.77,0,664.85,1.0,10.07,4,1,3,8,At Risk,0,1,At Risk,"Send win-back campaigns, offer discounts"
16057,17,10,3854.85,175,3.71,684,385.48,0.0146,22.03,5,5,5,15,Champion,0,0,Champions,"Reward with loyalty perks, ask for reviews"
16058,407,1,62.7,2,3.35,0,62.7,1.0,31.35,2,1,1,4,Hibernating,1,3,Lost,Minimal spend — low re-engagement ROI
16059,66,12,3217.77,233,2.88,503,268.15,0.0238,13.81,3,5,5,13,Champion,0,0,Champions,"Reward with loyalty perks, ask for reviews"
16060,401,3,541.95,22,4.5,93,180.65,0.0319,24.63,2,3,2,7,At Risk,1,3,Lost,Minimal spend — low re-engagement ROI
16061,432,1,89.65,3,11.38,0,89.65,1.0,29.88,1,1,1,3,Lost,1,3,Lost,Minimal spend — low re-engagement ROI
16062,10,8,2863.45,134,2.7,526,357.93,0.0152,21.37,5,5,4,14,Champion,0,2,Loyal Customers,"Upsell premium products, increase frequency"
16063,261,1,335.32,23,2.24,0,335.32,1.0,14.58,2,1,2,5,Hibernating,1,1,At Risk,"Send win-back campaigns, offer discounts"
16064,726,1,111.0,17,2.65,0,111.0,1.0,6.53,1,1,1,3,Lost,1,3,Lost,Minimal spend — low re-engagement ROI
16065,366,8,2382.62,214,2.07,97,297.83,0.0816,11.13,2,5,4,11,Loyal,1,2,Loyal Customers,"Upsell premium products, increase frequency"
16066,17,5,1521.87,77,3.1,107,304.37,0.0463,19.76,5,4,4,13,Champion,0,2,Loyal Customers,"Upsell premium products, increase frequency"
16067,563,3,3395.29,60,3.85,112,1131.76,0.0265,56.59,1,3,5,9,At Risk,1,3,Lost,Minimal spend — low re-engagement ROI
16068,594,1,122.93,34,2.5,0,122.93,1.0,3.62,1,1,1,3,Lost,1,3,Lost,Minimal spend — low re-engagement ROI
16069,418,1,457.7,25,5.18,0,457.7,1.0,18.31,1,1,2,4,Hibernating,1,3,Lost,Minimal spend — low re-engagement ROI
16070,23,2,852.15,32,2.1,9,426.08,0.2,26.63,4,2,3,9,At Risk,0,1,At Risk,"Send win-back campaigns, offer discounts"
16071,45,4,1076.8,62,2.45,610,269.2,0.0065,17.37,4,4,3,11,Loyal,0,2,Loyal Customers,"Upsell premium products, increase frequency"
16072,289,4,4328.89,414,3.94,260,1082.22,0.0153,10.46,2,4,5,11,Loyal,1,2,Loyal Customers,"Upsell premium products, increase frequency"
16073,298,1,122.4,1,2.55,0,122.4,1.0,122.4,2,1,1,4,Hibernating,1,1,At Risk,"Send win-back campaigns, offer discounts"
16074,391,1,265.25,23,7.62,0,265.25,1.0,11.53,2,1,1,4,Hibernating,1,3,Lost,Minimal spend — low re-engagement ROI
16075,503,2,736.93,41,4.7,61,368.46,0.0323,17.97,1,2,3,6,Hibernating,1,3,Lost,Minimal spend — low re-engagement ROI
16076,4,10,2234.73,71,2.54,205,223.47,0.0485,31.48,5,5,4,14,Champion,0,2,Loyal Customers,"Upsell premium products, increase frequency"
16077,626,1,2300.4,8,2.03,0,2300.4,1.0,287.55,1,1,4,6,Hibernating,1,3,Lost,Minimal spend — low re-engagement ROI
16078,284,2,362.99,39,2.13,385,181.5,0.0052,9.31,2,2,2,6,Hibernating,1,1,At Risk,"Send win-back campaigns, offer discounts"
16079,17,3,1352.0,18,2.97,23,450.67,0.125,75.11,5,3,4,12,Loyal,0,2,Loyal Customers,"Upsell premium products, increase frequency"
16080,82,4,602.56,29,2.7,368,150.64,0.0108,20.78,3,4,2,9,At Risk,0,2,Loyal Customers,"Upsell premium products, increase frequency"
16081,57,8,4460.18,235,2.95,618,557.52,0.0129,18.98,4,5,5,14,Champion,0,2,Loyal Customers,"Upsell premium products, increase frequency"
16082,671,1,106.75,16,4.14,0,106.75,1.0,6.67,1,1,1,3,Lost,1,3,Lost,Minimal spend — low re-engagement ROI
16083,101,4,2351.42,61,1.83,287,587.86,0.0139,38.55,3,4,4,11,Loyal,1,2,Loyal Customers,"Upsell premium products, increase frequency"
16084,300,1,436.18,38,2.65,0,436.18,1.0,11.48,2,1,2,5,Hibernating,1,3,Lost,Minimal spend — low re-engagement ROI
16085,24,12,2343.53,259,2.76,664,195.29,0.018,9.05,4,5,4,13,Champion,0,0,Champions,"Reward with loyalty perks, ask for reviews"
16086,60,10,2864.99,66,3.13,677,286.5,0.0147,43.41,3,5,4,12,Loyal,0,2,Loyal Customers,"Upsell premium products, increase frequency"
16087,390,5,1739.92,6,2.41,300,347.98,0.0166,289.99,2,4,4,10,Loyal,1,2,Loyal Customers,"Upsell premium products, increase frequency"
16088,576,2,1437.43,3,4.36,15,718.72,0.125,479.14,1,2,4,7,At Risk,1,3,Lost,Minimal spend — low re-engagement ROI
16089,387,2,271.44,42,3.21,122,135.72,0.0163,6.46,2,2,1,5,Hibernating,1,3,Lost,Minimal spend — low re-engagement ROI
16090,625,1,205.91,18,4.72,0,205.91,1.0,11.44,1,1,1,3,Lost,1,3,Lost,Minimal spend — low re-engagement ROI
16091,155,2,315.06,16,2.84,43,157.53,0.0455,19.69,3,2,2,7,At Risk,1,1,At Risk,"Send win-back campaigns, offer discounts"
16092,115,6,1587.94,60,2.12,464,264.66,0.0129,26.47,3,4,4,11,Loyal,1,2,Loyal Customers,"Upsell premium products, increase frequency"
16093,107,1,17.0,1,0.85,0,17.0,1.0,17.0,3,1,1,5,Hibernating,1,1,At Risk,"Send win-back campaigns, offer discounts"
16094,12,11,3695.56,101,4.32,590,335.96,0.0186,36.59,5,5,5,15,Champion,0,0,Champions,"Reward with loyalty perks, ask for reviews"
16095,457,1,447.05,30,2.41,0,447.05,1.0,14.9,1,1,2,4,Hibernating,1,3,Lost,Minimal spend — low re-engagement ROI
16096,265,4,1584.97,58,7.08,380,396.24,0.0105,27.33,2,4,4,10,Loyal,1,2,Loyal Customers,"Upsell premium products, increase frequency"
16097,241,1,185.05,10,5.36,0,185.05,1.0,18.51,2,1,1,4,Hibernating,1,1,At Risk,"Send win-back campaigns, offer discounts"
16098,88,14,4448.1,83,3.68,637,317.72,0.0219,53.59,3,5,5,13,Champion,0,0,Champions,"Reward with loyalty perks, ask for reviews"
16099,51,7,1573.2,44,1.85,596,224.74,0.0117,35.75,4,4,4,12,Loyal,0,2,Loyal Customers,"Upsell premium products, increase frequency"
16100,463,1,582.64,37,1.69,0,582.64,1.0,15.75,1,1,2,4,Hibernating,1,3,Lost,Minimal spend — low re-engagement ROI
16101,71,4,3229.16,153,2.8,490,807.29,0.0081,21.11,3,4,5,12,Loyal,0,2,Loyal Customers,"Upsell premium products, increase frequency"
16102,43,3,1842.14,41,2.6,86,614.05,0.0345,44.93,4,3,4,11,Loyal,0,2,Loyal Customers,"Upsell premium products, increase frequency"
16103,8,22,6191.71,111,3.52,693,281.44,0.0317,55.78,5,5,5,15,Champion,0,0,Champions,"Reward with loyalty perks, ask for reviews"
16104,62,9,2778.61,187,3.58,671,308.73,0.0134,14.86,3,5,4,12,Loyal,0,2,Loyal Customers,"Upsell premium products, increase frequency"
16105,249,5,2386.19,92,1.76,355,477.24,0.014,25.94,2,4,4,10,Loyal,1,2,Loyal Customers,"Upsell premium products, increase frequency"
16106,66,1,108.38,6,1.51,0,108.38,1.0,18.06,3,1,1,5,Hibernating,0,1,At Risk,"Send win-back campaigns, offer discounts"
16107,18,7,3204.16,16,4.36,165,457.74,0.0422,200.26,5,4,5,14,Champion,0,2,Loyal Customers,"Upsell premium products, increase frequency"
16108,85,4,2235.92,124,2.76,546,558.98,0.0073,18.03,3,4,4,11,Loyal,0,2,Loyal Customers,"Upsell premium products, increase frequency"
16109,219,3,939.48,30,1.2,479,313.16,0.0062,31.32,2,3,3,8,At Risk,1,2,Loyal Customers,"Upsell premium products, increase frequency"
16110,46,4,1819.27,343,2.58,477,454.82,0.0084,5.3,4,4,4,12,Loyal,0,2,Loyal Customers,"Upsell premium products, increase frequency"
16111,429,1,562.48,72,3.05,0,562.48,1.0,7.81,1,1,2,4,Hibernating,1,3,Lost,Minimal spend — low re-engagement ROI
16112,144,4,195.74,15,0.56,195,48.94,0.0204,13.05,3,4,1,8,At Risk,1,1,At Risk,"Send win-back campaigns, offer discounts"
16113,184,1,161.38,30,2.65,0,161.38,1.0,5.38,3,1,1,5,Hibernating,1,1,At Risk,"Send win-back campaigns, offer discounts"
16114,171,1,135.75,8,3.34,0,135.75,1.0,16.97,3,1,1,5,Hibernating,1,1,At Risk,"Send win-back campaigns, offer discounts"
16115,10,12,2575.14,230,2.38,564,214.6,0.0212,11.2,5,5,4,14,Champion,0,0,Champions,"Reward with loyalty perks, ask for reviews"
16116,212,1,612.78,34,4.37,0,612.78,1.0,18.02,2,1,2,5,Hibernating,1,1,At Risk,"Send win-back campaigns, offer discounts"
16117,190,3,654.4,64,2.49,401,218.13,0.0075,10.22,3,3,3,9,At Risk,1,1,At Risk,"Send win-back campaigns, offer discounts"
16118,653,1,4376.25,41,2.76,0,4376.25,1.0,106.74,1,1,5,7,At Risk,1,3,Lost,Minimal spend — low re-engagement ROI
16119,9,8,1720.81,37,2.96,715,215.1,0.0112,46.51,5,5,4,14,Champion,0,2,Loyal Customers,"Upsell premium products, increase frequency"
16120,60,6,3056.91,84,1.6,362,509.48,0.0165,36.39,3,4,5,12,Loyal,0,2,Loyal Customers,"Upsell premium products, increase frequency"
16121,58,5,1477.09,256,2.06,508,295.42,0.0098,5.77,4,4,4,12,Loyal,0,2,Loyal Customers,"Upsell premium products, increase frequency"
16122,74,6,1001.34,28,1.74,352,166.89,0.017,35.76,3,4,3,10,Loyal,0,2,Loyal Customers,"Upsell premium products, increase frequency"
16123,52,1,307.78,16,3.11,0,307.78,1.0,19.24,4,1,2,7,At Risk,0,1,At Risk,"Send win-back campaigns, offer discounts"
16124,318,4,1772.49,63,4.57,415,443.12,0.0096,28.13,2,4,4,10,Loyal,1,2,Loyal Customers,"Upsell premium products, increase frequency"
16125,368,14,4587.65,168,3.6,358,327.69,0.039,27.31,2,5,5,12,Loyal,1,0,Champions,"Reward with loyalty perks, ask for reviews"
16126,30,15,14646.8,144,3.25,708,976.45,0.0212,101.71,4,5,5,14,Champion,0,0,Champions,"Reward with loyalty perks, ask for reviews"
16127,40,2,801.31,75,2.97,687,400.66,0.0029,10.68,4,2,3,9,At Risk,0,1,At Risk,"Send win-back campaigns, offer discounts"
16128,18,11,3801.05,155,2.33,493,345.55,0.0223,24.52,5,5,5,15,Champion,0,0,Champions,"Reward with loyalty perks, ask for reviews"
16129,408,3,1396.05,91,3.46,100,465.35,0.0297,15.34,2,3,4,9,At Risk,1,3,Lost,Minimal spend — low re-engagement ROI
16130,423,4,987.48,53,5.92,195,246.87,0.0204,18.63,1,4,3,8,At Risk,1,3,Lost,Minimal spend — low re-engagement ROI
16131,52,12,9957.42,131,3.05,686,829.78,0.0175,76.01,4,5,5,14,Champion,0,0,Champions,"Reward with loyalty perks, ask for reviews"
16132,545,2,664.2,14,4.53,83,332.1,0.0238,47.44,1,2,3,6,Hibernating,1,3,Lost,Minimal spend — low re-engagement ROI
16133,4,56,22992.26,303,4.23,614,410.58,0.0911,75.88,5,5,5,15,Champion,0,0,Champions,"Reward with loyalty perks, ask for reviews"
16134,22,5,2145.34,85,2.23,519,429.07,0.0096,25.24,4,4,4,12,Loyal,0,2,Loyal Customers,"Upsell premium products, increase frequency"
16135,263,2,819.45,35,3.48,321,409.72,0.0062,23.41,2,2,3,7,At Risk,1,1,At Risk,"Send win-back campaigns, offer discounts"
16136,60,4,946.8,44,2.4,603,236.7,0.0066,21.52,3,4,3,10,Loyal,0,2,Loyal Customers,"Upsell premium products, increase frequency"
16137,681,1,422.7,28,2.7,0,422.7,1.0,15.1,1,1,2,4,Hibernating,1,3,Lost,Minimal spend — low re-engagement ROI
16138,379,3,910.35,35,4.01,212,303.45,0.0141,26.01,2,3,3,8,At Risk,1,3,Lost,Minimal spend — low re-engagement ROI
16139,19,5,1111.15,47,2.78,717,222.23,0.007,23.64,5,4,3,12,Loyal,0,2,Loyal Customers,"Upsell premium products, increase frequency"
16140,66,3,1557.6,50,1.99,376,519.2,0.008,31.15,3,3,4,10,Loyal,0,2,Loyal Customers,"Upsell premium products, increase frequency"
16141,89,2,955.94,47,5.19,328,477.97,0.0061,20.34,3,2,3,8,At Risk,0,1,At Risk,"Send win-back campaigns, offer discounts"
16142,250,1,535.34,37,2.88,0,535.34,1.0,14.47,2,1,2,5,Hibernating,1,1,At Risk,"Send win-back campaigns, offer discounts"
16143,4,12,4910.83,107,3.65,726,409.24,0.0165,45.9,5,5,5,15,Champion,0,0,Champions,"Reward with loyalty perks, ask for reviews"
16144,247,1,175.2,1,10.95,0,175.2,1.0,175.2,2,1,1,4,Hibernating,1,1,At Risk,"Send win-back campaigns, offer discounts"
16145,9,19,6805.44,217,2.76,575,358.18,0.033,31.36,5,5,5,15,Champion,0,0,Champions,"Reward with loyalty perks, ask for reviews"
16146,158,4,946.38,34,2.18,291,236.6,0.0137,27.83,3,4,3,10,Loyal,1,2,Loyal Customers,"Upsell premium products, increase frequency"
16147,134,5,2398.91,113,3.12,538,479.78,0.0093,21.23,3,4,4,11,Loyal,1,2,Loyal Customers,"Upsell premium products, increase frequency"
16148,297,2,386.62,9,2.04,140,193.31,0.0142,42.96,2,2,2,6,Hibernating,1,1,At Risk,"Send win-back campaigns, offer discounts"
16149,5,3,422.22,30,1.04,424,140.74,0.0071,14.07,5,3,2,10,Loyal,0,1,At Risk,"Send win-back campaigns, offer discounts"
16150,43,10,4395.59,143,3.12,679,439.56,0.0147,30.74,4,5,5,14,Champion,0,0,Champions,"Reward with loyalty perks, ask for reviews"
16152,269,1,1829.04,29,5.98,0,1829.04,1.0,63.07,2,1,4,7,At Risk,1,1,At Risk,"Send win-back campaigns, offer discounts"
16153,50,11,5133.49,161,2.66,512,466.68,0.0214,31.89,4,5,5,14,Champion,0,0,Champions,"Reward with loyalty perks, ask for reviews"
16155,382,5,796.9,45,3.46,158,159.38,0.0314,17.71,2,4,3,9,At Risk,1,3,Lost,Minimal spend — low re-engagement ROI
16156,9,20,6218.18,199,2.72,728,310.91,0.0274,31.25,5,5,5,15,Champion,0,0,Champions,"Reward with loyalty perks, ask for reviews"
16157,16,3,656.69,12,3.45,56,218.9,0.0526,54.72,5,3,3,11,Loyal,0,1,At Risk,"Send win-back campaigns, offer discounts"
16158,523,9,628.32,29,7.06,211,69.81,0.0425,21.67,1,5,3,9,At Risk,1,3,Lost,Minimal spend — low re-engagement ROI
16159,282,4,1232.79,31,3.33,455,308.2,0.0088,39.77,2,4,3,9,At Risk,1,2,Loyal Customers,"Upsell premium products, increase frequency"
16160,66,2,1025.44,20,1.74,20,512.72,0.0952,51.27,3,2,3,8,At Risk,0,1,At Risk,"Send win-back campaigns, offer discounts"
16161,2,43,12831.8,458,2.86,668,298.41,0.0643,28.02,5,5,5,15,Champion,0,0,Champions,"Reward with loyalty perks, ask for reviews"
16162,253,1,37.4,2,9.35,0,37.4,1.0,18.7,2,1,1,4,Hibernating,1,1,At Risk,"Send win-back campaigns, offer discounts"
16163,233,6,2849.58,59,5.18,505,474.93,0.0119,48.3,2,4,4,10,Loyal,1,2,Loyal Customers,"Upsell premium products, increase frequency"
16164,18,3,822.48,27,2.43,25,274.16,0.1154,30.46,5,3,3,11,Loyal,0,2,Loyal Customers,"Upsell premium products, increase frequency"
16165,506,1,79.9,1,39.95,0,79.9,1.0,79.9,1,1,1,3,Lost,1,3,Lost,Minimal spend — low re-engagement ROI
16166,429,2,435.83,18,3.57,263,217.92,0.0076,24.21,1,2,2,5,Hibernating,1,3,Lost,Minimal spend — low re-engagement ROI
16167,415,5,1386.12,51,4.18,324,277.22,0.0154,27.18,1,4,4,9,At Risk,1,3,Lost,Minimal spend — low re-engagement ROI
16168,11,66,10636.47,131,4.06,726,161.16,0.0908,81.19,5,5,5,15,Champion,0,0,Champions,"Reward with loyalty perks, ask for reviews"
16169,9,4,1822.97,71,2.07,67,455.74,0.0588,25.68,5,4,4,13,Champion,0,2,Loyal Customers,"Upsell premium products, increase frequency"
16170,51,20,6869.0,254,1.9,608,343.45,0.0328,27.04,4,5,5,14,Champion,0,0,Champions,"Reward with loyalty perks, ask for reviews"
16171,60,1,73.2,3,3.42,0,73.2,1.0,24.4,3,1,1,5,Hibernating,0,1,At Risk,"Send win-back campaigns, offer discounts"
16172,96,8,1884.55,81,1.96,417,235.57,0.0191,23.27,3,5,4,12,Loyal,1,2,Loyal Customers,"Upsell premium products, increase frequency"
16173,16,6,1418.32,70,4.03,82,236.39,0.0723,20.26,5,4,4,13,Champion,0,2,Loyal Customers,"Upsell premium products, increase frequency"
16174,127,7,2246.75,28,2.45,476,320.96,0.0147,80.24,3,4,4,11,Loyal,1,2,Loyal Customers,"Upsell premium products, increase frequency"
16175,95,7,1836.44,59,3.36,469,262.35,0.0149,31.13,3,4,4,11,Loyal,1,2,Loyal Customers,"Upsell premium products, increase frequency"
16176,422,4,2052.69,53,3.59,198,513.17,0.0201,38.73,1,4,4,9,At Risk,1,2,Loyal Customers,"Upsell premium products, increase frequency"
16177,51,8,2247.31,79,3.95,596,280.91,0.0134,28.45,4,5,4,13,Champion,0,2,Loyal Customers,"Upsell premium products, increase frequency"
16178,139,2,612.6,24,3.1,263,306.3,0.0076,25.52,3,2,2,7,At Risk,1,1,At Risk,"Send win-back campaigns, offer discounts"
16179,61,1,215.83,11,3.73,0,215.83,1.0,19.62,3,1,1,5,Hibernating,0,1,At Risk,"Send win-back campaigns, offer discounts"
16180,101,13,16249.87,171,2.23,434,1249.99,0.0299,95.03,3,5,5,13,Champion,1,0,Champions,"Reward with loyalty perks, ask for reviews"
16181,74,1,305.54,11,2.41,0,305.54,1.0,27.78,3,1,2,6,Hibernating,0,1,At Risk,"Send win-back campaigns, offer discounts"
16182,73,9,9971.65,20,1.85,568,1107.96,0.0158,498.58,3,5,5,13,Champion,0,0,Champions,"Reward with loyalty perks, ask for reviews"
16183,68,4,1077.81,32,3.89,340,269.45,0.0117,33.68,3,4,3,10,Loyal,0,2,Loyal Customers,"Upsell premium products, increase frequency"
16184,65,6,1158.79,26,4.01,147,193.13,0.0405,44.57,3,4,3,10,Loyal,0,2,Loyal Customers,"Upsell premium products, increase frequency"
16185,17,3,644.72,39,3.2,547,214.91,0.0055,16.53,5,3,3,11,Loyal,0,1,At Risk,"Send win-back campaigns, offer discounts"
16186,23,26,9026.11,172,1.92,707,347.16,0.0367,52.48,4,5,5,14,Champion,0,0,Champions,"Reward with loyalty perks, ask for reviews"
16187,32,15,6911.44,160,2.17,252,460.76,0.0593,43.2,4,5,5,14,Champion,0,0,Champions,"Reward with loyalty perks, ask for reviews"
16188,45,5,1087.66,72,2.37,364,217.53,0.0137,15.11,4,4,3,11,Loyal,0,2,Loyal Customers,"Upsell premium products, increase frequency"
16189,16,2,215.48,9,3.94,69,107.74,0.0286,23.94,5,2,1,8,At Risk,0,1,At Risk,"Send win-back campaigns, offer discounts"
16190,41,8,2723.55,89,4.37,685,340.44,0.0117,30.6,4,5,4,13,Champion,0,2,Loyal Customers,"Upsell premium products, increase frequency"
16191,3,24,15688.02,113,2.64,725,653.67,0.0331,138.83,5,5,5,15,Champion,0,0,Champions,"Reward with loyalty perks, ask for reviews"
16192,736,1,351.3,11,2.08,0,351.3,1.0,31.94,1,1,2,4,Hibernating,1,3,Lost,Minimal spend — low re-engagement ROI
16193,237,2,630.43,38,2.69,174,315.21,0.0114,16.59,2,2,3,7,At Risk,1,1,At Risk,"Send win-back campaigns, offer discounts"
16194,376,1,308.6,8,5.39,0,308.6,1.0,38.58,2,1,2,5,Hibernating,1,3,Lost,Minimal spend — low re-engagement ROI
16195,724,1,323.25,16,3.33,0,323.25,1.0,20.2,1,1,2,4,Hibernating,1,3,Lost,Minimal spend — low re-engagement ROI
16196,489,1,93.3,4,3.71,0,93.3,1.0,23.32,1,1,1,3,Lost,1,3,Lost,Minimal spend — low re-engagement ROI
16197,470,9,2016.71,52,3.24,254,224.08,0.0353,38.78,1,5,4,10,Loyal,1,2,Loyal Customers,"Upsell premium products, increase frequency"
16198,76,2,1030.04,31,3.8,362,515.02,0.0055,33.23,3,2,3,8,At Risk,0,1,At Risk,"Send win-back campaigns, offer discounts"
16199,393,7,942.75,2,3.34,238,134.68,0.0293,471.38,2,4,3,9,At Risk,1,2,Loyal Customers,"Upsell premium products, increase frequency"
16200,5,12,5643.45,361,2.83,732,470.29,0.0164,15.63,5,5,5,15,Champion,0,0,Champions,"Reward with loyalty perks, ask for reviews"
16201,4,5,2112.12,86,2.2,412,422.42,0.0121,24.56,5,4,4,13,Champion,0,2,Loyal Customers,"Upsell premium products, increase frequency"
16202,361,9,2501.99,105,4.04,376,278.0,0.0239,23.83,2,5,4,11,Loyal,1,2,Loyal Customers,"Upsell premium products, increase frequency"
16203,59,6,1114.54,56,2.74,445,185.76,0.0135,19.9,4,4,3,11,Loyal,0,2,Loyal Customers,"Upsell premium products, increase frequency"
16204,24,3,944.24,86,2.22,707,314.75,0.0042,10.98,4,3,3,10,Loyal,0,2,Loyal Customers,"Upsell premium products, increase frequency"
16205,31,7,1830.61,147,2.27,511,261.52,0.0137,12.45,4,4,4,12,Loyal,0,2,Loyal Customers,"Upsell premium products, increase frequency"
16206,55,13,2602.32,187,3.04,629,200.18,0.0206,13.92,4,5,4,13,Champion,0,0,Champions,"Reward with loyalty perks, ask for reviews"
16207,26,1,394.38,19,4.26,0,394.38,1.0,20.76,4,1,2,7,At Risk,0,1,At Risk,"Send win-back campaigns, offer discounts"
16208,45,10,3440.45,180,3.4,608,344.04,0.0164,19.11,4,5,5,14,Champion,0,0,Champions,"Reward with loyalty perks, ask for reviews"
16209,89,9,4146.78,51,2.98,458,460.75,0.0196,81.31,3,5,5,13,Champion,0,2,Loyal Customers,"Upsell premium products, increase frequency"
16210,2,35,38489.51,145,3.97,735,1099.7,0.0476,265.44,5,5,5,15,Champion,0,0,Champions,"Reward with loyalty perks, ask for reviews"
16211,89,3,1090.59,35,3.37,349,363.53,0.0086,31.16,3,3,3,9,At Risk,0,2,Loyal Customers,"Upsell premium products, increase frequency"
16212,20,4,1293.71,71,4.0,650,323.43,0.0061,18.22,5,4,4,13,Champion,0,2,Loyal Customers,"Upsell premium products, increase frequency"
16213,79,1,159.0,6,3.82,0,159.0,1.0,26.5,3,1,1,5,Hibernating,0,1,At Risk,"Send win-back campaigns, offer discounts"
16214,171,4,2038.25,84,3.88,264,509.56,0.0151,24.26,3,4,4,11,Loyal,1,2,Loyal Customers,"Upsell premium products, increase frequency"
16215,81,1,242.35,14,4.29,0,242.35,1.0,17.31,3,1,1,5,Hibernating,0,1,At Risk,"Send win-back campaigns, offer discounts"
16216,268,1,914.93,37,8.99,0,914.93,1.0,24.73,2,1,3,6,Hibernating,1,1,At Risk,"Send win-back campaigns, offer discounts"
16217,236,2,304.25,13,4.21,46,152.12,0.0426,23.4,2,2,2,6,Hibernating,1,1,At Risk,"Send win-back campaigns, offer discounts"
16218,30,13,4439.97,82,1.6,531,341.54,0.0244,54.15,4,5,5,14,Champion,0,0,Champions,"Reward with loyalty perks, ask for reviews"
16219,501,1,40.8,1,0.85,0,40.8,1.0,40.8,1,1,1,3,Lost,1,3,Lost,Minimal spend — low re-engagement ROI
16221,37,9,2235.51,177,2.88,449,248.39,0.02,12.63,4,5,4,13,Champion,0,2,Loyal Customers,"Upsell premium products, increase frequency"
16222,319,2,1345.22,133,3.47,402,672.61,0.005,10.11,2,2,4,8,At Risk,1,3,Lost,Minimal spend — low re-engagement ROI
16223,375,2,1102.35,101,2.71,20,551.17,0.0952,10.91,2,2,3,7,At Risk,1,3,Lost,Minimal spend — low re-engagement ROI
16224,58,5,1616.54,107,2.44,330,323.31,0.0151,15.11,4,4,4,12,Loyal,0,2,Loyal Customers,"Upsell premium products, increase frequency"
16225,45,15,2867.41,189,2.77,625,191.16,0.024,15.17,4,5,4,13,Champion,0,0,Champions,"Reward with loyalty perks, ask for reviews"
16226,204,5,672.17,23,1.79,210,134.43,0.0237,29.22,2,4,3,9,At Risk,1,2,Loyal Customers,"Upsell premium products, increase frequency"
16227,226,3,1027.22,28,3.08,310,342.41,0.0096,36.69,2,3,3,8,At Risk,1,2,Loyal Customers,"Upsell premium products, increase frequency"
16228,386,3,890.81,45,2.92,14,296.94,0.2,19.8,2,3,3,8,At Risk,1,3,Lost,Minimal spend — low re-engagement ROI
16229,88,6,2867.86,144,2.69,477,477.98,0.0126,19.92,3,4,4,11,Loyal,0,2,Loyal Customers,"Upsell premium products, increase frequency"
16230,190,2,542.03,32,1.95,30,271.02,0.0645,16.94,3,2,2,7,At Risk,1,1,At Risk,"Send win-back campaigns, offer discounts"
16231,380,4,1078.22,69,2.24,218,269.56,0.0183,15.63,2,4,3,9,At Risk,1,3,Lost,Minimal spend — low re-engagement ROI
16232,44,7,2712.97,60,2.17,506,387.57,0.0138,45.22,4,4,4,12,Loyal,0,2,Loyal Customers,"Upsell premium products, increase frequency"
16233,72,9,1965.71,49,4.28,666,218.41,0.0135,40.12,3,5,4,12,Loyal,0,2,Loyal Customers,"Upsell premium products, increase frequency"
16234,477,3,333.18,13,3.06,85,111.06,0.0349,25.63,1,3,2,6,Hibernating,1,3,Lost,Minimal spend — low re-engagement ROI
16235,41,9,2053.71,80,5.14,429,228.19,0.0209,25.67,4,5,4,13,Champion,0,2,Loyal Customers,"Upsell premium products, increase frequency"
16236,79,1,432.2,20,2.88,0,432.2,1.0,21.61,3,1,2,6,Hibernating,0,1,At Risk,"Send win-back campaigns, offer discounts"
16237,438,1,136.65,7,4.13,0,136.65,1.0,19.52,1,1,1,3,Lost,1,3,Lost,Minimal spend — low re-engagement ROI
16238,423,1,63.66,6,0.81,0,63.66,1.0,10.61,1,1,1,3,Lost,1,3,Lost,Minimal spend — low re-engagement ROI
16239,57,6,1492.2,24,2.43,406,248.7,0.0147,62.18,4,4,4,12,Loyal,0,2,Loyal Customers,"Upsell premium products, increase frequency"
16240,25,2,3718.8,126,4.09,53,1859.4,0.037,29.51,4,2,5,11,Loyal,0,2,Loyal Customers,"Upsell premium products, increase frequency"
16241,10,16,4329.31,500,2.36,400,270.58,0.0399,8.66,5,5,5,15,Champion,0,0,Champions,"Reward with loyalty perks, ask for reviews"
16242,9,14,7474.4,348,2.72,625,533.89,0.0224,21.48,5,5,5,15,Champion,0,0,Champions,"Reward with loyalty perks, ask for reviews"
16243,34,2,409.1,49,5.84,21,204.55,0.0909,8.35,4,2,2,8,At Risk,0,1,At Risk,"Send win-back campaigns, offer discounts"
16244,212,2,2579.38,88,2.59,160,1289.69,0.0124,29.31,2,2,4,8,At Risk,1,2,Loyal Customers,"Upsell premium products, increase frequency"
16245,24,3,1413.66,80,2.92,233,471.22,0.0128,17.67,4,3,4,11,Loyal,0,2,Loyal Customers,"Upsell premium products, increase frequency"
16246,460,2,827.25,79,2.89,209,413.62,0.0095,10.47,1,2,3,6,Hibernating,1,3,Lost,Minimal spend — low re-engagement ROI
16247,171,1,114.56,16,2.71,0,114.56,1.0,7.16,3,1,1,5,Hibernating,1,1,At Risk,"Send win-back campaigns, offer discounts"
16248,62,1,152.94,7,2.03,0,152.94,1.0,21.85,3,1,1,5,Hibernating,0,1,At Risk,"Send win-back campaigns, offer discounts"
16249,53,5,1800.07,67,3.48,186,360.01,0.0267,26.87,4,4,4,12,Loyal,0,2,Loyal Customers,"Upsell premium products, increase frequency"
16250,262,3,791.38,29,3.58,125,263.79,0.0238,27.29,2,3,3,8,At Risk,1,1,At Risk,"Send win-back campaigns, offer discounts"
16251,513,1,128.31,20,3.03,0,128.31,1.0,6.42,1,1,1,3,Lost,1,3,Lost,Minimal spend — low re-engagement ROI
16252,383,1,295.09,21,3.2,0,295.09,1.0,14.05,2,1,2,5,Hibernating,1,3,Lost,Minimal spend — low re-engagement ROI
16253,67,7,7310.15,218,1.96,664,1044.31,0.0105,33.53,3,4,5,12,Loyal,0,0,Champions,"Reward with loyalty perks, ask for reviews"
16254,379,3,985.14,65,3.15,253,328.38,0.0118,15.16,2,3,3,8,At Risk,1,3,Lost,Minimal spend — low re-engagement ROI
16255,17,15,4906.8,231,3.09,668,327.12,0.0224,21.24,5,5,5,15,Champion,0,0,Champions,"Reward with loyalty perks, ask for reviews"
16256,267,3,1629.37,27,4.03,331,543.12,0.009,60.35,2,3,4,9,At Risk,1,2,Loyal Customers,"Upsell premium products, increase frequency"
16257,177,1,46.95,2,23.48,0,46.95,1.0,23.48,3,1,1,5,Hibernating,1,1,At Risk,"Send win-back campaigns, offer discounts"
16258,46,15,11942.52,253,2.66,593,796.17,0.0253,47.2,4,5,5,14,Champion,0,0,Champions,"Reward with loyalty perks, ask for reviews"
16259,411,3,361.94,75,2.75,194,120.65,0.0154,4.83,2,3,2,7,At Risk,1,3,Lost,Minimal spend — low re-engagement ROI
16260,51,1,1035.45,18,5.37,0,1035.45,1.0,57.53,4,1,3,8,At Risk,0,1,At Risk,"Send win-back campaigns, offer discounts"
16261,18,6,1059.45,118,3.06,425,176.58,0.0141,8.98,5,4,3,12,Loyal,0,2,Loyal Customers,"Upsell premium products, increase frequency"
16262,379,1,755.15,46,3.05,0,755.15,1.0,16.42,2,1,3,6,Hibernating,1,3,Lost,Minimal spend — low re-engagement ROI
16263,424,1,351.01,19,2.54,0,351.01,1.0,18.47,1,1,2,4,Hibernating,1,3,Lost,Minimal spend — low re-engagement ROI
16264,439,2,837.53,62,2.51,7,418.76,0.25,13.51,1,2,3,6,Hibernating,1,3,Lost,Minimal spend — low re-engagement ROI
16265,10,12,6935.17,192,4.27,398,577.93,0.0301,36.12,5,5,5,15,Champion,0,0,Champions,"Reward with loyalty perks, ask for reviews"
16266,74,14,1757.95,73,4.29,599,125.57,0.0233,24.08,3,5,4,12,Loyal,0,0,Champions,"Reward with loyalty perks, ask for reviews"
16267,592,1,186.66,7,1.25,0,186.66,1.0,26.67,1,1,1,3,Lost,1,3,Lost,Minimal spend — low re-engagement ROI
16268,72,2,667.65,45,4.26,0,333.82,2.0,14.84,3,2,3,8,At Risk,0,1,At Risk,"Send win-back campaigns, offer discounts"
16269,438,1,717.57,53,2.31,0,717.57,1.0,13.54,1,1,3,5,Hibernating,1,3,Lost,Minimal spend — low re-engagement ROI
16270,354,1,1141.24,54,3.22,0,1141.24,1.0,21.13,2,1,3,6,Hibernating,1,3,Lost,Minimal spend — low re-engagement ROI
16271,3,10,3463.02,176,1.93,640,346.3,0.0156,19.68,5,5,5,15,Champion,0,0,Champions,"Reward with loyalty perks, ask for reviews"
16272,117,1,411.7,25,1.74,0,411.7,1.0,16.47,3,1,2,6,Hibernating,1,1,At Risk,"Send win-back campaigns, offer discounts"
16273,649,2,336.04,15,7.75,7,168.02,0.25,22.4,1,2,2,5,Hibernating,1,3,Lost,Minimal spend — low re-engagement ROI
16274,374,1,715.9,64,4.28,0,715.9,1.0,11.19,2,1,3,6,Hibernating,1,3,Lost,Minimal spend — low re-engagement ROI
16275,197,3,2151.11,105,3.72,444,717.04,0.0067,20.49,2,3,4,9,At Risk,1,2,Loyal Customers,"Upsell premium products, increase frequency"
16276,177,3,2629.39,20,2.65,430,876.46,0.007,131.47,3,3,4,10,Loyal,1,2,Loyal Customers,"Upsell premium products, increase frequency"
16277,734,1,188.69,23,6.52,0,188.69,1.0,8.2,1,1,1,3,Lost,1,3,Lost,Minimal spend — low re-engagement ROI
16278,101,3,1117.84,50,7.55,399,372.61,0.0075,22.36,3,3,3,9,At Risk,1,2,Loyal Customers,"Upsell premium products, increase frequency"
16279,22,9,5705.08,243,2.52,575,633.9,0.0156,23.48,4,5,5,14,Champion,0,0,Champions,"Reward with loyalty perks, ask for reviews"
16280,726,1,238.05,16,3.81,0,238.05,1.0,14.88,1,1,1,3,Lost,1,3,Lost,Minimal spend — low re-engagement ROI
16281,73,3,3424.02,27,2.48,610,1141.34,0.0049,126.82,3,3,5,11,Loyal,0,2,Loyal Customers,"Upsell premium products, increase frequency"
16282,340,3,1307.58,31,3.48,378,435.86,0.0079,42.18,2,3,4,9,At Risk,1,2,Loyal Customers,"Upsell premium products, increase frequency"
16283,6,8,4403.82,385,2.33,643,550.48,0.0124,11.44,5,5,5,15,Champion,0,2,Loyal Customers,"Upsell premium products, increase frequency"
16284,32,3,1029.77,108,2.11,362,343.26,0.0083,9.53,4,3,3,10,Loyal,0,2,Loyal Customers,"Upsell premium products, increase frequency"
16285,647,1,176.9,31,2.99,0,176.9,1.0,5.71,1,1,1,3,Lost,1,3,Lost,Minimal spend — low re-engagement ROI
16286,478,2,328.95,17,4.17,146,164.48,0.0136,19.35,1,2,2,5,Hibernating,1,3,Lost,Minimal spend — low re-engagement ROI
16287,170,5,1006.98,18,2.14,519,201.4,0.0096,55.94,3,4,3,10,Loyal,1,2,Loyal Customers,"Upsell premium products, increase frequency"
16288,471,1,129.85,7,8.72,0,129.85,1.0,18.55,1,1,1,3,Lost,1,3,Lost,Minimal spend — low re-engagement ROI
16289,463,1,136.31,21,1.81,0,136.31,1.0,6.49,1,1,1,3,Lost,1,3,Lost,Minimal spend — low re-engagement ROI
16290,465,4,2069.3,85,5.24,101,517.33,0.0392,24.34,1,4,4,9,At Risk,1,3,Lost,Minimal spend — low re-engagement ROI
16291,683,1,117.72,1,117.72,0,117.72,1.0,117.72,1,1,1,3,Lost,1,3,Lost,Minimal spend — low re-engagement ROI
16292,122,5,1253.76,51,4.5,482,250.75,0.0104,24.58,3,4,4,11,Loyal,1,2,Loyal Customers,"Upsell premium products, increase frequency"
16293,22,15,4657.95,168,4.01,707,310.53,0.0212,27.73,4,5,5,14,Champion,0,0,Champions,"Reward with loyalty perks, ask for reviews"
16294,477,1,126.05,8,2.72,0,126.05,1.0,15.76,1,1,1,3,Lost,1,3,Lost,Minimal spend — low re-engagement ROI
16295,10,4,1328.55,70,3.77,54,332.14,0.0727,18.98,5,4,4,13,Champion,0,2,Loyal Customers,"Upsell premium products, increase frequency"
16296,627,4,1313.67,56,3.22,95,328.42,0.0417,23.46,1,4,4,9,At Risk,1,3,Lost,Minimal spend — low re-engagement ROI
16297,269,1,301.9,20,2.79,0,301.9,1.0,15.1,2,1,2,5,Hibernating,1,1,At Risk,"Send win-back campaigns, offer discounts"
16298,23,7,1085.7,32,4.74,419,155.1,0.0167,33.93,4,4,3,11,Loyal,0,2,Loyal Customers,"Upsell premium products, increase frequency"
16299,478,1,193.65,12,2.89,0,193.65,1.0,16.14,1,1,1,3,Lost,1,3,Lost,Minimal spend — low re-engagement ROI
16300,431,3,1392.43,190,2.54,245,464.14,0.0122,7.33,1,3,4,8,At Risk,1,3,Lost,Minimal spend — low re-engagement ROI
16301,737,1,107.33,6,3.32,0,107.33,1.0,17.89,1,1,1,3,Lost,1,3,Lost,Minimal spend — low re-engagement ROI
16302,127,1,233.22,11,1.76,0,233.22,1.0,21.2,3,1,1,5,Hibernating,1,1,At Risk,"Send win-back campaigns, offer discounts"
16303,26,7,7928.27,156,3.05,605,1132.61,0.0116,50.82,4,4,5,13,Champion,0,0,Champions,"Reward with loyalty perks, ask for reviews"
16304,695,1,381.66,25,2.76,0,381.66,1.0,15.27,1,1,2,4,Hibernating,1,3,Lost,Minimal spend — low re-engagement ROI
16305,139,1,361.22,22,1.68,0,361.22,1.0,16.42,3,1,2,6,Hibernating,1,1,At Risk,"Send win-back campaigns, offer discounts"
16306,214,7,1192.82,55,2.12,221,170.4,0.0315,21.69,2,4,3,9,At Risk,1,2,Loyal Customers,"Upsell premium products, increase frequency"
16307,430,3,1194.92,69,1.83,147,398.31,0.0203,17.32,1,3,3,7,At Risk,1,3,Lost,Minimal spend — low re-engagement ROI
16308,38,7,5120.0,1,0.32,686,731.43,0.0102,5120.0,4,4,5,13,Champion,0,2,Loyal Customers,"Upsell premium products, increase frequency"
16309,107,2,706.57,39,2.42,134,353.28,0.0148,18.12,3,2,3,8,At Risk,1,1,At Risk,"Send win-back campaigns, offer discounts"
16310,415,2,460.08,26,3.13,227,230.04,0.0088,17.7,1,2,2,5,Hibernating,1,3,Lost,Minimal spend — low re-engagement ROI
16311,18,2,616.26,35,2.47,31,308.13,0.0625,17.61,5,2,2,9,At Risk,0,1,At Risk,"Send win-back campaigns, offer discounts"
16312,433,1,171.15,10,5.62,0,171.15,1.0,17.12,1,1,1,3,Lost,1,3,Lost,Minimal spend — low re-engagement ROI
16313,4,2,274.15,16,3.1,46,137.07,0.0426,17.13,5,2,1,8,At Risk,0,1,At Risk,"Send win-back campaigns, offer discounts"
16314,390,3,1491.4,58,3.62,83,497.13,0.0357,25.71,2,3,4,9,At Risk,1,3,Lost,Minimal spend — low re-engagement ROI
16315,331,2,402.71,21,4.89,205,201.36,0.0097,19.18,2,2,2,6,Hibernating,1,3,Lost,Minimal spend — low re-engagement ROI
16316,65,13,5744.91,193,4.27,428,441.92,0.0303,29.77,3,5,5,13,Champion,0,0,Champions,"Reward with loyalty perks, ask for reviews"
16317,120,5,2192.51,103,3.7,465,438.5,0.0107,21.29,3,4,4,11,Loyal,1,2,Loyal Customers,"Upsell premium products, increase frequency"
16318,36,1,328.15,19,2.47,0,328.15,1.0,17.27,4,1,2,7,At Risk,0,1,At Risk,"Send win-back campaigns, offer discounts"
16319,218,1,404.4,3,5.62,0,404.4,1.0,134.8,2,1,2,5,Hibernating,1,1,At Risk,"Send win-back campaigns, offer discounts"
16320,173,6,5628.99,193,2.93,509,938.16,0.0118,29.17,3,4,5,12,Loyal,1,2,Loyal Customers,"Upsell premium products, increase frequency"
16321,73,7,604.55,15,2.92,666,86.36,0.0105,40.3,3,4,2,9,At Risk,0,2,Loyal Customers,"Upsell premium products, increase frequency"
16322,2,2,326.75,28,2.44,35,163.38,0.0556,11.67,5,2,2,9,At Risk,0,1,At Risk,"Send win-back campaigns, offer discounts"
16323,197,2,353.66,4,2.34,381,176.83,0.0052,88.42,2,2,2,6,Hibernating,1,1,At Risk,"Send win-back campaigns, offer discounts"
16324,129,3,428.68,100,2.13,48,142.89,0.0612,4.29,3,3,2,8,At Risk,1,1,At Risk,"Send win-back campaigns, offer discounts"
16325,47,12,3597.5,104,2.59,688,299.79,0.0174,34.59,4,5,5,14,Champion,0,0,Champions,"Reward with loyalty perks, ask for reviews"
16326,6,24,4826.99,243,5.16,674,201.12,0.0356,19.86,5,5,5,15,Champion,0,0,Champions,"Reward with loyalty perks, ask for reviews"
16327,15,16,10731.34,289,2.13,711,670.71,0.0225,37.13,5,5,5,15,Champion,0,0,Champions,"Reward with loyalty perks, ask for reviews"
16328,564,1,310.83,16,2.88,0,310.83,1.0,19.43,1,1,2,4,Hibernating,1,3,Lost,Minimal spend — low re-engagement ROI
16329,428,4,1703.07,83,2.27,311,425.77,0.0128,20.52,1,4,4,9,At Risk,1,3,Lost,Minimal spend — low re-engagement ROI
16330,18,7,634.33,105,2.52,644,90.62,0.0109,6.04,5,4,3,12,Loyal,0,2,Loyal Customers,"Upsell premium products, increase frequency"
16331,433,6,2037.7,33,4.92,210,339.62,0.0284,61.75,1,4,4,9,At Risk,1,2,Loyal Customers,"Upsell premium products, increase frequency"
16332,29,11,2010.41,158,2.86,561,182.76,0.0196,12.72,4,5,4,13,Champion,0,2,Loyal Customers,"Upsell premium products, increase frequency"
16333,8,22,26626.8,9,1.07,302,1210.31,0.0726,2958.53,5,5,5,15,Champion,0,0,Champions,"Reward with loyalty perks, ask for reviews"
16334,493,1,277.48,54,2.76,0,277.48,1.0,5.14,1,1,1,3,Lost,1,3,Lost,Minimal spend — low re-engagement ROI
16335,552,7,2774.0,193,3.48,184,396.29,0.0378,14.37,1,4,4,9,At Risk,1,3,Lost,Minimal spend — low re-engagement ROI
16336,421,4,3517.69,64,3.68,211,879.42,0.0189,54.96,1,4,5,10,Loyal,1,2,Loyal Customers,"Upsell premium products, increase frequency"
16337,37,1,151.05,10,3.04,0,151.05,1.0,15.1,4,1,1,6,Hibernating,0,1,At Risk,"Send win-back campaigns, offer discounts"
16338,158,1,214.8,11,3.73,0,214.8,1.0,19.53,3,1,1,5,Hibernating,1,1,At Risk,"Send win-back campaigns, offer discounts"
16339,285,1,109.95,17,5.26,0,109.95,1.0,6.47,2,1,1,4,Hibernating,1,1,At Risk,"Send win-back campaigns, offer discounts"
16340,108,3,1526.06,277,1.59,444,508.69,0.0067,5.51,3,3,4,10,Loyal,1,2,Loyal Customers,"Upsell premium products, increase frequency"
16341,25,7,3850.79,103,1.71,584,550.11,0.012,37.39,4,4,5,13,Champion,0,2,Loyal Customers,"Upsell premium products, increase frequency"
16342,76,4,322.41,10,5.6,104,80.6,0.0381,32.24,3,4,2,9,At Risk,0,1,At Risk,"Send win-back campaigns, offer discounts"
16343,17,3,687.07,54,2.96,391,229.02,0.0077,12.72,5,3,3,11,Loyal,0,1,At Risk,"Send win-back campaigns, offer discounts"
16344,159,4,842.42,43,2.01,510,210.6,0.0078,19.59,3,4,3,10,Loyal,1,2,Loyal Customers,"Upsell premium products, increase frequency"
16345,45,2,1198.74,95,3.2,438,599.37,0.0046,12.62,4,2,3,9,At Risk,0,2,Loyal Customers,"Upsell premium products, increase frequency"
16346,386,1,224.51,15,1.46,0,224.51,1.0,14.97,2,1,1,4,Hibernating,1,3,Lost,Minimal spend — low re-engagement ROI
16347,12,11,3509.41,209,3.39,626,319.04,0.0175,16.79,5,5,5,15,Champion,0,0,Champions,"Reward with loyalty perks, ask for reviews"
16348,33,8,1798.22,180,2.7,398,224.78,0.0201,9.99,4,5,4,13,Champion,0,2,Loyal Customers,"Upsell premium products, increase frequency"
16349,291,1,53.5,9,5.94,0,53.5,1.0,5.94,2,1,1,4,Hibernating,1,1,At Risk,"Send win-back campaigns, offer discounts"
16350,22,9,2253.89,72,3.72,406,250.43,0.0221,31.3,4,5,4,13,Champion,0,2,Loyal Customers,"Upsell premium products, increase frequency"
16351,333,13,3330.03,124,2.05,402,256.16,0.0323,26.86,2,5,5,12,Loyal,1,0,Champions,"Reward with loyalty perks, ask for reviews"
16352,18,2,494.44,28,1.96,20,247.22,0.0952,17.66,5,2,2,9,At Risk,0,1,At Risk,"Send win-back campaigns, offer discounts"
16353,4,38,9999.46,76,2.58,728,263.14,0.0521,131.57,5,5,5,15,Champion,0,0,Champions,"Reward with loyalty perks, ask for reviews"
16354,64,5,1129.51,116,2.73,528,225.9,0.0095,9.74,3,4,3,10,Loyal,0,2,Loyal Customers,"Upsell premium products, increase frequency"
16355,376,1,416.35,47,3.19,0,416.35,1.0,8.86,2,1,2,5,Hibernating,1,3,Lost,Minimal spend — low re-engagement ROI
16356,198,6,415.87,27,2.17,354,69.31,0.0169,15.4,2,4,2,8,At Risk,1,2,Loyal Customers,"Upsell premium products, increase frequency"
16357,34,4,868.37,43,3.84,347,217.09,0.0115,20.19,4,4,3,11,Loyal,0,2,Loyal Customers,"Upsell premium products, increase frequency"
16358,2,5,2919.65,118,1.9,393,583.93,0.0127,24.74,5,4,4,13,Champion,0,2,Loyal Customers,"Upsell premium products, increase frequency"
16359,8,16,2697.75,78,5.84,654,168.61,0.0244,34.59,5,5,4,14,Champion,0,0,Champions,"Reward with loyalty perks, ask for reviews"
16360,5,6,3512.53,365,2.28,83,585.42,0.0714,9.62,5,4,5,14,Champion,0,2,Loyal Customers,"Upsell premium products, increase frequency"
16361,10,4,896.66,87,3.09,61,224.16,0.0645,10.31,5,4,3,12,Loyal,0,2,Loyal Customers,"Upsell premium products, increase frequency"
16362,33,6,946.94,67,2.84,405,157.82,0.0148,14.13,4,4,3,11,Loyal,0,2,Loyal Customers,"Upsell premium products, increase frequency"
16363,54,1,109.36,5,2.96,0,109.36,1.0,21.87,4,1,1,6,Hibernating,0,1,At Risk,"Send win-back campaigns, offer discounts"
16364,12,2,707.04,48,3.45,125,353.52,0.0159,14.73,5,2,3,10,Loyal,0,1,At Risk,"Send win-back campaigns, offer discounts"
16365,18,15,3307.2,97,4.71,710,220.48,0.0211,34.09,5,5,5,15,Champion,0,0,Champions,"Reward with loyalty perks, ask for reviews"
16366,19,4,1548.13,74,3.16,704,387.03,0.0057,20.92,5,4,4,13,Champion,0,2,Loyal Customers,"Upsell premium products, increase frequency"
16367,38,3,1362.4,196,2.01,345,454.13,0.0087,6.95,4,3,4,11,Loyal,0,2,Loyal Customers,"Upsell premium products, increase frequency"
16368,3,3,640.21,74,2.61,433,213.4,0.0069,8.65,5,3,3,11,Loyal,0,1,At Risk,"Send win-back campaigns, offer discounts"
16369,19,7,2664.81,115,2.73,592,380.69,0.0118,23.17,5,4,4,13,Champion,0,2,Loyal Customers,"Upsell premium products, increase frequency"
16370,83,4,1320.56,143,2.88,142,330.14,0.028,9.23,3,4,4,11,Loyal,0,2,Loyal Customers,"Upsell premium products, increase frequency"
16371,449,1,157.2,11,3.69,0,157.2,1.0,14.29,1,1,1,3,Lost,1,3,Lost,Minimal spend — low re-engagement ROI
16372,34,5,1328.61,271,2.32,573,265.72,0.0087,4.9,4,4,4,12,Loyal,0,2,Loyal Customers,"Upsell premium products, increase frequency"
16373,383,2,309.49,25,2.88,29,154.74,0.0667,12.38,2,2,2,6,Hibernating,1,3,Lost,Minimal spend — low re-engagement ROI
16374,67,5,1771.45,276,3.0,522,354.29,0.0096,6.42,3,4,4,11,Loyal,0,2,Loyal Customers,"Upsell premium products, increase frequency"
16375,471,2,104.0,11,1.71,0,52.0,2.0,9.45,1,2,1,4,Hibernating,1,3,Lost,Minimal spend — low re-engagement ROI
16376,9,2,987.01,104,2.55,8,493.5,0.2222,9.49,5,2,3,10,Loyal,0,1,At Risk,"Send win-back campaigns, offer discounts"
16377,268,2,1308.48,6,0.53,350,654.24,0.0057,218.08,2,2,4,8,At Risk,1,2,Loyal Customers,"Upsell premium products, increase frequency"
16378,248,3,362.95,22,1.8,63,120.98,0.0469,16.5,2,3,2,7,At Risk,1,1,At Risk,"Send win-back campaigns, offer discounts"
16379,5,4,2157.4,87,1.98,74,539.35,0.0533,24.8,5,4,4,13,Champion,0,2,Loyal Customers,"Upsell premium products, increase frequency"
16380,62,1,1780.59,28,1.8,0,1780.59,1.0,63.59,3,1,4,8,At Risk,0,1,At Risk,"Send win-back campaigns, offer discounts"
16381,396,2,258.7,60,3.02,22,129.35,0.087,4.31,2,2,1,5,Hibernating,1,3,Lost,Minimal spend — low re-engagement ROI
16382,409,2,353.1,42,4.23,142,176.55,0.014,8.41,2,2,2,6,Hibernating,1,3,Lost,Minimal spend — low re-engagement ROI
16383,75,7,2974.84,239,2.75,598,424.98,0.0117,12.45,3,4,5,12,Loyal,0,2,Loyal Customers,"Upsell premium products, increase frequency"
16384,90,4,1358.95,80,2.59,500,339.74,0.008,16.99,3,4,4,11,Loyal,1,2,Loyal Customers,"Upsell premium products, increase frequency"
16385,61,5,1030.61,94,2.25,571,206.12,0.0087,10.96,3,4,3,10,Loyal,0,2,Loyal Customers,"Upsell premium products, increase frequency"
16386,29,3,1102.59,127,2.01,359,367.53,0.0083,8.68,4,3,3,10,Loyal,0,2,Loyal Customers,"Upsell premium products, increase frequency"
16387,323,5,918.55,68,3.34,315,183.71,0.0158,13.51,2,4,3,9,At Risk,1,2,Loyal Customers,"Upsell premium products, increase frequency"
16388,654,1,186.05,13,2.87,0,186.05,1.0,14.31,1,1,1,3,Lost,1,3,Lost,Minimal spend — low re-engagement ROI
16389,54,4,1382.07,33,2.78,229,345.52,0.0174,41.88,4,4,4,12,Loyal,0,2,Loyal Customers,"Upsell premium products, increase frequency"
16390,537,3,467.5,16,5.69,142,155.83,0.021,29.22,1,3,2,6,Hibernating,1,3,Lost,Minimal spend — low re-engagement ROI
16391,401,4,1103.61,261,2.29,161,275.9,0.0247,4.23,2,4,3,9,At Risk,1,3,Lost,Minimal spend — low re-engagement ROI
16392,270,3,763.05,125,2.13,292,254.35,0.0102,6.1,2,3,3,8,At Risk,1,1,At Risk,"Send win-back campaigns, offer discounts"
16393,3,23,5561.66,313,1.96,736,241.81,0.0312,17.77,5,5,5,15,Champion,0,0,Champions,"Reward with loyalty perks, ask for reviews"
16394,57,5,1555.34,61,1.23,232,311.07,0.0215,25.5,4,4,4,12,Loyal,0,2,Loyal Customers,"Upsell premium products, increase frequency"
16395,61,14,3537.85,416,2.13,673,252.7,0.0208,8.5,3,5,5,13,Champion,0,0,Champions,"Reward with loyalty perks, ask for reviews"
16396,477,1,137.8,8,1.9,0,137.8,1.0,17.23,1,1,1,3,Lost,1,3,Lost,Minimal spend — low re-engagement ROI
16397,629,1,127.88,9,4.9,0,127.88,1.0,14.21,1,1,1,3,Lost,1,3,Lost,Minimal spend — low re-engagement ROI
16398,155,2,1705.8,75,5.54,99,852.9,0.02,22.74,3,2,4,9,At Risk,1,2,Loyal Customers,"Upsell premium products, increase frequency"
16399,20,3,641.82,97,2.76,370,213.94,0.0081,6.62,5,3,3,11,Loyal,0,1,At Risk,"Send win-back campaigns, offer discounts"
16400,95,9,3159.44,214,2.46,636,351.05,0.0141,14.76,3,5,5,13,Champion,1,2,Loyal Customers,"Upsell premium products, increase frequency"
16401,2,23,6849.15,110,1.59,554,297.79,0.0414,62.26,5,5,5,15,Champion,0,0,Champions,"Reward with loyalty perks, ask for reviews"
16402,265,2,511.4,55,2.65,104,255.7,0.019,9.3,2,2,2,6,Hibernating,1,1,At Risk,"Send win-back campaigns, offer discounts"
16403,313,1,177.5,10,1.61,0,177.5,1.0,17.75,2,1,1,4,Hibernating,1,3,Lost,Minimal spend — low re-engagement ROI
16404,71,1,443.05,23,5.17,0,443.05,1.0,19.26,3,1,2,6,Hibernating,0,1,At Risk,"Send win-back campaigns, offer discounts"
16405,303,2,167.25,3,2.33,7,83.62,0.25,55.75,2,2,1,5,Hibernating,1,3,Lost,Minimal spend — low re-engagement ROI
16406,19,3,552.68,135,2.58,635,184.23,0.0047,4.09,5,3,2,10,Loyal,0,1,At Risk,"Send win-back campaigns, offer discounts"
16407,13,14,2821.65,120,3.12,419,201.55,0.0333,23.51,5,5,4,14,Champion,0,0,Champions,"Reward with loyalty perks, ask for reviews"
16408,592,1,231.93,45,1.48,0,231.93,1.0,5.15,1,1,1,3,Lost,1,3,Lost,Minimal spend — low re-engagement ROI
16409,37,12,5709.04,335,2.57,690,475.75,0.0174,17.04,4,5,5,14,Champion,0,0,Champions,"Reward with loyalty perks, ask for reviews"
16410,735,1,130.32,5,0.8,0,130.32,1.0,26.06,1,1,1,3,Lost,1,3,Lost,Minimal spend — low re-engagement ROI
16411,20,4,910.19,139,2.08,408,227.55,0.0098,6.55,5,4,3,12,Loyal,0,2,Loyal Customers,"Upsell premium products, increase frequency"
16412,54,5,647.23,84,2.47,619,129.45,0.0081,7.71,4,4,3,11,Loyal,0,2,Loyal Customers,"Upsell premium products, increase frequency"
16413,57,2,528.98,55,2.78,318,264.49,0.0063,9.62,4,2,2,8,At Risk,0,1,At Risk,"Send win-back campaigns, offer discounts"
16414,22,5,559.71,58,3.48,672,111.94,0.0074,9.65,4,4,2,10,Loyal,0,2,Loyal Customers,"Upsell premium products, increase frequency"
16415,45,3,719.44,120,2.03,632,239.81,0.0047,6.0,4,3,3,10,Loyal,0,1,At Risk,"Send win-back campaigns, offer discounts"
16416,27,9,2972.88,146,2.66,628,330.32,0.0143,20.36,4,5,5,14,Champion,0,2,Loyal Customers,"Upsell premium products, increase frequency"
16417,493,1,35.7,1,5.95,0,35.7,1.0,35.7,1,1,1,3,Lost,1,3,Lost,Minimal spend — low re-engagement ROI
16418,45,5,1101.94,121,3.65,378,220.39,0.0132,9.11,4,4,3,11,Loyal,0,2,Loyal Customers,"Upsell premium products, increase frequency"
16419,113,8,1487.42,62,3.85,555,185.93,0.0144,23.99,3,5,4,12,Loyal,1,2,Loyal Customers,"Upsell premium products, increase frequency"
16420,397,1,75.0,2,1.04,0,75.0,1.0,37.5,2,1,1,4,Hibernating,1,3,Lost,Minimal spend — low re-engagement ROI
16421,377,3,526.27,35,6.69,93,175.42,0.0319,15.04,2,3,2,7,At Risk,1,3,Lost,Minimal spend — low re-engagement ROI
16422,18,109,63651.47,111,1.89,679,583.96,0.1603,573.44,5,5,5,15,Champion,0,0,Champions,"Reward with loyalty perks, ask for reviews"
16423,25,1,346.12,18,1.92,0,346.12,1.0,19.23,4,1,2,7,At Risk,0,1,At Risk,"Send win-back campaigns, offer discounts"
16424,192,2,443.06,10,3.6,191,221.53,0.0104,44.31,2,2,2,6,Hibernating,1,1,At Risk,"Send win-back campaigns, offer discounts"
16425,303,1,302.7,21,4.17,0,302.7,1.0,14.41,2,1,2,5,Hibernating,1,3,Lost,Minimal spend — low re-engagement ROI
16426,3,10,1908.25,211,2.09,273,190.82,0.0365,9.04,5,5,4,14,Champion,0,2,Loyal Customers,"Upsell premium products, increase frequency"
16427,264,2,241.06,8,1.49,21,120.53,0.0909,30.13,2,2,1,5,Hibernating,1,1,At Risk,"Send win-back campaigns, offer discounts"
16428,414,3,660.28,121,2.23,84,220.09,0.0353,5.46,1,3,3,7,At Risk,1,3,Lost,Minimal spend — low re-engagement ROI
16429,107,1,284.55,2,19.95,0,284.55,1.0,142.28,3,1,1,5,Hibernating,1,1,At Risk,"Send win-back campaigns, offer discounts"
16430,58,7,1117.94,19,5.22,624,159.71,0.0112,58.84,4,4,3,11,Loyal,0,2,Loyal Customers,"Upsell premium products, increase frequency"
16431,214,3,642.81,51,1.83,84,214.27,0.0353,12.6,2,3,3,8,At Risk,1,1,At Risk,"Send win-back campaigns, offer discounts"
16432,65,1,287.4,8,3.17,0,287.4,1.0,35.92,3,1,1,5,Hibernating,0,1,At Risk,"Send win-back campaigns, offer discounts"
16433,29,2,384.52,33,2.07,380,192.26,0.0052,11.65,4,2,2,8,At Risk,0,1,At Risk,"Send win-back campaigns, offer discounts"
16434,30,12,2741.74,126,3.69,661,228.48,0.0181,21.76,4,5,4,13,Champion,0,0,Champions,"Reward with loyalty perks, ask for reviews"
16435,513,3,1011.57,119,4.17,2,337.19,1.0,8.5,1,3,3,7,At Risk,1,3,Lost,Minimal spend — low re-engagement ROI
16436,669,3,329.34,37,2.21,64,109.78,0.0462,8.9,1,3,2,6,Hibernating,1,3,Lost,Minimal spend — low re-engagement ROI
16437,382,2,301.25,17,2.07,48,150.62,0.0408,17.72,2,2,2,6,Hibernating,1,3,Lost,Minimal spend — low re-engagement ROI
16438,6,5,798.35,74,2.19,76,159.67,0.0649,10.79,5,4,3,12,Loyal,0,2,Loyal Customers,"Upsell premium products, increase frequency"
16439,723,1,310.7,9,4.67,0,310.7,1.0,34.52,1,1,2,4,Hibernating,1,3,Lost,Minimal spend — low re-engagement ROI
16440,8,6,3856.97,202,2.28,486,642.83,0.0123,19.09,5,4,5,14,Champion,0,2,Loyal Customers,"Upsell premium products, increase frequency"
16441,68,5,1034.43,67,3.2,559,206.89,0.0089,15.44,3,4,3,10,Loyal,0,2,Loyal Customers,"Upsell premium products, increase frequency"
16442,2,5,899.47,226,2.35,725,179.89,0.0069,3.98,5,4,3,12,Loyal,0,2,Loyal Customers,"Upsell premium products, increase frequency"
16443,521,1,162.24,1,1.69,0,162.24,1.0,162.24,1,1,1,3,Lost,1,3,Lost,Minimal spend — low re-engagement ROI
16444,47,17,3656.58,217,2.45,578,215.09,0.0294,16.85,4,5,5,14,Champion,0,0,Champions,"Reward with loyalty perks, ask for reviews"
16445,34,4,602.73,143,2.24,377,150.68,0.0106,4.21,4,4,2,10,Loyal,0,2,Loyal Customers,"Upsell premium products, increase frequency"
16446,1,2,168472.5,3,1.66,204,84236.25,0.0098,56157.5,5,2,5,12,Loyal,0,0,Champions,"Reward with loyalty perks, ask for reviews"
16447,136,3,775.14,59,4.93,524,258.38,0.0057,13.14,3,3,3,9,At Risk,1,2,Loyal Customers,"Upsell premium products, increase frequency"
16448,199,2,367.87,45,2.32,272,183.94,0.0073,8.17,2,2,2,6,Hibernating,1,1,At Risk,"Send win-back campaigns, offer discounts"
16449,198,2,707.69,40,3.3,82,353.84,0.0241,17.69,2,2,3,7,At Risk,1,1,At Risk,"Send win-back campaigns, offer discounts"
16450,150,3,1505.73,36,3.58,506,501.91,0.0059,41.83,3,3,4,10,Loyal,1,2,Loyal Customers,"Upsell premium products, increase frequency"
16451,88,3,1013.15,61,2.59,647,337.72,0.0046,16.61,3,3,3,9,At Risk,0,2,Loyal Customers,"Upsell premium products, increase frequency"
16452,631,2,332.17,14,1.86,63,166.08,0.0312,23.73,1,2,2,5,Hibernating,1,3,Lost,Minimal spend — low re-engagement ROI
16453,531,2,251.71,15,3.13,17,125.86,0.1111,16.78,1,2,1,4,Hibernating,1,3,Lost,Minimal spend — low re-engagement ROI
16454,45,4,30.95,4,2.5,566,7.74,0.0071,7.74,4,4,1,9,At Risk,0,1,At Risk,"Send win-back campaigns, offer discounts"
16455,64,11,4384.37,111,2.38,556,398.58,0.0197,39.5,3,5,5,13,Champion,0,0,Champions,"Reward with loyalty perks, ask for reviews"
16456,100,13,6862.91,226,2.67,521,527.92,0.0249,30.37,3,5,5,13,Champion,1,0,Champions,"Reward with loyalty perks, ask for reviews"
16457,219,1,208.36,9,2.67,0,208.36,1.0,23.15,2,1,1,4,Hibernating,1,1,At Risk,"Send win-back campaigns, offer discounts"
16458,3,30,5715.34,91,2.05,559,190.51,0.0536,62.81,5,5,5,15,Champion,0,0,Champions,"Reward with loyalty perks, ask for reviews"
16459,730,1,71.79,5,2.57,0,71.79,1.0,14.36,1,1,1,3,Lost,1,3,Lost,Minimal spend — low re-engagement ROI
16460,29,3,814.72,128,1.68,53,271.57,0.0556,6.36,4,3,3,10,Loyal,0,2,Loyal Customers,"Upsell premium products, increase frequency"
16461,178,3,1615.22,223,2.59,468,538.41,0.0064,7.24,3,3,4,10,Loyal,1,2,Loyal Customers,"Upsell premium products, increase frequency"
16462,74,3,136.0,1,8.5,210,45.33,0.0142,136.0,3,3,1,7,At Risk,0,1,At Risk,"Send win-back campaigns, offer discounts"
16463,22,4,1422.4,74,1.99,182,355.6,0.0219,19.22,4,4,4,12,Loyal,0,2,Loyal Customers,"Upsell premium products, increase frequency"
16464,20,3,1314.68,152,2.51,122,438.23,0.0244,8.65,5,3,4,12,Loyal,0,2,Loyal Customers,"Upsell premium products, increase frequency"
16465,421,2,746.24,45,2.41,23,373.12,0.0833,16.58,1,2,3,6,Hibernating,1,3,Lost,Minimal spend — low re-engagement ROI
16466,34,15,3838.59,207,3.23,608,255.91,0.0246,18.54,4,5,5,14,Champion,0,0,Champions,"Reward with loyalty perks, ask for reviews"
16467,509,7,2869.16,14,1.22,228,409.88,0.0306,204.94,1,4,4,9,At Risk,1,2,Loyal Customers,"Upsell premium products, increase frequency"
16468,75,3,787.52,38,2.57,407,262.51,0.0074,20.72,3,3,3,9,At Risk,0,2,Loyal Customers,"Upsell premium products, increase frequency"
16469,24,5,828.91,167,3.0,490,165.78,0.0102,4.96,4,4,3,11,Loyal,0,2,Loyal Customers,"Upsell premium products, increase frequency"
16470,52,11,2458.6,286,2.31,676,223.51,0.0162,8.6,4,5,4,13,Champion,0,2,Loyal Customers,"Upsell premium products, increase frequency"
16471,275,4,1189.98,48,2.67,377,297.5,0.0106,24.79,2,4,3,9,At Risk,1,2,Loyal Customers,"Upsell premium products, increase frequency"
16472,435,2,789.6,39,7.02,163,394.8,0.0122,20.25,1,2,3,6,Hibernating,1,3,Lost,Minimal spend — low re-engagement ROI
16473,165,4,470.83,26,2.3,209,117.71,0.019,18.11,3,4,2,9,At Risk,1,1,At Risk,"Send win-back campaigns, offer discounts"
16474,8,7,1871.5,237,2.2,137,267.36,0.0507,7.9,5,4,4,13,Champion,0,2,Loyal Customers,"Upsell premium products, increase frequency"
16475,89,4,544.3,23,5.11,185,136.07,0.0215,23.67,3,4,2,9,At Risk,0,2,Loyal Customers,"Upsell premium products, increase frequency"
16476,432,1,350.35,24,3.51,0,350.35,1.0,14.6,1,1,2,4,Hibernating,1,3,Lost,Minimal spend — low re-engagement ROI
16477,64,11,4320.02,177,2.31,421,392.73,0.0261,24.41,3,5,5,13,Champion,0,0,Champions,"Reward with loyalty perks, ask for reviews"
16478,26,3,331.0,15,2.94,40,110.33,0.0732,22.07,4,3,2,9,At Risk,0,1,At Risk,"Send win-back campaigns, offer discounts"
16479,11,2,300.83,35,3.18,0,150.42,2.0,8.6,5,2,2,9,At Risk,0,1,At Risk,"Send win-back campaigns, offer discounts"
16480,76,1,769.29,51,3.33,0,769.29,1.0,15.08,3,1,3,7,At Risk,0,1,At Risk,"Send win-back campaigns, offer discounts"
16481,683,1,453.38,16,2.63,0,453.38,1.0,28.34,1,1,2,4,Hibernating,1,3,Lost,Minimal spend — low re-engagement ROI
16482,16,1,220.62,18,1.36,0,220.62,1.0,12.26,5,1,1,7,At Risk,0,1,At Risk,"Send win-back campaigns, offer discounts"
16483,193,1,139.35,19,4.41,0,139.35,1.0,7.33,2,1,1,4,Hibernating,1,1,At Risk,"Send win-back campaigns, offer discounts"
16484,174,2,404.3,25,3.29,17,202.15,0.1111,16.17,3,2,2,7,At Risk,1,1,At Risk,"Send win-back campaigns, offer discounts"
16485,78,5,2294.68,126,3.2,656,458.94,0.0076,18.21,3,4,4,11,Loyal,0,2,Loyal Customers,"Upsell premium products, increase frequency"
16486,538,1,134.36,7,6.84,0,134.36,1.0,19.19,1,1,1,3,Lost,1,3,Lost,Minimal spend — low re-engagement ROI
16487,578,2,209.4,28,2.01,81,104.7,0.0244,7.48,1,2,1,4,Hibernating,1,3,Lost,Minimal spend — low re-engagement ROI
16488,34,3,498.8,28,4.44,115,166.27,0.0259,17.81,4,3,2,9,At Risk,0,1,At Risk,"Send win-back campaigns, offer discounts"
16489,381,2,303.7,4,7.47,55,151.85,0.0357,75.92,2,2,2,6,Hibernating,1,3,Lost,Minimal spend — low re-engagement ROI
16490,437,1,205.41,13,2.39,0,205.41,1.0,15.8,1,1,1,3,Lost,1,3,Lost,Minimal spend — low re-engagement ROI
16491,47,2,1533.16,86,2.36,366,766.58,0.0054,17.83,4,2,4,10,Loyal,0,2,Loyal Customers,"Upsell premium products, increase frequency"
16492,541,1,385.56,23,2.55,0,385.56,1.0,16.76,1,1,2,4,Hibernating,1,3,Lost,Minimal spend — low re-engagement ROI
16493,80,7,2132.09,77,2.13,543,304.58,0.0129,27.69,3,4,4,11,Loyal,0,2,Loyal Customers,"Upsell premium products, increase frequency"
16494,297,1,826.53,47,1.5,0,826.53,1.0,17.59,2,1,3,6,Hibernating,1,1,At Risk,"Send win-back campaigns, offer discounts"
16495,4,3,684.41,78,3.22,272,228.14,0.011,8.77,5,3,3,11,Loyal,0,1,At Risk,"Send win-back campaigns, offer discounts"
16496,9,6,2330.77,120,2.67,500,388.46,0.012,19.42,5,4,4,13,Champion,0,2,Loyal Customers,"Upsell premium products, increase frequency"
16497,50,23,6695.28,239,3.98,686,291.1,0.0335,28.01,4,5,5,14,Champion,0,0,Champions,"Reward with loyalty perks, ask for reviews"
16498,162,2,100.97,15,2.37,0,50.48,2.0,6.73,3,2,1,6,Hibernating,1,1,At Risk,"Send win-back campaigns, offer discounts"
16499,361,8,2578.34,104,3.29,186,322.29,0.0428,24.79,2,5,4,11,Loyal,1,2,Loyal Customers,"Upsell premium products, increase frequency"
16500,5,9,843.91,24,7.19,538,93.77,0.0167,35.16,5,5,3,13,Champion,0,2,Loyal Customers,"Upsell premium products, increase frequency"
16501,384,1,1237.23,181,2.66,0,1237.23,1.0,6.84,2,1,3,6,Hibernating,1,3,Lost,Minimal spend — low re-engagement ROI
16502,621,2,266.5,41,4.05,0,133.25,2.0,6.5,1,2,1,4,Hibernating,1,3,Lost,Minimal spend — low re-engagement ROI
16503,107,11,3614.34,161,4.07,429,328.58,0.0256,22.45,3,5,5,13,Champion,1,0,Champions,"Reward with loyalty perks, ask for reviews"
16504,26,1,484.38,76,1.23,0,484.38,1.0,6.37,4,1,2,7,At Risk,0,1,At Risk,"Send win-back campaigns, offer discounts"
16505,32,1,777.6,4,1.35,0,777.6,1.0,194.4,4,1,3,8,At Risk,0,1,At Risk,"Send win-back campaigns, offer discounts"
16506,20,2,90.3,3,2.18,20,45.15,0.0952,30.1,5,2,1,8,At Risk,0,1,At Risk,"Send win-back campaigns, offer discounts"
16507,573,1,152.76,37,1.97,0,152.76,1.0,4.13,1,1,1,3,Lost,1,3,Lost,Minimal spend — low re-engagement ROI
16508,631,1,248.8,42,3.59,0,248.8,1.0,5.92,1,1,1,3,Lost,1,3,Lost,Minimal spend — low re-engagement ROI
16509,297,1,363.7,13,7.62,0,363.7,1.0,27.98,2,1,2,5,Hibernating,1,1,At Risk,"Send win-back campaigns, offer discounts"
16510,373,6,2100.0,94,3.9,319,350.0,0.0188,22.34,2,4,4,10,Loyal,1,2,Loyal Customers,"Upsell premium products, increase frequency"
16511,22,6,1819.02,235,3.12,626,303.17,0.0096,7.74,4,4,4,12,Loyal,0,2,Loyal Customers,"Upsell premium products, increase frequency"
16513,5,4,874.59,33,2.59,38,218.65,0.1026,26.5,5,4,3,12,Loyal,0,2,Loyal Customers,"Upsell premium products, increase frequency"
16515,53,10,3216.3,184,2.54,488,321.63,0.0204,17.48,4,5,5,14,Champion,0,2,Loyal Customers,"Upsell premium products, increase frequency"
16516,31,1,101.7,6,2.12,0,101.7,1.0,16.95,4,1,1,6,Hibernating,0,1,At Risk,"Send win-back campaigns, offer discounts"
16517,278,1,162.7,17,2.89,0,162.7,1.0,9.57,2,1,1,4,Hibernating,1,1,At Risk,"Send win-back campaigns, offer discounts"
16518,62,4,959.37,61,3.27,495,239.84,0.0081,15.73,3,4,3,10,Loyal,0,2,Loyal Customers,"Upsell premium products, increase frequency"
16519,26,4,556.26,32,4.84,623,139.06,0.0064,17.38,4,4,2,10,Loyal,0,2,Loyal Customers,"Upsell premium products, increase frequency"
16520,187,6,2482.62,251,2.64,460,413.77,0.013,9.89,3,4,4,11,Loyal,1,2,Loyal Customers,"Upsell premium products, increase frequency"
16521,416,3,1148.01,212,2.54,232,382.67,0.0129,5.42,1,3,3,7,At Risk,1,3,Lost,Minimal spend — low re-engagement ROI
16522,436,2,433.36,16,4.75,14,216.68,0.1333,27.08,1,2,2,5,Hibernating,1,3,Lost,Minimal spend — low re-engagement ROI
16523,2,28,11916.33,180,3.99,682,425.58,0.041,66.2,5,5,5,15,Champion,0,0,Champions,"Reward with loyalty perks, ask for reviews"
16524,447,2,308.14,50,3.38,245,154.07,0.0081,6.16,1,2,2,5,Hibernating,1,3,Lost,Minimal spend — low re-engagement ROI
16525,3,48,24582.64,115,3.48,735,512.14,0.0652,213.76,5,5,5,15,Champion,0,0,Champions,"Reward with loyalty perks, ask for reviews"
16526,172,2,717.21,30,5.64,412,358.6,0.0048,23.91,3,2,3,8,At Risk,1,1,At Risk,"Send win-back campaigns, offer discounts"
16527,82,2,1272.44,66,3.25,343,636.22,0.0058,19.28,3,2,4,9,At Risk,0,2,Loyal Customers,"Upsell premium products, increase frequency"
16528,4,1,244.41,17,3.22,0,244.41,1.0,14.38,5,1,1,7,At Risk,0,1,At Risk,"Send win-back campaigns, offer discounts"
16529,191,4,2012.0,87,3.52,340,503.0,0.0117,23.13,2,4,4,10,Loyal,1,2,Loyal Customers,"Upsell premium products, increase frequency"
16530,669,1,48.35,3,5.88,0,48.35,1.0,16.12,1,1,1,3,Lost,1,3,Lost,Minimal spend — low re-engagement ROI
16531,23,11,2298.33,109,2.71,419,208.94,0.0262,21.09,4,5,4,13,Champion,0,2,Loyal Customers,"Upsell premium products, increase frequency"
16532,18,5,8756.64,2,3.58,603,1751.33,0.0083,4378.32,5,4,5,14,Champion,0,2,Loyal Customers,"Upsell premium products, increase frequency"
16533,20,3,1095.56,112,2.65,48,365.19,0.0612,9.78,5,3,3,11,Loyal,0,2,Loyal Customers,"Upsell premium products, increase frequency"
16534,643,1,635.9,36,5.13,0,635.9,1.0,17.66,1,1,3,5,Hibernating,1,3,Lost,Minimal spend — low re-engagement ROI
16535,6,3,1001.59,67,2.53,674,333.86,0.0044,14.95,5,3,3,11,Loyal,0,2,Loyal Customers,"Upsell premium products, increase frequency"
16536,111,1,548.97,49,3.64,0,548.97,1.0,11.2,3,1,2,6,Hibernating,1,1,At Risk,"Send win-back campaigns, offer discounts"
16537,642,1,23.35,3,0.51,0,23.35,1.0,7.78,1,1,1,3,Lost,1,3,Lost,Minimal spend — low re-engagement ROI
16538,542,3,399.62,35,1.94,54,133.21,0.0545,11.42,1,3,2,6,Hibernating,1,3,Lost,Minimal spend — low re-engagement ROI
16539,3,10,3732.01,83,5.42,529,373.2,0.0189,44.96,5,5,5,15,Champion,0,0,Champions,"Reward with loyalty perks, ask for reviews"
16540,415,1,226.7,25,2.65,0,226.7,1.0,9.07,1,1,1,3,Lost,1,3,Lost,Minimal spend — low re-engagement ROI
16541,736,1,424.03,38,3.69,0,424.03,1.0,11.16,1,1,2,4,Hibernating,1,3,Lost,Minimal spend — low re-engagement ROI
16542,54,2,257.32,13,2.57,347,128.66,0.0057,19.79,4,2,1,7,At Risk,0,1,At Risk,"Send win-back campaigns, offer discounts"
16543,592,1,292.21,18,1.35,0,292.21,1.0,16.23,1,1,2,4,Hibernating,1,3,Lost,Minimal spend — low re-engagement ROI
16544,520,4,376.7,8,2.78,142,94.18,0.028,47.09,1,4,2,7,At Risk,1,3,Lost,Minimal spend — low re-engagement ROI
16545,165,2,689.82,6,2.68,210,344.91,0.0095,114.97,3,2,3,8,At Risk,1,1,At Risk,"Send win-back campaigns, offer discounts"
16546,291,5,5606.47,75,2.1,151,1121.29,0.0329,74.75,2,4,5,11,Loyal,1,2,Loyal Customers,"Upsell premium products, increase frequency"
16547,547,1,111.71,25,2.16,0,111.71,1.0,4.47,1,1,1,3,Lost,1,3,Lost,Minimal spend — low re-engagement ROI
16548,600,1,30.15,6,5.03,0,30.15,1.0,5.02,1,1,1,3,Lost,1,3,Lost,Minimal spend — low re-engagement ROI
16549,11,34,13182.19,836,2.07,610,387.71,0.0556,15.77,5,5,5,15,Champion,0,0,Champions,"Reward with loyalty perks, ask for reviews"
16550,109,18,9435.13,274,2.65,628,524.17,0.0286,34.43,3,5,5,13,Champion,1,0,Champions,"Reward with loyalty perks, ask for reviews"
16551,96,7,2237.12,67,3.27,630,319.59,0.0111,33.39,3,4,4,11,Loyal,1,2,Loyal Customers,"Upsell premium products, increase frequency"
16552,243,2,475.02,17,4.23,130,237.51,0.0153,27.94,2,2,2,6,Hibernating,1,1,At Risk,"Send win-back campaigns, offer discounts"
16553,164,33,16644.01,195,2.01,502,504.36,0.0656,85.35,3,5,5,13,Champion,1,0,Champions,"Reward with loyalty perks, ask for reviews"
16554,43,8,2841.72,108,3.69,682,355.22,0.0117,26.31,4,5,4,13,Champion,0,2,Loyal Customers,"Upsell premium products, increase frequency"
16555,36,6,1915.68,59,2.23,470,319.28,0.0127,32.47,4,4,4,12,Loyal,0,2,Loyal Customers,"Upsell premium products, increase frequency"
16556,67,17,8012.58,280,4.29,666,471.33,0.0255,28.62,3,5,5,13,Champion,0,0,Champions,"Reward with loyalty perks, ask for reviews"
16557,25,2,281.85,11,6.82,113,140.93,0.0175,25.62,4,2,1,7,At Risk,0,1,At Risk,"Send win-back campaigns, offer discounts"
16558,1,38,13873.51,383,3.18,735,365.09,0.0516,36.22,5,5,5,15,Champion,0,0,Champions,"Reward with loyalty perks, ask for reviews"
16559,398,1,185.2,17,3.79,0,185.2,1.0,10.89,2,1,1,4,Hibernating,1,3,Lost,Minimal spend — low re-engagement ROI
16560,27,8,3048.38,140,4.13,704,381.05,0.0113,21.77,4,5,5,14,Champion,0,2,Loyal Customers,"Upsell premium products, increase frequency"
16561,6,2,511.12,29,2.86,54,255.56,0.0364,17.62,5,2,2,9,At Risk,0,1,At Risk,"Send win-back campaigns, offer discounts"
16562,477,1,223.86,34,1.19,0,223.86,1.0,6.58,1,1,1,3,Lost,1,3,Lost,Minimal spend — low re-engagement ROI
16563,54,6,4422.76,55,2.57,684,737.13,0.0088,80.41,4,4,5,13,Champion,0,2,Loyal Customers,"Upsell premium products, increase frequency"
16564,570,1,87.8,5,3.29,0,87.8,1.0,17.56,1,1,1,3,Lost,1,3,Lost,Minimal spend — low re-engagement ROI
16565,365,4,773.05,7,4.43,191,193.26,0.0208,110.44,2,4,3,9,At Risk,1,3,Lost,Minimal spend — low re-engagement ROI
16566,16,5,614.66,14,2.7,277,122.93,0.018,43.9,5,4,2,11,Loyal,0,2,Loyal Customers,"Upsell premium products, increase frequency"
16567,195,2,865.6,34,2.17,142,432.8,0.014,25.46,2,2,3,7,At Risk,1,1,At Risk,"Send win-back campaigns, offer discounts"
16568,428,2,1020.9,5,12.29,213,510.45,0.0093,204.18,1,2,3,6,Hibernating,1,3,Lost,Minimal spend — low re-engagement ROI
16569,4,5,1455.23,27,2.08,720,291.05,0.0069,53.9,5,4,4,13,Champion,0,2,Loyal Customers,"Upsell premium products, increase frequency"
16570,16,20,7434.31,114,4.29,604,371.72,0.0331,65.21,5,5,5,15,Champion,0,0,Champions,"Reward with loyalty perks, ask for reviews"
16571,27,10,4248.74,151,1.95,605,424.87,0.0165,28.14,4,5,5,14,Champion,0,0,Champions,"Reward with loyalty perks, ask for reviews"
16572,128,3,1009.6,40,3.78,148,336.53,0.0201,25.24,3,3,3,9,At Risk,1,2,Loyal Customers,"Upsell premium products, increase frequency"
16573,85,2,663.61,40,3.76,205,331.8,0.0097,16.59,3,2,3,8,At Risk,0,1,At Risk,"Send win-back campaigns, offer discounts"
16574,72,3,1301.78,86,1.8,587,433.93,0.0051,15.14,3,3,4,10,Loyal,0,2,Loyal Customers,"Upsell premium products, increase frequency"
16576,421,2,540.87,32,3.31,101,270.44,0.0196,16.9,1,2,2,5,Hibernating,1,3,Lost,Minimal spend — low re-engagement ROI
16577,667,1,380.0,23,4.24,0,380.0,1.0,16.52,1,1,2,4,Hibernating,1,3,Lost,Minimal spend — low re-engagement ROI
16578,627,1,156.6,9,1.45,0,156.6,1.0,17.4,1,1,1,3,Lost,1,3,Lost,Minimal spend — low re-engagement ROI
16579,426,1,295.05,14,5.05,0,295.05,1.0,21.08,1,1,2,4,Hibernating,1,3,Lost,Minimal spend — low re-engagement ROI
16581,183,1,105.84,9,1.19,0,105.84,1.0,11.76,3,1,1,5,Hibernating,1,1,At Risk,"Send win-back campaigns, offer discounts"
16582,114,1,313.62,6,1.62,0,313.62,1.0,52.27,3,1,2,6,Hibernating,1,1,At Risk,"Send win-back campaigns, offer discounts"
16583,374,2,531.4,18,2.46,299,265.7,0.0067,29.52,2,2,2,6,Hibernating,1,3,Lost,Minimal spend — low re-engagement ROI
16584,81,5,3163.67,61,2.56,581,632.73,0.0086,51.86,3,4,5,12,Loyal,0,2,Loyal Customers,"Upsell premium products, increase frequency"
16585,594,2,341.59,16,3.08,101,170.8,0.0196,21.35,1,2,2,5,Hibernating,1,3,Lost,Minimal spend — low re-engagement ROI
16586,249,3,1462.78,27,4.94,386,487.59,0.0078,54.18,2,3,4,9,At Risk,1,2,Loyal Customers,"Upsell premium products, increase frequency"
16587,233,1,225.15,13,6.71,0,225.15,1.0,17.32,2,1,1,4,Hibernating,1,1,At Risk,"Send win-back campaigns, offer discounts"
16588,387,4,1361.28,64,3.07,188,340.32,0.0212,21.27,2,4,4,10,Loyal,1,3,Lost,Minimal spend — low re-engagement ROI
16589,72,4,612.36,39,1.71,378,153.09,0.0106,15.7,3,4,2,9,At Risk,0,2,Loyal Customers,"Upsell premium products, increase frequency"
16590,401,2,605.9,26,3.83,13,302.95,0.1429,23.3,2,2,2,6,Hibernating,1,3,Lost,Minimal spend — low re-engagement ROI
16591,69,1,213.5,10,4.44,0,213.5,1.0,21.35,3,1,1,5,Hibernating,0,1,At Risk,"Send win-back campaigns, offer discounts"
16592,5,28,7807.91,221,2.17,716,278.85,0.0391,35.33,5,5,5,15,Champion,0,0,Champions,"Reward with loyalty perks, ask for reviews"
16593,51,8,1071.14,57,4.44,684,133.89,0.0117,18.79,4,5,3,12,Loyal,0,2,Loyal Customers,"Upsell premium products, increase frequency"
16594,76,1,181.09,53,3.02,0,181.09,1.0,3.42,3,1,1,5,Hibernating,0,1,At Risk,"Send win-back campaigns, offer discounts"
16595,62,5,1810.18,337,2.03,630,362.04,0.0079,5.37,3,4,4,11,Loyal,0,2,Loyal Customers,"Upsell premium products, increase frequency"
16596,16,4,579.63,23,3.83,713,144.91,0.0056,25.2,5,4,2,11,Loyal,0,2,Loyal Customers,"Upsell premium products, increase frequency"
16597,5,1,90.04,7,1.62,0,90.04,1.0,12.86,5,1,1,7,At Risk,0,1,At Risk,"Send win-back campaigns, offer discounts"
16598,286,1,145.05,10,2.56,0,145.05,1.0,14.5,2,1,1,4,Hibernating,1,1,At Risk,"Send win-back campaigns, offer discounts"
16599,386,1,172.8,12,2.73,0,172.8,1.0,14.4,2,1,1,4,Hibernating,1,3,Lost,Minimal spend — low re-engagement ROI
16600,5,13,2153.41,106,1.76,717,165.65,0.0181,20.32,5,5,4,14,Champion,0,0,Champions,"Reward with loyalty perks, ask for reviews"
16601,41,3,684.25,60,3.06,582,228.08,0.0051,11.4,4,3,3,10,Loyal,0,1,At Risk,"Send win-back campaigns, offer discounts"
16602,37,2,763.33,37,2.92,352,381.66,0.0057,20.63,4,2,3,9,At Risk,0,1,At Risk,"Send win-back campaigns, offer discounts"
16603,75,2,482.47,34,2.16,16,241.24,0.1176,14.19,3,2,2,7,At Risk,0,1,At Risk,"Send win-back campaigns, offer discounts"
16604,563,2,432.45,10,2.98,5,216.22,0.3333,43.24,1,2,2,5,Hibernating,1,3,Lost,Minimal spend — low re-engagement ROI
16605,725,1,60.48,1,0.42,0,60.48,1.0,60.48,1,1,1,3,Lost,1,3,Lost,Minimal spend — low re-engagement ROI
16606,405,2,357.66,16,4.44,30,178.83,0.0645,22.35,2,2,2,6,Hibernating,1,3,Lost,Minimal spend — low re-engagement ROI
16607,18,25,5706.87,212,3.64,571,228.27,0.0437,26.92,5,5,5,15,Champion,0,0,Champions,"Reward with loyalty perks, ask for reviews"
16608,454,2,1288.72,94,3.4,209,644.36,0.0095,13.71,1,2,4,7,At Risk,1,3,Lost,Minimal spend — low re-engagement ROI
16609,16,7,5493.46,155,3.56,237,784.78,0.0294,35.44,5,4,5,14,Champion,0,2,Loyal Customers,"Upsell premium products, increase frequency"
16610,220,1,75.66,6,1.3,0,75.66,1.0,12.61,2,1,1,4,Hibernating,1,1,At Risk,"Send win-back campaigns, offer discounts"
16611,187,6,1785.13,86,4.01,452,297.52,0.0132,20.76,3,4,4,11,Loyal,1,2,Loyal Customers,"Upsell premium products, increase frequency"
16612,33,9,3245.43,105,3.33,703,360.6,0.0128,30.91,4,5,5,14,Champion,0,2,Loyal Customers,"Upsell premium products, increase frequency"
16613,71,1,618.59,30,2.9,0,618.59,1.0,20.62,3,1,3,7,At Risk,0,1,At Risk,"Send win-back campaigns, offer discounts"
16614,183,3,1179.79,37,5.69,395,393.26,0.0076,31.89,3,3,3,9,At Risk,1,2,Loyal Customers,"Upsell premium products, increase frequency"
16615,627,1,291.5,19,3.31,0,291.5,1.0,15.34,1,1,2,4,Hibernating,1,3,Lost,Minimal spend — low re-engagement ROI
16616,16,2,500.42,31,2.84,142,250.21,0.014,16.14,5,2,2,9,At Risk,0,1,At Risk,"Send win-back campaigns, offer discounts"
16617,236,1,151.85,5,3.91,0,151.85,1.0,30.37,2,1,1,4,Hibernating,1,1,At Risk,"Send win-back campaigns, offer discounts"
16618,32,5,2647.59,79,3.63,291,529.52,0.0171,33.51,4,4,4,12,Loyal,0,2,Loyal Customers,"Upsell premium products, increase frequency"
16619,264,4,1938.33,103,3.55,391,484.58,0.0102,18.82,2,4,4,10,Loyal,1,2,Loyal Customers,"Upsell premium products, increase frequency"
16620,4,6,1758.93,78,2.28,734,293.16,0.0082,22.55,5,4,4,13,Champion,0,2,Loyal Customers,"Upsell premium products, increase frequency"
16621,52,4,813.48,22,4.59,226,203.37,0.0176,36.98,4,4,3,11,Loyal,0,2,Loyal Customers,"Upsell premium products, increase frequency"
16622,544,1,225.4,12,5.96,0,225.4,1.0,18.78,1,1,1,3,Lost,1,3,Lost,Minimal spend — low re-engagement ROI
16623,246,4,1015.24,44,3.3,346,253.81,0.0115,23.07,2,4,3,9,At Risk,1,2,Loyal Customers,"Upsell premium products, increase frequency"
16624,81,2,810.57,44,3.07,116,405.28,0.0171,18.42,3,2,3,8,At Risk,0,1,At Risk,"Send win-back campaigns, offer discounts"
16625,275,5,1654.03,82,2.32,269,330.81,0.0185,20.17,2,4,4,10,Loyal,1,2,Loyal Customers,"Upsell premium products, increase frequency"
16626,1,17,4413.1,86,4.14,265,259.59,0.0639,51.32,5,5,5,15,Champion,0,0,Champions,"Reward with loyalty perks, ask for reviews"
16627,80,1,322.8,20,5.07,0,322.8,1.0,16.14,3,1,2,6,Hibernating,0,1,At Risk,"Send win-back campaigns, offer discounts"
16628,30,7,2318.1,84,2.55,612,331.16,0.0114,27.6,4,4,4,12,Loyal,0,2,Loyal Customers,"Upsell premium products, increase frequency"
16629,74,2,417.73,58,2.45,22,208.86,0.087,7.2,3,2,2,7,At Risk,0,1,At Risk,"Send win-back campaigns, offer discounts"
16630,408,1,106.8,4,1.6,0,106.8,1.0,26.7,2,1,1,4,Hibernating,1,3,Lost,Minimal spend — low re-engagement ROI
16631,482,7,1892.52,46,4.08,170,270.36,0.0409,41.14,1,4,4,9,At Risk,1,2,Loyal Customers,"Upsell premium products, increase frequency"
16632,486,2,406.4,22,1.61,95,203.2,0.0208,18.47,1,2,2,5,Hibernating,1,3,Lost,Minimal spend — low re-engagement ROI
16633,18,6,2883.1,115,4.66,216,480.52,0.0276,25.07,5,4,4,13,Champion,0,2,Loyal Customers,"Upsell premium products, increase frequency"
16634,223,6,1814.61,72,4.55,465,302.44,0.0129,25.2,2,4,4,10,Loyal,1,2,Loyal Customers,"Upsell premium products, increase frequency"
16635,407,1,473.0,25,2.2,0,473.0,1.0,18.92,2,1,2,5,Hibernating,1,3,Lost,Minimal spend — low re-engagement ROI
16636,439,4,3802.04,62,2.62,207,950.51,0.0192,61.32,1,4,5,10,Loyal,1,2,Loyal Customers,"Upsell premium products, increase frequency"
16637,33,4,1154.47,66,2.79,193,288.62,0.0206,17.49,4,4,3,11,Loyal,0,2,Loyal Customers,"Upsell premium products, increase frequency"
16638,23,15,2430.53,130,3.51,455,162.04,0.0329,18.7,4,5,4,13,Champion,0,0,Champions,"Reward with loyalty perks, ask for reviews"
16639,32,4,1747.98,76,3.67,377,437.0,0.0106,23.0,4,4,4,12,Loyal,0,2,Loyal Customers,"Upsell premium products, increase frequency"
16640,398,1,179.4,13,1.41,0,179.4,1.0,13.8,2,1,1,4,Hibernating,1,3,Lost,Minimal spend — low re-engagement ROI
16641,106,2,554.5,36,2.03,596,277.25,0.0034,15.4,3,2,2,7,At Risk,1,1,At Risk,"Send win-back campaigns, offer discounts"
16642,5,3,1077.45,50,2.99,410,359.15,0.0073,21.55,5,3,3,11,Loyal,0,2,Loyal Customers,"Upsell premium products, increase frequency"
16643,246,2,923.11,48,2.99,176,461.56,0.0113,19.23,2,2,3,7,At Risk,1,1,At Risk,"Send win-back campaigns, offer discounts"
16644,178,2,833.78,62,1.54,34,416.89,0.0571,13.45,3,2,3,8,At Risk,1,1,At Risk,"Send win-back campaigns, offer discounts"
16645,736,1,160.39,14,2.38,0,160.39,1.0,11.46,1,1,1,3,Lost,1,3,Lost,Minimal spend — low re-engagement ROI
16646,450,1,678.8,29,1.62,0,678.8,1.0,23.41,1,1,3,5,Hibernating,1,3,Lost,Minimal spend — low re-engagement ROI
16647,170,4,541.9,28,3.35,374,135.48,0.0107,19.35,3,4,2,9,At Risk,1,1,At Risk,"Send win-back campaigns, offer discounts"
16648,43,3,672.8,37,1.88,547,224.27,0.0055,18.18,4,3,3,10,Loyal,0,1,At Risk,"Send win-back campaigns, offer discounts"
16649,521,1,306.58,20,6.81,0,306.58,1.0,15.33,1,1,2,4,Hibernating,1,3,Lost,Minimal spend — low re-engagement ROI
16650,72,7,1916.11,71,2.3,447,273.73,0.0156,26.99,3,4,4,11,Loyal,0,2,Loyal Customers,"Upsell premium products, increase frequency"
16651,587,1,136.2,6,2.93,0,136.2,1.0,22.7,1,1,1,3,Lost,1,3,Lost,Minimal spend — low re-engagement ROI
16652,59,16,17550.39,124,4.07,573,1096.9,0.0279,141.54,4,5,5,14,Champion,0,0,Champions,"Reward with loyalty perks, ask for reviews"
16653,17,2,1212.66,67,3.33,55,606.33,0.0357,18.1,5,2,3,10,Loyal,0,2,Loyal Customers,"Upsell premium products, increase frequency"
16654,142,8,1711.47,64,4.18,471,213.93,0.0169,26.74,3,5,4,12,Loyal,1,2,Loyal Customers,"Upsell premium products, increase frequency"
16655,18,13,6548.37,408,2.75,659,503.72,0.0197,16.05,5,5,5,15,Champion,0,0,Champions,"Reward with loyalty perks, ask for reviews"
16656,23,30,16833.17,22,2.08,713,561.11,0.042,765.14,4,5,5,14,Champion,0,0,Champions,"Reward with loyalty perks, ask for reviews"
16657,10,4,933.62,158,1.58,244,233.4,0.0163,5.91,5,4,3,12,Loyal,0,2,Loyal Customers,"Upsell premium products, increase frequency"
16658,369,6,814.07,49,3.59,250,135.68,0.0239,16.61,2,4,3,9,At Risk,1,2,Loyal Customers,"Upsell premium products, increase frequency"
16659,190,1,39.12,2,0.62,0,39.12,1.0,19.56,3,1,1,5,Hibernating,1,1,At Risk,"Send win-back campaigns, offer discounts"
16660,17,7,1879.55,20,2.75,678,268.51,0.0103,93.98,5,4,4,13,Champion,0,2,Loyal Customers,"Upsell premium products, increase frequency"
16661,541,4,986.63,50,3.33,181,246.66,0.022,19.73,1,4,3,8,At Risk,1,3,Lost,Minimal spend — low re-engagement ROI
16662,395,1,163.8,28,4.84,0,163.8,1.0,5.85,2,1,1,4,Hibernating,1,3,Lost,Minimal spend — low re-engagement ROI
16663,730,1,165.0,1,1.65,0,165.0,1.0,165.0,1,2,1,4,Hibernating,1,3,Lost,Minimal spend — low re-engagement ROI
16664,570,1,109.2,8,5.25,0,109.2,1.0,13.65,1,2,1,4,Hibernating,1,3,Lost,Minimal spend — low re-engagement ROI
16665,363,1,135.4,9,5.39,0,135.4,1.0,15.04,2,2,1,5,Hibernating,1,3,Lost,Minimal spend — low re-engagement ROI
16666,20,2,225.94,42,1.32,601,112.97,0.0033,5.38,5,2,1,8,At Risk,0,1,At Risk,"Send win-back campaigns, offer discounts"
16667,69,2,570.13,52,3.58,216,285.06,0.0092,10.96,3,2,2,7,At Risk,0,1,At Risk,"Send win-back campaigns, offer discounts"
16668,16,13,862.42,28,2.09,615,66.34,0.0211,30.8,5,5,3,13,Champion,0,2,Loyal Customers,"Upsell premium products, increase frequency"
16669,24,3,1374.87,141,2.75,54,458.29,0.0545,9.75,4,3,4,11,Loyal,0,2,Loyal Customers,"Upsell premium products, increase frequency"
16670,17,20,8030.15,258,3.06,712,401.51,0.0281,31.12,5,5,5,15,Champion,0,0,Champions,"Reward with loyalty perks, ask for reviews"
16671,29,3,1692.27,3,2.8,136,564.09,0.0219,564.09,4,3,4,11,Loyal,0,2,Loyal Customers,"Upsell premium products, increase frequency"
16672,3,20,8134.94,22,3.63,264,406.75,0.0755,369.77,5,5,5,15,Champion,0,0,Champions,"Reward with loyalty perks, ask for reviews"
16673,680,1,188.83,19,2.81,0,188.83,1.0,9.94,1,2,1,4,Hibernating,1,3,Lost,Minimal spend — low re-engagement ROI
16674,55,2,319.61,89,2.01,43,159.8,0.0455,3.59,4,2,2,8,At Risk,0,1,At Risk,"Send win-back campaigns, offer discounts"
16675,442,2,608.86,21,2.78,36,304.43,0.0541,28.99,1,2,2,5,Hibernating,1,3,Lost,Minimal spend — low re-engagement ROI
16676,34,6,2361.9,106,5.2,384,393.65,0.0156,22.28,4,4,4,12,Loyal,0,2,Loyal Customers,"Upsell premium products, increase frequency"
16677,412,2,880.62,45,3.33,240,440.31,0.0083,19.57,1,2,3,6,Hibernating,1,3,Lost,Minimal spend — low re-engagement ROI
16678,3,12,3109.99,92,1.85,280,259.17,0.0427,33.8,5,5,5,15,Champion,0,0,Champions,"Reward with loyalty perks, ask for reviews"
16679,367,3,793.06,15,5.44,180,264.35,0.0166,52.87,2,3,3,8,At Risk,1,3,Lost,Minimal spend — low re-engagement ROI
16680,44,3,821.45,24,3.01,491,273.82,0.0061,34.23,4,3,3,10,Loyal,0,2,Loyal Customers,"Upsell premium products, increase frequency"
16681,73,7,1921.84,22,1.96,568,274.55,0.0123,87.36,3,4,4,11,Loyal,0,2,Loyal Customers,"Upsell premium products, increase frequency"
16682,5,5,1028.0,15,1.77,183,205.6,0.0272,68.53,5,4,3,12,Loyal,0,2,Loyal Customers,"Upsell premium products, increase frequency"
16683,534,1,320.25,18,3.21,0,320.25,1.0,17.79,1,2,2,5,Hibernating,1,3,Lost,Minimal spend — low re-engagement ROI
16684,5,55,147142.77,184,2.58,728,2675.32,0.0754,799.69,5,5,5,15,Champion,0,0,Champions,"Reward with loyalty perks, ask for reviews"
16685,62,2,324.24,60,2.25,0,162.12,2.0,5.4,3,2,2,7,At Risk,0,1,At Risk,"Send win-back campaigns, offer discounts"
16686,48,16,5070.92,549,2.44,685,316.93,0.0233,9.24,4,5,5,14,Champion,0,0,Champions,"Reward with loyalty perks, ask for reviews"
16687,391,1,157.63,8,2.0,0,157.63,1.0,19.7,2,2,1,5,Hibernating,1,3,Lost,Minimal spend — low re-engagement ROI
16688,2,4,1260.86,52,2.78,59,315.21,0.0667,24.25,5,4,4,13,Champion,0,2,Loyal Customers,"Upsell premium products, increase frequency"
16689,76,2,422.6,12,3.54,6,211.3,0.2857,35.22,3,2,2,7,At Risk,0,1,At Risk,"Send win-back campaigns, offer discounts"
16690,73,4,353.03,12,3.25,379,88.26,0.0105,29.42,3,4,2,9,At Risk,0,1,At Risk,"Send win-back campaigns, offer discounts"
16691,419,2,178.83,11,6.49,143,89.42,0.0139,16.26,1,2,1,4,Hibernating,1,3,Lost,Minimal spend — low re-engagement ROI
16692,257,4,1914.7,3,33.61,185,478.68,0.0215,638.23,2,4,4,10,Loyal,1,2,Loyal Customers,"Upsell premium products, increase frequency"
16693,69,5,1199.46,149,3.03,587,239.89,0.0085,8.05,3,4,3,10,Loyal,0,2,Loyal Customers,"Upsell premium products, increase frequency"
16694,724,1,98.3,3,16.67,0,98.3,1.0,32.77,1,2,1,4,Hibernating,1,3,Lost,Minimal spend — low re-engagement ROI
16695,562,2,193.15,30,2.17,0,96.58,2.0,6.44,1,2,1,4,Hibernating,1,3,Lost,Minimal spend — low re-engagement ROI
16696,136,4,657.9,7,3.93,112,164.48,0.0354,93.99,3,4,3,10,Loyal,1,2,Loyal Customers,"Upsell premium products, increase frequency"
16697,242,1,112.75,20,4.64,0,112.75,1.0,5.64,2,2,1,5,Hibernating,1,1,At Risk,"Send win-back campaigns, offer discounts"
16698,227,2,1998.0,4,2.37,26,999.0,0.0741,499.5,2,2,4,8,At Risk,1,2,Loyal Customers,"Upsell premium products, increase frequency"
16699,381,7,994.6,51,2.43,355,142.09,0.0197,19.5,2,4,3,9,At Risk,1,2,Loyal Customers,"Upsell premium products, increase frequency"
16700,9,25,9167.71,263,2.14,729,366.71,0.0342,34.86,5,5,5,15,Champion,0,0,Champions,"Reward with loyalty perks, ask for reviews"
16701,9,26,9916.73,154,2.11,729,381.41,0.0356,64.39,5,5,5,15,Champion,0,0,Champions,"Reward with loyalty perks, ask for reviews"
16702,416,4,1110.83,84,3.68,316,277.71,0.0126,13.22,1,4,3,8,At Risk,1,3,Lost,Minimal spend — low re-engagement ROI
16704,619,2,695.66,50,2.75,53,347.83,0.037,13.91,1,2,3,6,Hibernating,1,3,Lost,Minimal spend — low re-engagement ROI
16705,1,42,43515.05,400,3.88,729,1036.07,0.0575,108.79,5,5,5,15,Champion,0,0,Champions,"Reward with loyalty perks, ask for reviews"
16706,38,3,531.35,108,2.81,76,177.12,0.039,4.92,4,3,2,9,At Risk,0,1,At Risk,"Send win-back campaigns, offer discounts"
16707,401,4,551.11,64,2.49,239,137.78,0.0167,8.61,2,4,2,8,At Risk,1,3,Lost,Minimal spend — low re-engagement ROI
16708,46,1,656.63,27,3.36,0,656.63,1.0,24.32,4,2,3,9,At Risk,0,1,At Risk,"Send win-back campaigns, offer discounts"
16709,85,14,9087.46,220,4.56,645,649.1,0.0217,41.31,3,5,5,13,Champion,0,0,Champions,"Reward with loyalty perks, ask for reviews"
16710,20,22,6349.09,541,2.43,716,288.6,0.0307,11.74,5,5,5,15,Champion,0,0,Champions,"Reward with loyalty perks, ask for reviews"
16711,4,9,2868.48,26,3.77,734,318.72,0.0122,110.33,5,5,4,14,Champion,0,2,Loyal Customers,"Upsell premium products, increase frequency"
16712,10,13,4266.99,301,3.01,391,328.23,0.0332,14.18,5,5,5,15,Champion,0,0,Champions,"Reward with loyalty perks, ask for reviews"
16713,19,32,14560.69,541,3.36,705,455.02,0.0453,26.91,5,5,5,15,Champion,0,0,Champions,"Reward with loyalty perks, ask for reviews"
16714,219,4,1529.8,95,3.43,451,382.45,0.0088,16.1,2,4,4,10,Loyal,1,2,Loyal Customers,"Upsell premium products, increase frequency"
16715,79,2,625.52,27,0.71,484,312.76,0.0041,23.17,3,2,3,8,At Risk,0,1,At Risk,"Send win-back campaigns, offer discounts"
16716,267,3,2149.68,7,2.98,363,716.56,0.0082,307.1,2,3,4,9,At Risk,1,2,Loyal Customers,"Upsell premium products, increase frequency"
16717,24,14,6986.23,274,3.46,708,499.02,0.0197,25.5,4,5,5,14,Champion,0,0,Champions,"Reward with loyalty perks, ask for reviews"
16718,370,5,3647.53,123,2.43,363,729.51,0.0137,29.65,2,4,5,11,Loyal,1,2,Loyal Customers,"Upsell premium products, increase frequency"
16719,15,14,3973.3,204,3.71,711,283.81,0.0197,19.48,5,5,5,15,Champion,0,0,Champions,"Reward with loyalty perks, ask for reviews"
16720,27,3,795.48,130,2.57,695,265.16,0.0043,6.12,4,3,3,10,Loyal,0,2,Loyal Customers,"Upsell premium products, increase frequency"
16721,263,1,292.47,37,2.36,0,292.47,1.0,7.9,2,2,2,6,Hibernating,1,1,At Risk,"Send win-back campaigns, offer discounts"
16722,18,22,8989.08,145,1.34,718,408.59,0.0306,61.99,5,5,5,15,Champion,0,0,Champions,"Reward with loyalty perks, ask for reviews"
16723,92,4,1301.63,108,4.15,643,325.41,0.0062,12.05,3,4,4,11,Loyal,1,2,Loyal Customers,"Upsell premium products, increase frequency"
16724,405,1,147.35,17,2.39,0,147.35,1.0,8.67,2,2,1,5,Hibernating,1,3,Lost,Minimal spend — low re-engagement ROI
16725,303,14,1882.11,242,3.45,424,134.44,0.0329,7.78,2,5,4,11,Loyal,1,2,Loyal Customers,"Upsell premium products, increase frequency"
16726,27,7,2088.41,150,2.37,384,298.34,0.0182,13.92,4,4,4,12,Loyal,0,2,Loyal Customers,"Upsell premium products, increase frequency"
16727,365,4,1437.42,158,1.63,324,359.36,0.0123,9.1,2,4,4,10,Loyal,1,2,Loyal Customers,"Upsell premium products, increase frequency"
16728,47,4,1054.67,218,2.3,218,263.67,0.0183,4.84,4,4,3,11,Loyal,0,2,Loyal Customers,"Upsell premium products, increase frequency"
16729,39,21,7239.92,234,2.13,203,344.76,0.1029,30.94,4,5,5,14,Champion,0,0,Champions,"Reward with loyalty perks, ask for reviews"
16730,53,3,743.11,75,1.4,267,247.7,0.0112,9.91,4,3,3,10,Loyal,0,1,At Risk,"Send win-back campaigns, offer discounts"
16731,649,1,174.05,40,1.8,0,174.05,1.0,4.35,1,2,1,4,Hibernating,1,3,Lost,Minimal spend — low re-engagement ROI
16732,32,4,4387.64,199,4.47,699,1096.91,0.0057,22.05,4,4,5,13,Champion,0,2,Loyal Customers,"Upsell premium products, increase frequency"
16733,530,1,259.68,12,2.88,0,259.68,1.0,21.64,1,2,1,4,Hibernating,1,3,Lost,Minimal spend — low re-engagement ROI
16734,53,3,650.51,44,3.54,61,216.84,0.0484,14.78,4,3,3,10,Loyal,0,1,At Risk,"Send win-back campaigns, offer discounts"
16735,79,14,6270.56,178,2.33,653,447.9,0.0214,35.23,3,5,5,13,Champion,0,0,Champions,"Reward with loyalty perks, ask for reviews"
16736,506,5,2956.56,116,4.3,230,591.31,0.0216,25.49,1,4,4,9,At Risk,1,3,Lost,Minimal spend — low re-engagement ROI
16737,54,2,835.2,1,1.45,524,417.6,0.0038,835.2,4,2,3,9,At Risk,0,1,At Risk,"Send win-back campaigns, offer discounts"
16738,298,1,3.75,1,1.25,0,3.75,1.0,3.75,2,2,1,5,Hibernating,1,3,Lost,Minimal spend — low re-engagement ROI
16739,177,2,786.43,33,3.13,359,393.22,0.0056,23.83,3,2,3,8,At Risk,1,1,At Risk,"Send win-back campaigns, offer discounts"
16740,396,1,236.81,30,2.71,0,236.81,1.0,7.89,2,2,1,5,Hibernating,1,3,Lost,Minimal spend — low re-engagement ROI
16741,626,1,173.06,11,3.24,0,173.06,1.0,15.73,1,2,1,4,Hibernating,1,3,Lost,Minimal spend — low re-engagement ROI
16742,47,14,2852.61,51,6.25,676,203.76,0.0207,55.93,4,5,4,13,Champion,0,0,Champions,"Reward with loyalty perks, ask for reviews"
16743,30,14,4253.26,118,1.47,566,303.8,0.0247,36.04,4,5,5,14,Champion,0,0,Champions,"Reward with loyalty perks, ask for reviews"
16744,12,7,1304.76,198,2.5,161,186.39,0.0432,6.59,5,4,4,13,Champion,0,2,Loyal Customers,"Upsell premium products, increase frequency"
16745,87,17,7194.3,148,1.92,225,423.19,0.0752,48.61,3,5,5,13,Champion,0,0,Champions,"Reward with loyalty perks, ask for reviews"
16746,5,42,18066.4,390,2.58,730,430.15,0.0575,46.32,5,5,5,15,Champion,0,0,Champions,"Reward with loyalty perks, ask for reviews"
16747,38,2,836.06,34,2.83,30,418.03,0.0645,24.59,4,2,3,9,At Risk,0,1,At Risk,"Send win-back campaigns, offer discounts"
16748,18,14,3637.33,55,1.78,711,259.81,0.0197,66.13,5,5,5,15,Champion,0,0,Champions,"Reward with loyalty perks, ask for reviews"
16749,592,2,4387.08,53,2.86,132,2193.54,0.015,82.78,1,2,5,8,At Risk,1,3,Lost,Minimal spend — low re-engagement ROI
16750,45,5,623.93,74,3.81,187,124.79,0.0266,8.43,4,4,3,11,Loyal,0,2,Loyal Customers,"Upsell premium products, increase frequency"
16751,31,1,1764.72,24,1.4,0,1764.72,1.0,73.53,4,2,4,10,Loyal,0,1,At Risk,"Send win-back campaigns, offer discounts"
16752,373,1,415.0,9,13.59,0,415.0,1.0,46.11,2,2,2,6,Hibernating,1,3,Lost,Minimal spend — low re-engagement ROI
16753,59,1,223.92,34,2.12,0,223.92,1.0,6.59,4,2,1,7,At Risk,0,1,At Risk,"Send win-back campaigns, offer discounts"
16754,373,29,67502.47,38,1.67,269,2327.67,0.1074,1776.38,2,5,5,12,Loyal,1,0,Champions,"Reward with loyalty perks, ask for reviews"
16755,115,7,2900.58,219,2.53,615,414.37,0.0114,13.24,3,4,4,11,Loyal,1,2,Loyal Customers,"Upsell premium products, increase frequency"
16756,215,7,1312.37,64,3.33,425,187.48,0.0164,20.51,2,4,4,10,Loyal,1,2,Loyal Customers,"Upsell premium products, increase frequency"
16757,319,2,270.48,13,1.76,90,135.24,0.022,20.81,2,2,1,5,Hibernating,1,3,Lost,Minimal spend — low re-engagement ROI
16758,66,1,369.34,22,4.04,0,369.34,1.0,16.79,3,2,2,7,At Risk,0,1,At Risk,"Send win-back campaigns, offer discounts"
16759,8,3,789.79,40,2.94,23,263.26,0.125,19.74,5,3,3,11,Loyal,0,2,Loyal Customers,"Upsell premium products, increase frequency"
16760,431,1,228.0,17,1.61,0,228.0,1.0,13.41,1,2,1,4,Hibernating,1,3,Lost,Minimal spend — low re-engagement ROI
16761,97,1,316.62,13,1.2,0,316.62,1.0,24.36,3,2,2,7,At Risk,1,1,At Risk,"Send win-back campaigns, offer discounts"
16762,20,3,1501.38,51,3.26,124,500.46,0.024,29.44,5,3,4,12,Loyal,0,2,Loyal Customers,"Upsell premium products, increase frequency"
16763,199,2,964.7,44,3.92,539,482.35,0.0037,21.92,2,2,3,7,At Risk,1,1,At Risk,"Send win-back campaigns, offer discounts"
16764,4,13,2799.25,209,2.36,139,215.33,0.0929,13.39,5,5,4,14,Champion,0,0,Champions,"Reward with loyalty perks, ask for reviews"
16765,295,2,454.75,52,2.72,88,227.38,0.0225,8.75,2,2,2,6,Hibernating,1,1,At Risk,"Send win-back campaigns, offer discounts"
16766,274,2,1145.6,17,2.84,0,572.8,2.0,67.39,2,2,3,7,At Risk,1,1,At Risk,"Send win-back campaigns, offer discounts"
16767,31,15,8073.8,209,1.48,559,538.25,0.0268,38.63,4,5,5,14,Champion,0,0,Champions,"Reward with loyalty perks, ask for reviews"
16768,48,9,1708.12,108,3.65,684,189.79,0.0131,15.82,4,5,4,13,Champion,0,2,Loyal Customers,"Upsell premium products, increase frequency"
16769,261,4,1141.75,76,5.09,465,285.44,0.0086,15.02,2,4,3,9,At Risk,1,2,Loyal Customers,"Upsell premium products, increase frequency"
16770,58,9,1932.13,202,2.54,416,214.68,0.0216,9.57,4,5,4,13,Champion,0,2,Loyal Customers,"Upsell premium products, increase frequency"
16771,34,10,3967.6,303,2.97,697,396.76,0.0143,13.09,4,5,5,14,Champion,0,0,Champions,"Reward with loyalty perks, ask for reviews"
16772,424,3,3723.55,54,5.91,298,1241.18,0.01,68.95,1,3,5,9,At Risk,1,2,Loyal Customers,"Upsell premium products, increase frequency"
16773,58,3,421.24,53,3.62,675,140.41,0.0044,7.95,4,3,2,9,At Risk,0,1,At Risk,"Send win-back campaigns, offer discounts"
16774,68,8,1594.45,89,3.17,593,199.31,0.0135,17.92,3,5,4,12,Loyal,0,2,Loyal Customers,"Upsell premium products, increase frequency"
16775,11,16,3056.89,132,4.38,431,191.06,0.037,23.16,5,5,5,15,Champion,0,0,Champions,"Reward with loyalty perks, ask for reviews"
16776,61,2,619.85,105,1.74,355,309.92,0.0056,5.9,3,2,3,8,At Risk,0,1,At Risk,"Send win-back campaigns, offer discounts"
16777,81,5,1307.76,125,3.88,552,261.55,0.009,10.46,3,4,4,11,Loyal,0,2,Loyal Customers,"Upsell premium products, increase frequency"
16778,75,2,245.94,16,2.37,199,122.97,0.01,15.37,3,2,1,6,Hibernating,0,1,At Risk,"Send win-back campaigns, offer discounts"
16779,3,53,33268.24,293,2.16,734,627.7,0.0721,113.54,5,5,5,15,Champion,0,0,Champions,"Reward with loyalty perks, ask for reviews"
16780,101,3,605.55,73,2.87,306,201.85,0.0098,8.3,3,3,2,8,At Risk,1,1,At Risk,"Send win-back campaigns, offer discounts"
16781,373,2,934.25,36,5.56,297,467.12,0.0067,25.95,2,2,3,7,At Risk,1,3,Lost,Minimal spend — low re-engagement ROI
16782,11,38,10438.41,575,2.99,720,274.7,0.0527,18.15,5,5,5,15,Champion,0,0,Champions,"Reward with loyalty perks, ask for reviews"
16783,437,1,391.95,25,3.34,0,391.95,1.0,15.68,1,2,2,5,Hibernating,1,3,Lost,Minimal spend — low re-engagement ROI
16784,20,5,896.53,138,2.09,601,179.31,0.0083,6.5,5,4,3,12,Loyal,0,2,Loyal Customers,"Upsell premium products, increase frequency"
16785,410,1,533.78,35,3.28,0,533.78,1.0,15.25,2,2,2,6,Hibernating,1,3,Lost,Minimal spend — low re-engagement ROI
16786,394,1,51.84,1,0.72,0,51.84,1.0,51.84,2,2,1,5,Hibernating,1,3,Lost,Minimal spend — low re-engagement ROI
16787,398,4,1035.43,102,3.48,300,258.86,0.0133,10.15,2,4,3,9,At Risk,1,3,Lost,Minimal spend — low re-engagement ROI
16788,124,5,1950.3,348,2.33,547,390.06,0.0091,5.6,3,4,4,11,Loyal,1,2,Loyal Customers,"Upsell premium products, increase frequency"
16789,9,1,80.8,5,2.89,0,80.8,1.0,16.16,5,2,1,8,At Risk,0,1,At Risk,"Send win-back campaigns, offer discounts"
16790,4,6,1545.62,88,2.36,34,257.6,0.1714,17.56,5,4,4,13,Champion,0,2,Loyal Customers,"Upsell premium products, increase frequency"
16791,30,15,4038.69,393,2.94,707,269.25,0.0212,10.28,4,5,5,14,Champion,0,0,Champions,"Reward with loyalty perks, ask for reviews"
16792,283,5,623.46,90,2.65,422,124.69,0.0118,6.93,2,4,3,9,At Risk,1,2,Loyal Customers,"Upsell premium products, increase frequency"
16793,58,1,243.84,16,2.43,0,243.84,1.0,15.24,4,2,1,7,At Risk,0,1,At Risk,"Send win-back campaigns, offer discounts"
16794,2,15,2090.91,245,1.82,623,139.39,0.024,8.53,5,5,4,14,Champion,0,0,Champions,"Reward with loyalty perks, ask for reviews"
16795,366,3,2492.39,306,2.13,318,830.8,0.0094,8.15,2,3,4,9,At Risk,1,2,Loyal Customers,"Upsell premium products, increase frequency"
16796,90,1,305.62,18,1.75,0,305.62,1.0,16.98,3,2,2,7,At Risk,1,1,At Risk,"Send win-back campaigns, offer discounts"
16797,394,5,1827.77,289,2.77,344,365.55,0.0145,6.32,2,4,4,10,Loyal,1,2,Loyal Customers,"Upsell premium products, increase frequency"
16798,555,3,848.71,141,4.16,174,282.9,0.0171,6.02,1,3,3,7,At Risk,1,3,Lost,Minimal spend — low re-engagement ROI
16799,433,2,495.98,81,3.38,21,247.99,0.0909,6.12,1,2,2,5,Hibernating,1,3,Lost,Minimal spend — low re-engagement ROI
16800,12,1,1201.49,148,3.69,0,1201.49,1.0,8.12,5,2,3,10,Loyal,0,1,At Risk,"Send win-back campaigns, offer discounts"
16801,164,4,1619.73,72,5.98,110,404.93,0.036,22.5,3,4,4,11,Loyal,1,2,Loyal Customers,"Upsell premium products, increase frequency"
16802,680,2,582.61,48,1.8,51,291.3,0.0385,12.14,1,2,2,5,Hibernating,1,3,Lost,Minimal spend — low re-engagement ROI
16803,66,1,332.3,24,2.1,0,332.3,1.0,13.85,3,2,2,7,At Risk,0,1,At Risk,"Send win-back campaigns, offer discounts"
16804,24,3,536.99,59,3.21,247,179.0,0.0121,9.1,4,3,2,9,At Risk,0,1,At Risk,"Send win-back campaigns, offer discounts"
16805,174,5,1097.24,213,2.12,557,219.45,0.009,5.15,3,4,3,10,Loyal,1,2,Loyal Customers,"Upsell premium products, increase frequency"
16806,104,4,801.49,68,2.86,135,200.37,0.0294,11.79,3,4,3,10,Loyal,1,2,Loyal Customers,"Upsell premium products, increase frequency"
16807,143,6,2123.88,107,2.55,480,353.98,0.0125,19.85,3,4,4,11,Loyal,1,2,Loyal Customers,"Upsell premium products, increase frequency"
16808,100,2,288.42,21,2.33,175,144.21,0.0114,13.73,3,2,1,6,Hibernating,1,1,At Risk,"Send win-back campaigns, offer discounts"
16809,24,9,1727.43,113,1.77,582,191.94,0.0154,15.29,4,5,4,13,Champion,0,2,Loyal Customers,"Upsell premium products, increase frequency"
16810,193,2,842.04,34,3.95,228,421.02,0.0087,24.77,2,2,3,7,At Risk,1,1,At Risk,"Send win-back campaigns, offer discounts"
16811,5,2,547.07,26,2.37,12,273.54,0.1538,21.04,5,2,2,9,At Risk,0,1,At Risk,"Send win-back campaigns, offer discounts"
16812,361,4,2392.0,98,3.18,21,598.0,0.1818,24.41,2,4,4,10,Loyal,1,2,Loyal Customers,"Upsell premium products, increase frequency"
16813,9,10,1692.98,248,1.75,196,169.3,0.0508,6.83,5,5,4,14,Champion,0,2,Loyal Customers,"Upsell premium products, increase frequency"
16814,15,36,12499.71,247,3.5,593,347.21,0.0606,50.61,5,5,5,15,Champion,0,0,Champions,"Reward with loyalty perks, ask for reviews"
16815,454,2,410.97,66,2.56,82,205.48,0.0241,6.23,1,2,2,5,Hibernating,1,3,Lost,Minimal spend — low re-engagement ROI
16816,104,4,417.06,28,2.25,254,104.26,0.0157,14.9,3,4,2,9,At Risk,1,1,At Risk,"Send win-back campaigns, offer discounts"
16817,3,13,2804.9,107,3.16,429,215.76,0.0302,26.21,5,5,4,14,Champion,0,0,Champions,"Reward with loyalty perks, ask for reviews"
16818,11,11,3349.57,172,2.53,194,304.51,0.0564,19.47,5,5,5,15,Champion,0,0,Champions,"Reward with loyalty perks, ask for reviews"
16819,466,2,182.59,17,2.78,0,91.3,2.0,10.74,1,2,1,4,Hibernating,1,3,Lost,Minimal spend — low re-engagement ROI
16820,96,1,497.61,26,3.74,0,497.61,1.0,19.14,3,2,2,7,At Risk,1,1,At Risk,"Send win-back campaigns, offer discounts"
16821,382,1,113.35,7,10.24,0,113.35,1.0,16.19,2,2,1,5,Hibernating,1,3,Lost,Minimal spend — low re-engagement ROI
16822,687,1,181.39,11,2.54,0,181.39,1.0,16.49,1,2,1,4,Hibernating,1,3,Lost,Minimal spend — low re-engagement ROI
16823,228,7,2260.09,149,2.85,510,322.87,0.0137,15.17,2,4,4,10,Loyal,1,2,Loyal Customers,"Upsell premium products, increase frequency"
16824,16,3,686.24,34,3.08,378,228.75,0.0079,20.18,5,3,3,11,Loyal,0,1,At Risk,"Send win-back campaigns, offer discounts"
16825,39,5,1826.89,48,3.1,495,365.38,0.0101,38.06,4,4,4,12,Loyal,0,2,Loyal Customers,"Upsell premium products, increase frequency"
16826,52,1,341.7,22,3.99,0,341.7,1.0,15.53,4,2,2,8,At Risk,0,1,At Risk,"Send win-back campaigns, offer discounts"
16827,394,5,392.13,10,6.29,195,78.43,0.0255,39.21,2,4,2,8,At Risk,1,3,Lost,Minimal spend — low re-engagement ROI
16828,94,2,128.5,8,3.75,19,64.25,0.1,16.06,3,2,1,6,Hibernating,1,1,At Risk,"Send win-back campaigns, offer discounts"
16829,157,2,513.32,25,3.94,231,256.66,0.0086,20.53,3,2,2,7,At Risk,1,1,At Risk,"Send win-back campaigns, offer discounts"
16830,39,4,1207.5,65,2.89,687,301.88,0.0058,18.58,4,4,3,11,Loyal,0,2,Loyal Customers,"Upsell premium products, increase frequency"
16831,565,1,91.8,6,2.78,0,91.8,1.0,15.3,1,2,1,4,Hibernating,1,3,Lost,Minimal spend — low re-engagement ROI
16832,185,5,417.61,19,5.5,274,83.52,0.0182,21.98,3,4,2,9,At Risk,1,2,Loyal Customers,"Upsell premium products, increase frequency"
16833,2,6,2409.04,87,6.78,621,401.51,0.0096,27.69,5,4,4,13,Champion,0,2,Loyal Customers,"Upsell premium products, increase frequency"
16834,228,2,898.96,43,1.47,446,449.48,0.0045,20.91,2,3,3,8,At Risk,1,1,At Risk,"Send win-back campaigns, offer discounts"
16835,129,6,1538.41,58,4.15,441,256.4,0.0136,26.52,3,4,4,11,Loyal,1,2,Loyal Customers,"Upsell premium products, increase frequency"
16836,40,4,782.37,42,2.46,534,195.59,0.0075,18.63,4,4,3,11,Loyal,0,2,Loyal Customers,"Upsell premium products, increase frequency"
16837,32,11,3170.98,123,4.2,214,288.27,0.0512,25.78,4,5,5,14,Champion,0,0,Champions,"Reward with loyalty perks, ask for reviews"
16838,198,4,1159.61,53,7.0,465,289.9,0.0086,21.88,2,4,3,9,At Risk,1,2,Loyal Customers,"Upsell premium products, increase frequency"
16839,9,44,22310.49,132,3.08,657,507.06,0.0669,169.02,5,5,5,15,Champion,0,0,Champions,"Reward with loyalty perks, ask for reviews"
16840,604,2,139.85,9,2.51,71,69.92,0.0278,15.54,1,3,1,5,Hibernating,1,3,Lost,Minimal spend — low re-engagement ROI
16841,37,12,4006.06,187,1.73,660,333.84,0.0182,21.42,4,5,5,14,Champion,0,0,Champions,"Reward with loyalty perks, ask for reviews"
16842,101,3,1264.19,45,3.16,201,421.4,0.0149,28.09,3,3,4,10,Loyal,1,2,Loyal Customers,"Upsell premium products, increase frequency"
16843,43,35,19571.43,317,2.04,686,559.18,0.0509,61.74,4,5,5,14,Champion,0,0,Champions,"Reward with loyalty perks, ask for reviews"
16844,563,2,614.34,26,3.23,20,307.17,0.0952,23.63,1,3,2,6,Hibernating,1,3,Lost,Minimal spend — low re-engagement ROI
16845,619,1,253.88,20,3.44,0,253.88,1.0,12.69,1,2,1,4,Hibernating,1,3,Lost,Minimal spend — low re-engagement ROI
16846,51,3,842.41,47,2.71,589,280.8,0.0051,17.92,4,3,3,10,Loyal,0,2,Loyal Customers,"Upsell premium products, increase frequency"
16847,44,2,614.89,37,4.88,574,307.44,0.0035,16.62,4,3,2,9,At Risk,0,1,At Risk,"Send win-back campaigns, offer discounts"
16848,53,4,1411.62,75,2.49,379,352.9,0.0105,18.82,4,4,4,12,Loyal,0,2,Loyal Customers,"Upsell premium products, increase frequency"
16849,187,1,124.57,8,5.11,0,124.57,1.0,15.57,3,2,1,6,Hibernating,1,1,At Risk,"Send win-back campaigns, offer discounts"
16850,334,1,332.41,19,2.12,0,332.41,1.0,17.5,2,2,2,6,Hibernating,1,3,Lost,Minimal spend — low re-engagement ROI
16851,5,3,342.45,17,1.96,47,114.15,0.0625,20.14,5,3,2,10,Loyal,0,1,At Risk,"Send win-back campaigns, offer discounts"
16852,11,2,144.91,9,8.32,165,72.46,0.012,16.1,5,3,1,9,At Risk,0,1,At Risk,"Send win-back campaigns, offer discounts"
16854,418,2,1408.96,72,2.52,223,704.48,0.0089,19.57,1,3,4,8,At Risk,1,3,Lost,Minimal spend — low re-engagement ROI
16855,24,2,328.4,19,3.74,19,164.2,0.1,17.28,4,3,2,9,At Risk,0,1,At Risk,"Send win-back campaigns, offer discounts"
16856,15,3,358.49,16,2.86,427,119.5,0.007,22.41,5,3,2,10,Loyal,0,1,At Risk,"Send win-back campaigns, offer discounts"
16857,443,1,352.8,11,2.6,0,352.8,1.0,32.07,1,2,2,5,Hibernating,1,3,Lost,Minimal spend — low re-engagement ROI
16858,369,10,4668.28,75,4.11,355,466.83,0.0281,62.24,2,5,5,12,Loyal,1,2,Loyal Customers,"Upsell premium products, increase frequency"
16859,145,7,1932.41,87,2.4,500,276.06,0.014,22.21,3,4,4,11,Loyal,1,2,Loyal Customers,"Upsell premium products, increase frequency"
16860,453,3,1610.62,35,5.24,209,536.87,0.0143,46.02,1,3,4,8,At Risk,1,3,Lost,Minimal spend — low re-engagement ROI
16861,60,5,946.59,39,2.53,448,189.32,0.0111,24.27,3,4,3,10,Loyal,0,2,Loyal Customers,"Upsell premium products, increase frequency"
16862,548,4,662.33,34,2.36,154,165.58,0.0258,19.48,1,4,3,8,At Risk,1,3,Lost,Minimal spend — low re-engagement ROI
16863,32,3,998.52,43,1.84,378,332.84,0.0079,23.22,4,3,3,10,Loyal,0,2,Loyal Customers,"Upsell premium products, increase frequency"
16864,435,2,409.25,17,2.24,164,204.62,0.0121,24.07,1,3,2,6,Hibernating,1,3,Lost,Minimal spend — low re-engagement ROI
16865,402,1,130.95,15,1.59,0,130.95,1.0,8.73,2,2,1,5,Hibernating,1,3,Lost,Minimal spend — low re-engagement ROI
16866,141,3,207.74,10,3.81,20,69.25,0.1429,20.77,3,3,1,7,At Risk,1,1,At Risk,"Send win-back campaigns, offer discounts"
16867,690,1,76.74,6,1.53,0,76.74,1.0,12.79,1,2,1,4,Hibernating,1,3,Lost,Minimal spend — low re-engagement ROI
16868,395,3,393.39,47,4.22,199,131.13,0.015,8.37,2,3,2,7,At Risk,1,3,Lost,Minimal spend — low re-engagement ROI
16869,23,4,825.42,113,2.3,152,206.36,0.0261,7.3,4,4,3,11,Loyal,0,2,Loyal Customers,"Upsell premium products, increase frequency"
16870,470,1,450.16,28,2.78,0,450.16,1.0,16.08,1,2,2,5,Hibernating,1,3,Lost,Minimal spend — low re-engagement ROI
16871,23,6,2812.34,131,3.46,248,468.72,0.0241,21.47,4,4,4,12,Loyal,0,2,Loyal Customers,"Upsell premium products, increase frequency"
16872,78,6,1213.13,12,6.68,385,202.19,0.0155,101.09,3,4,3,10,Loyal,0,2,Loyal Customers,"Upsell premium products, increase frequency"
16873,5,12,14617.39,252,2.99,663,1218.12,0.0181,58.01,5,5,5,15,Champion,0,0,Champions,"Reward with loyalty perks, ask for reviews"
16874,380,1,217.74,31,3.26,0,217.74,1.0,7.02,2,2,1,5,Hibernating,1,3,Lost,Minimal spend — low re-engagement ROI
16875,68,11,4234.53,161,3.66,636,384.96,0.0173,26.3,3,5,5,13,Champion,0,0,Champions,"Reward with loyalty perks, ask for reviews"
16876,404,1,136.01,32,1.99,0,136.01,1.0,4.25,2,2,1,5,Hibernating,1,3,Lost,Minimal spend — low re-engagement ROI
16877,13,6,853.72,111,2.53,195,142.29,0.0306,7.69,5,4,3,12,Loyal,0,2,Loyal Customers,"Upsell premium products, increase frequency"
16878,85,1,13.3,3,1.58,0,13.3,1.0,4.43,3,2,1,6,Hibernating,0,1,At Risk,"Send win-back campaigns, offer discounts"
16880,31,8,1840.86,130,3.75,462,230.11,0.0173,14.16,4,5,4,13,Champion,0,2,Loyal Customers,"Upsell premium products, increase frequency"
16881,67,1,432.0,1,0.72,0,432.0,1.0,432.0,3,2,2,7,At Risk,0,1,At Risk,"Send win-back campaigns, offer discounts"
16882,67,3,705.12,39,2.77,250,235.04,0.012,18.08,3,3,3,9,At Risk,0,1,At Risk,"Send win-back campaigns, offer discounts"
16883,188,19,2396.59,159,3.6,548,126.14,0.0346,15.07,3,5,4,12,Loyal,1,0,Champions,"Reward with loyalty perks, ask for reviews"
16884,38,4,1073.92,64,4.45,532,268.48,0.0075,16.78,4,4,3,11,Loyal,0,2,Loyal Customers,"Upsell premium products, increase frequency"
16885,16,4,710.74,121,3.12,370,177.68,0.0108,5.87,5,4,3,12,Loyal,0,2,Loyal Customers,"Upsell premium products, increase frequency"
16886,457,1,134.0,8,3.84,0,134.0,1.0,16.75,1,2,1,4,Hibernating,1,3,Lost,Minimal spend — low re-engagement ROI
16887,36,3,660.72,94,2.48,703,220.24,0.0043,7.03,4,3,3,10,Loyal,0,1,At Risk,"Send win-back campaigns, offer discounts"
16888,401,3,437.15,44,4.12,300,145.72,0.01,9.94,2,3,2,7,At Risk,1,3,Lost,Minimal spend — low re-engagement ROI
16889,195,6,2530.9,163,2.84,371,421.82,0.0161,15.53,2,4,4,10,Loyal,1,2,Loyal Customers,"Upsell premium products, increase frequency"
16890,477,3,285.41,17,1.94,105,95.14,0.0283,16.79,1,3,1,5,Hibernating,1,3,Lost,Minimal spend — low re-engagement ROI
16891,2,11,2056.82,335,3.16,733,186.98,0.015,6.14,5,5,4,14,Champion,0,2,Loyal Customers,"Upsell premium products, increase frequency"
16892,2,7,762.1,119,3.44,729,108.87,0.0096,6.4,5,4,3,12,Loyal,0,2,Loyal Customers,"Upsell premium products, increase frequency"
16893,367,2,401.77,80,2.45,9,200.88,0.2,5.02,2,3,2,7,At Risk,1,3,Lost,Minimal spend — low re-engagement ROI
16894,503,3,1324.06,186,4.63,33,441.35,0.0882,7.12,1,3,4,8,At Risk,1,3,Lost,Minimal spend — low re-engagement ROI
16895,65,5,1121.42,135,3.0,601,224.28,0.0083,8.31,3,4,3,10,Loyal,0,2,Loyal Customers,"Upsell premium products, increase frequency"
16896,556,1,103.95,18,5.78,0,103.95,1.0,5.78,1,2,1,4,Hibernating,1,3,Lost,Minimal spend — low re-engagement ROI
16897,300,2,289.78,37,5.1,14,144.89,0.1333,7.83,2,3,1,6,Hibernating,1,1,At Risk,"Send win-back campaigns, offer discounts"
16898,27,5,1016.37,223,2.12,550,203.27,0.0091,4.56,4,4,3,11,Loyal,0,2,Loyal Customers,"Upsell premium products, increase frequency"
16899,8,8,1721.02,101,3.19,389,215.13,0.0205,17.04,5,5,4,14,Champion,0,2,Loyal Customers,"Upsell premium products, increase frequency"
16900,17,3,887.11,78,2.13,46,295.7,0.0638,11.37,5,3,3,11,Loyal,0,2,Loyal Customers,"Upsell premium products, increase frequency"
16901,730,1,204.26,23,6.13,0,204.26,1.0,8.88,1,2,1,4,Hibernating,1,3,Lost,Minimal spend — low re-engagement ROI
16902,117,1,1706.88,43,3.87,0,1706.88,1.0,39.69,3,2,4,9,At Risk,1,1,At Risk,"Send win-back campaigns, offer discounts"
16903,30,3,1062.28,148,2.24,386,354.09,0.0078,7.18,4,3,3,10,Loyal,0,2,Loyal Customers,"Upsell premium products, increase frequency"
16904,5,21,5132.37,484,2.65,406,244.4,0.0516,10.6,5,5,5,15,Champion,0,0,Champions,"Reward with loyalty perks, ask for reviews"
16905,6,17,5034.15,171,3.75,723,296.13,0.0235,29.44,5,5,5,15,Champion,0,0,Champions,"Reward with loyalty perks, ask for reviews"
16906,82,7,1448.8,180,3.37,493,206.97,0.0142,8.05,3,4,4,11,Loyal,0,2,Loyal Customers,"Upsell premium products, increase frequency"
16907,30,9,1707.9,109,3.61,497,189.77,0.0181,15.67,4,5,4,13,Champion,0,2,Loyal Customers,"Upsell premium products, increase frequency"
16908,723,1,252.59,20,3.92,0,252.59,1.0,12.63,1,2,1,4,Hibernating,1,3,Lost,Minimal spend — low re-engagement ROI
16909,73,1,379.14,18,3.24,0,379.14,1.0,21.06,3,2,2,7,At Risk,0,1,At Risk,"Send win-back campaigns, offer discounts"
16910,5,8,1510.06,318,2.17,86,188.76,0.092,4.75,5,5,4,14,Champion,0,2,Loyal Customers,"Upsell premium products, increase frequency"
16911,636,2,255.25,30,2.32,25,127.62,0.0769,8.51,1,3,1,5,Hibernating,1,3,Lost,Minimal spend — low re-engagement ROI
16912,29,15,4480.31,130,4.35,701,298.69,0.0214,34.46,4,5,5,14,Champion,0,0,Champions,"Reward with loyalty perks, ask for reviews"
16913,291,3,423.91,18,3.73,361,141.3,0.0083,23.55,2,3,2,7,At Risk,1,1,At Risk,"Send win-back campaigns, offer discounts"
16914,37,1,208.46,25,2.65,0,208.46,1.0,8.34,4,2,1,7,At Risk,0,1,At Risk,"Send win-back campaigns, offer discounts"
16915,10,11,1543.18,54,11.01,560,140.29,0.0196,28.58,5,5,4,14,Champion,0,2,Loyal Customers,"Upsell premium products, increase frequency"
16916,24,4,1123.4,180,2.41,391,280.85,0.0102,6.24,4,4,3,11,Loyal,0,2,Loyal Customers,"Upsell premium products, increase frequency"
16917,277,2,1857.83,45,5.23,355,928.92,0.0056,41.29,2,3,4,9,At Risk,1,2,Loyal Customers,"Upsell premium products, increase frequency"
16918,50,16,3213.29,280,2.17,687,200.83,0.0233,11.48,4,5,5,14,Champion,0,0,Champions,"Reward with loyalty perks, ask for reviews"
16919,157,24,5125.91,230,2.96,320,213.58,0.0748,22.29,3,5,5,13,Champion,1,0,Champions,"Reward with loyalty perks, ask for reviews"
16920,412,1,355.45,23,5.42,0,355.45,1.0,15.45,1,2,2,5,Hibernating,1,3,Lost,Minimal spend — low re-engagement ROI
16921,62,3,446.67,78,2.76,539,148.89,0.0056,5.73,3,3,2,8,At Risk,0,1,At Risk,"Send win-back campaigns, offer discounts"
16922,573,1,611.08,122,3.03,0,611.08,1.0,5.01,1,2,2,5,Hibernating,1,3,Lost,Minimal spend — low re-engagement ROI
16923,13,32,13378.36,431,3.0,665,418.07,0.048,31.04,5,5,5,15,Champion,0,0,Champions,"Reward with loyalty perks, ask for reviews"
16924,22,3,846.75,69,2.68,62,282.25,0.0476,12.27,4,3,3,10,Loyal,0,2,Loyal Customers,"Upsell premium products, increase frequency"
16925,541,1,125.65,18,2.39,0,125.65,1.0,6.98,1,2,1,4,Hibernating,1,3,Lost,Minimal spend — low re-engagement ROI
16926,372,5,1421.35,63,6.34,155,284.27,0.0321,22.56,2,4,4,10,Loyal,1,2,Loyal Customers,"Upsell premium products, increase frequency"
16927,116,3,543.05,5,2.91,245,181.02,0.0122,108.61,3,3,2,8,At Risk,1,1,At Risk,"Send win-back campaigns, offer discounts"
16928,81,29,4113.23,135,2.82,594,141.84,0.0487,30.47,3,5,5,13,Champion,0,0,Champions,"Reward with loyalty perks, ask for reviews"
16929,4,7,1295.39,51,2.08,151,185.06,0.0461,25.4,5,4,4,13,Champion,0,2,Loyal Customers,"Upsell premium products, increase frequency"
16930,27,3,380.55,47,1.62,42,126.85,0.0698,8.1,4,3,2,9,At Risk,0,1,At Risk,"Send win-back campaigns, offer discounts"
16931,6,23,5233.62,466,2.08,391,227.55,0.0587,11.23,5,5,5,15,Champion,0,0,Champions,"Reward with loyalty perks, ask for reviews"
16932,54,3,440.71,116,2.31,517,146.9,0.0058,3.8,4,3,2,9,At Risk,0,1,At Risk,"Send win-back campaigns, offer discounts"
16933,2,9,3181.25,213,3.17,728,353.47,0.0123,14.94,5,5,5,15,Champion,0,2,Loyal Customers,"Upsell premium products, increase frequency"
16934,55,6,2110.99,128,3.87,566,351.83,0.0106,16.49,4,4,4,12,Loyal,0,2,Loyal Customers,"Upsell premium products, increase frequency"
16935,382,3,535.1,55,1.97,39,178.37,0.075,9.73,2,3,2,7,At Risk,1,3,Lost,Minimal spend — low re-engagement ROI
16936,26,2,551.17,122,1.89,359,275.58,0.0056,4.52,4,3,2,9,At Risk,0,1,At Risk,"Send win-back campaigns, offer discounts"
16937,500,1,202.1,49,1.99,0,202.1,1.0,4.12,1,2,1,4,Hibernating,1,3,Lost,Minimal spend — low re-engagement ROI
16938,9,9,7043.18,547,2.65,651,782.58,0.0138,12.88,5,5,5,15,Champion,0,0,Champions,"Reward with loyalty perks, ask for reviews"
16939,489,3,449.0,38,3.3,160,149.67,0.0186,11.82,1,3,2,6,Hibernating,1,3,Lost,Minimal spend — low re-engagement ROI
16940,53,8,6427.66,360,2.03,679,803.46,0.0118,17.85,4,5,5,14,Champion,0,0,Champions,"Reward with loyalty perks, ask for reviews"
16941,612,1,33.0,2,2.75,0,33.0,1.0,16.5,1,2,1,4,Hibernating,1,3,Lost,Minimal spend — low re-engagement ROI
16942,13,9,1920.59,159,2.98,215,213.4,0.0417,12.08,5,5,4,14,Champion,0,2,Loyal Customers,"Upsell premium products, increase frequency"
16943,212,5,1299.49,24,20.23,412,259.9,0.0121,54.15,2,4,4,10,Loyal,1,2,Loyal Customers,"Upsell premium products, increase frequency"
16944,610,1,101.36,7,5.9,0,101.36,1.0,14.48,1,2,1,4,Hibernating,1,3,Lost,Minimal spend — low re-engagement ROI
16945,22,33,8548.16,231,2.11,709,259.04,0.0465,37.01,4,5,5,14,Champion,0,0,Champions,"Reward with loyalty perks, ask for reviews"
16946,384,5,1222.04,69,3.58,264,244.41,0.0189,17.71,2,4,3,9,At Risk,1,2,Loyal Customers,"Upsell premium products, increase frequency"
16947,236,5,955.21,50,2.47,410,191.04,0.0122,19.1,2,4,3,9,At Risk,1,2,Loyal Customers,"Upsell premium products, increase frequency"
16948,139,7,868.77,20,1.84,517,124.11,0.0135,43.44,3,4,3,10,Loyal,1,2,Loyal Customers,"Upsell premium products, increase frequency"
16949,4,6,1286.27,57,6.4,312,214.38,0.0192,22.57,5,4,4,13,Champion,0,2,Loyal Customers,"Upsell premium products, increase frequency"
16950,57,10,3784.37,111,2.58,627,378.44,0.0159,34.09,4,5,5,14,Champion,0,0,Champions,"Reward with loyalty perks, ask for reviews"
16951,135,3,1277.75,73,1.45,169,425.92,0.0176,17.5,3,3,4,10,Loyal,1,2,Loyal Customers,"Upsell premium products, increase frequency"
16952,110,5,798.78,76,3.54,618,159.76,0.0081,10.51,3,4,3,10,Loyal,1,2,Loyal Customers,"Upsell premium products, increase frequency"
16953,31,1,20.8,1,2.08,0,20.8,1.0,20.8,4,2,1,7,At Risk,0,1,At Risk,"Send win-back campaigns, offer discounts"
16954,1,20,6081.88,83,2.68,689,304.09,0.029,73.28,5,5,5,15,Champion,0,0,Champions,"Reward with loyalty perks, ask for reviews"
16955,185,6,1309.41,33,3.51,492,218.24,0.0122,39.68,3,4,4,11,Loyal,1,2,Loyal Customers,"Upsell premium products, increase frequency"
16956,18,1,308.74,16,4.23,0,308.74,1.0,19.3,5,2,2,9,At Risk,0,1,At Risk,"Send win-back campaigns, offer discounts"
16957,240,2,416.64,15,3.33,42,208.32,0.0465,27.78,2,3,2,7,At Risk,1,1,At Risk,"Send win-back campaigns, offer discounts"
16958,436,1,809.44,69,2.46,0,809.44,1.0,11.73,1,2,3,6,Hibernating,1,3,Lost,Minimal spend — low re-engagement ROI
16959,88,1,117.35,7,3.01,0,117.35,1.0,16.76,3,2,1,6,Hibernating,0,1,At Risk,"Send win-back campaigns, offer discounts"
16960,39,8,2043.43,334,1.98,608,255.43,0.0131,6.12,4,5,4,13,Champion,0,2,Loyal Customers,"Upsell premium products, increase frequency"
16961,117,3,794.56,52,3.1,415,264.85,0.0072,15.28,3,3,3,9,At Risk,1,2,Loyal Customers,"Upsell premium products, increase frequency"
16962,410,1,251.04,15,2.68,0,251.04,1.0,16.74,2,2,1,5,Hibernating,1,3,Lost,Minimal spend — low re-engagement ROI
16963,188,1,110.55,7,3.34,0,110.55,1.0,15.79,3,2,1,6,Hibernating,1,1,At Risk,"Send win-back campaigns, offer discounts"
16964,734,2,207.85,6,4.55,0,103.92,2.0,34.64,1,3,1,5,Hibernating,1,3,Lost,Minimal spend — low re-engagement ROI
16965,227,1,201.19,26,2.34,0,201.19,1.0,7.74,2,2,1,5,Hibernating,1,1,At Risk,"Send win-back campaigns, offer discounts"
16966,9,7,2154.97,8,1.29,231,307.85,0.0302,269.37,5,4,4,13,Champion,0,2,Loyal Customers,"Upsell premium products, increase frequency"
16967,190,1,319.02,21,1.14,0,319.02,1.0,15.19,3,2,2,7,At Risk,1,1,At Risk,"Send win-back campaigns, offer discounts"
16968,5,2,439.43,31,2.8,103,219.72,0.0192,14.18,5,3,2,10,Loyal,0,1,At Risk,"Send win-back campaigns, offer discounts"
16969,40,3,650.41,42,2.38,152,216.8,0.0196,15.49,4,3,3,10,Loyal,0,1,At Risk,"Send win-back campaigns, offer discounts"
16970,627,1,71.4,2,5.95,0,71.4,1.0,35.7,1,2,1,4,Hibernating,1,3,Lost,Minimal spend — low re-engagement ROI
16971,39,1,357.21,40,7.76,0,357.21,1.0,8.93,4,2,2,8,At Risk,0,1,At Risk,"Send win-back campaigns, offer discounts"
16972,383,2,786.25,54,4.53,73,393.12,0.027,14.56,2,3,3,8,At Risk,1,3,Lost,Minimal spend — low re-engagement ROI
16973,387,1,127.0,6,2.12,0,127.0,1.0,21.17,2,2,1,5,Hibernating,1,3,Lost,Minimal spend — low re-engagement ROI
16974,523,2,365.5,5,5.31,41,182.75,0.0476,73.1,1,3,2,6,Hibernating,1,3,Lost,Minimal spend — low re-engagement ROI
16975,424,3,926.12,44,2.38,82,308.71,0.0361,21.05,1,3,3,7,At Risk,1,3,Lost,Minimal spend — low re-engagement ROI
16976,268,1,251.52,2,6.01,0,251.52,1.0,125.76,2,2,1,5,Hibernating,1,1,At Risk,"Send win-back campaigns, offer discounts"
16977,396,4,496.0,25,5.27,236,124.0,0.0169,19.84,2,4,2,8,At Risk,1,3,Lost,Minimal spend — low re-engagement ROI
16978,78,3,768.88,65,3.3,588,256.29,0.0051,11.83,3,3,3,9,At Risk,0,2,Loyal Customers,"Upsell premium products, increase frequency"
16979,4,9,2859.74,82,3.45,446,317.75,0.0201,34.87,5,5,4,14,Champion,0,2,Loyal Customers,"Upsell premium products, increase frequency"
16980,256,3,1473.33,91,2.29,173,491.11,0.0172,16.19,2,3,4,9,At Risk,1,2,Loyal Customers,"Upsell premium products, increase frequency"
16982,61,1,384.06,22,2.45,0,384.06,1.0,17.46,3,2,2,7,At Risk,0,1,At Risk,"Send win-back campaigns, offer discounts"
16983,13,11,3710.22,151,2.95,433,337.29,0.0253,24.57,5,5,5,15,Champion,0,0,Champions,"Reward with loyalty perks, ask for reviews"
16984,89,9,10754.8,669,3.75,553,1194.98,0.0162,16.08,3,5,5,13,Champion,0,0,Champions,"Reward with loyalty perks, ask for reviews"
16985,18,23,10923.16,130,8.17,711,474.92,0.0323,84.02,5,5,5,15,Champion,0,0,Champions,"Reward with loyalty perks, ask for reviews"
16986,30,11,4888.75,65,4.07,643,444.43,0.0171,75.21,4,5,5,14,Champion,0,0,Champions,"Reward with loyalty perks, ask for reviews"
16987,4,11,2535.9,155,4.28,734,230.54,0.015,16.36,5,5,4,14,Champion,0,0,Champions,"Reward with loyalty perks, ask for reviews"
16988,6,2,382.67,20,5.36,374,191.34,0.0053,19.13,5,3,2,10,Loyal,0,1,At Risk,"Send win-back campaigns, offer discounts"
16989,8,6,1133.25,7,1.5,143,188.88,0.0417,161.89,5,4,3,12,Loyal,0,2,Loyal Customers,"Upsell premium products, increase frequency"
16990,219,2,344.0,1,1.72,203,172.0,0.0098,344.0,2,3,2,7,At Risk,1,1,At Risk,"Send win-back campaigns, offer discounts"
16991,422,1,1041.21,74,2.28,0,1041.21,1.0,14.07,1,2,3,6,Hibernating,1,3,Lost,Minimal spend — low re-engagement ROI
16992,11,13,5476.5,212,5.21,655,421.27,0.0198,25.83,5,5,5,15,Champion,0,0,Champions,"Reward with loyalty perks, ask for reviews"
16993,464,2,1950.95,19,7.96,112,975.48,0.0177,102.68,1,3,4,8,At Risk,1,3,Lost,Minimal spend — low re-engagement ROI
16996,31,9,2123.61,32,2.76,387,235.96,0.0232,66.36,4,5,4,13,Champion,0,2,Loyal Customers,"Upsell premium products, increase frequency"
16997,289,3,702.0,7,1.95,37,234.0,0.0789,100.29,2,3,3,8,At Risk,1,1,At Risk,"Send win-back campaigns, offer discounts"
16998,150,5,402.0,2,3.9,294,80.4,0.0169,201.0,3,4,2,9,At Risk,1,1,At Risk,"Send win-back campaigns, offer discounts"
16999,24,2,484.82,21,2.43,50,242.41,0.0392,23.09,4,3,2,9,At Risk,0,1,At Risk,"Send win-back campaigns, offer discounts"
17000,397,2,406.3,26,1.63,11,203.15,0.1667,15.63,2,3,2,7,At Risk,1,3,Lost,Minimal spend — low re-engagement ROI
17001,1,19,6640.8,108,2.93,623,349.52,0.0304,61.49,5,5,5,15,Champion,0,0,Champions,"Reward with loyalty perks, ask for reviews"
17002,86,7,2571.55,64,3.36,555,367.36,0.0126,40.18,3,4,4,11,Loyal,0,2,Loyal Customers,"Upsell premium products, increase frequency"
17003,403,4,830.16,90,2.09,176,207.54,0.0226,9.22,2,4,3,9,At Risk,1,3,Lost,Minimal spend — low re-engagement ROI
17004,47,4,2425.16,48,2.56,377,606.29,0.0106,50.52,4,4,4,12,Loyal,0,2,Loyal Customers,"Upsell premium products, increase frequency"
17005,471,2,742.36,14,1.73,118,371.18,0.0168,53.03,1,3,3,7,At Risk,1,3,Lost,Minimal spend — low re-engagement ROI
17006,5,8,1636.32,103,3.28,639,204.54,0.0125,15.89,5,5,4,14,Champion,0,2,Loyal Customers,"Upsell premium products, increase frequency"
17007,51,7,1120.1,63,3.54,386,160.01,0.0181,17.78,4,4,3,11,Loyal,0,2,Loyal Customers,"Upsell premium products, increase frequency"
17008,430,1,81.36,1,3.39,0,81.36,1.0,81.36,1,2,1,4,Hibernating,1,3,Lost,Minimal spend — low re-engagement ROI
17009,552,1,242.06,10,1.73,0,242.06,1.0,24.21,1,2,1,4,Hibernating,1,3,Lost,Minimal spend — low re-engagement ROI
17010,19,1,195.36,11,2.55,0,195.36,1.0,17.76,5,2,1,8,At Risk,0,1,At Risk,"Send win-back campaigns, offer discounts"
17011,31,3,671.7,27,1.64,621,223.9,0.0048,24.88,4,3,3,10,Loyal,0,1,At Risk,"Send win-back campaigns, offer discounts"
17012,726,1,384.16,34,2.12,0,384.16,1.0,11.3,1,2,2,5,Hibernating,1,3,Lost,Minimal spend — low re-engagement ROI
17014,9,3,586.33,63,2.93,58,195.44,0.0508,9.31,5,3,2,10,Loyal,0,1,At Risk,"Send win-back campaigns, offer discounts"
17015,29,3,1842.56,182,1.42,156,614.19,0.0191,10.12,4,3,4,11,Loyal,0,2,Loyal Customers,"Upsell premium products, increase frequency"
17016,577,1,552.4,41,3.77,0,552.4,1.0,13.47,1,2,2,5,Hibernating,1,3,Lost,Minimal spend — low re-engagement ROI
17017,3,29,14110.61,120,1.8,733,486.57,0.0395,117.59,5,5,5,15,Champion,0,0,Champions,"Reward with loyalty perks, ask for reviews"
17018,41,6,2287.7,26,5.83,694,381.28,0.0086,87.99,4,4,4,12,Loyal,0,2,Loyal Customers,"Upsell premium products, increase frequency"
17019,12,11,4012.2,344,2.04,726,364.75,0.0151,11.66,5,5,5,15,Champion,0,0,Champions,"Reward with loyalty perks, ask for reviews"
17020,543,2,935.62,64,1.62,104,467.81,0.019,14.62,1,3,3,7,At Risk,1,3,Lost,Minimal spend — low re-engagement ROI
17021,443,6,1182.22,35,2.91,146,197.04,0.0408,33.78,1,4,3,8,At Risk,1,3,Lost,Minimal spend — low re-engagement ROI
17022,32,2,260.0,16,2.52,401,130.0,0.005,16.25,4,3,1,8,At Risk,0,1,At Risk,"Send win-back campaigns, offer discounts"
17023,418,3,800.18,48,2.59,280,266.73,0.0107,16.67,1,3,3,7,At Risk,1,3,Lost,Minimal spend — low re-engagement ROI
17024,46,3,95.85,2,1.38,112,31.95,0.0265,47.92,4,3,1,8,At Risk,0,1,At Risk,"Send win-back campaigns, offer discounts"
17025,61,5,1510.64,31,1.72,580,302.13,0.0086,48.73,3,4,4,11,Loyal,0,2,Loyal Customers,"Upsell premium products, increase frequency"
17026,186,3,208.98,4,4.09,231,69.66,0.0129,52.24,3,3,1,7,At Risk,1,1,At Risk,"Send win-back campaigns, offer discounts"
17027,79,9,1327.11,126,3.37,651,147.46,0.0138,10.53,3,5,4,12,Loyal,0,2,Loyal Customers,"Upsell premium products, increase frequency"
17028,582,3,1593.83,85,3.44,140,531.28,0.0213,18.75,1,3,4,8,At Risk,1,3,Lost,Minimal spend — low re-engagement ROI
17029,111,7,2137.3,19,2.3,553,305.33,0.0126,112.49,3,4,4,11,Loyal,1,2,Loyal Customers,"Upsell premium products, increase frequency"
17030,64,1,146.87,11,2.66,0,146.87,1.0,13.35,3,2,1,6,Hibernating,0,1,At Risk,"Send win-back campaigns, offer discounts"
17031,12,6,2773.85,34,1.8,569,462.31,0.0105,81.58,5,4,4,13,Champion,0,2,Loyal Customers,"Upsell premium products, increase frequency"
17032,548,8,3004.6,183,3.21,181,375.58,0.044,16.42,1,5,5,11,Loyal,1,3,Lost,Minimal spend — low re-engagement ROI
17033,87,4,1332.79,33,3.21,311,333.2,0.0128,40.39,3,4,4,11,Loyal,0,2,Loyal Customers,"Upsell premium products, increase frequency"
17034,17,5,1283.92,49,2.89,497,256.78,0.01,26.2,5,4,4,13,Champion,0,2,Loyal Customers,"Upsell premium products, increase frequency"
17035,246,4,613.59,29,3.38,491,153.4,0.0081,21.16,2,4,2,8,At Risk,1,2,Loyal Customers,"Upsell premium products, increase frequency"
17036,384,1,176.9,12,4.93,0,176.9,1.0,14.74,2,2,1,5,Hibernating,1,3,Lost,Minimal spend — low re-engagement ROI
17037,88,1,1267.32,75,2.76,0,1267.32,1.0,16.9,3,2,4,9,At Risk,0,1,At Risk,"Send win-back campaigns, offer discounts"
17038,31,2,743.17,61,3.2,384,371.58,0.0052,12.18,4,3,3,10,Loyal,0,1,At Risk,"Send win-back campaigns, offer discounts"
17039,605,1,1954.99,44,3.93,0,1954.99,1.0,44.43,1,2,4,7,At Risk,1,3,Lost,Minimal spend — low re-engagement ROI
17040,138,2,463.25,15,3.2,412,231.62,0.0048,30.88,3,3,2,8,At Risk,1,1,At Risk,"Send win-back campaigns, offer discounts"
17041,27,6,1686.28,93,2.16,573,281.05,0.0105,18.13,4,4,4,12,Loyal,0,2,Loyal Customers,"Upsell premium products, increase frequency"
17042,3,5,1044.38,74,1.82,244,208.88,0.0204,14.11,5,4,3,12,Loyal,0,2,Loyal Customers,"Upsell premium products, increase frequency"
17043,33,8,2616.55,175,3.41,698,327.07,0.0114,14.95,4,5,4,13,Champion,0,2,Loyal Customers,"Upsell premium products, increase frequency"
17044,26,12,11962.3,92,3.7,707,996.86,0.0169,130.02,4,5,5,14,Champion,0,0,Champions,"Reward with loyalty perks, ask for reviews"
17045,114,5,827.68,44,5.52,316,165.54,0.0158,18.81,3,4,3,10,Loyal,1,2,Loyal Customers,"Upsell premium products, increase frequency"
17046,158,5,1906.07,76,1.77,463,381.21,0.0108,25.08,3,4,4,11,Loyal,1,2,Loyal Customers,"Upsell premium products, increase frequency"
17047,86,6,2289.23,114,3.48,646,381.54,0.0093,20.08,3,4,4,11,Loyal,0,2,Loyal Customers,"Upsell premium products, increase frequency"
17048,118,7,2071.68,88,2.9,572,295.95,0.0122,23.54,3,4,4,11,Loyal,1,2,Loyal Customers,"Upsell premium products, increase frequency"
17049,3,19,9947.48,316,4.36,643,523.55,0.0295,31.48,5,5,5,15,Champion,0,0,Champions,"Reward with loyalty perks, ask for reviews"
17050,97,11,4691.79,193,3.5,585,426.53,0.0188,24.31,3,5,5,13,Champion,1,0,Champions,"Reward with loyalty perks, ask for reviews"
17051,195,4,714.39,107,1.75,433,178.6,0.0092,6.68,2,4,3,9,At Risk,1,2,Loyal Customers,"Upsell premium products, increase frequency"
17052,29,1,413.75,72,1.86,0,413.75,1.0,5.75,4,2,2,8,At Risk,0,1,At Risk,"Send win-back campaigns, offer discounts"
17053,131,1,498.48,13,4.5,0,498.48,1.0,38.34,3,2,2,7,At Risk,1,1,At Risk,"Send win-back campaigns, offer discounts"
17054,29,5,1356.33,64,4.77,216,271.27,0.023,21.19,4,4,4,12,Loyal,0,2,Loyal Customers,"Upsell premium products, increase frequency"
17055,446,1,239.55,24,3.07,0,239.55,1.0,9.98,1,2,1,4,Hibernating,1,3,Lost,Minimal spend — low re-engagement ROI
17056,739,1,128.6,8,4.13,0,128.6,1.0,16.08,1,2,1,4,Hibernating,1,3,Lost,Minimal spend — low re-engagement ROI
17057,597,1,294.74,48,2.94,0,294.74,1.0,6.14,1,2,2,5,Hibernating,1,3,Lost,Minimal spend — low re-engagement ROI
17058,82,3,1179.89,51,3.77,158,393.3,0.0189,23.14,3,3,3,9,At Risk,0,2,Loyal Customers,"Upsell premium products, increase frequency"
17059,30,9,5602.53,349,2.62,652,622.5,0.0138,16.05,4,5,5,14,Champion,0,0,Champions,"Reward with loyalty perks, ask for reviews"
17060,267,1,234.24,5,1.77,0,234.24,1.0,46.85,2,2,1,5,Hibernating,1,1,At Risk,"Send win-back campaigns, offer discounts"
17061,74,11,5232.23,57,5.09,158,475.66,0.0692,91.79,3,5,5,13,Champion,0,0,Champions,"Reward with loyalty perks, ask for reviews"
17062,314,6,1208.22,82,2.24,125,201.37,0.0476,14.73,2,4,3,9,At Risk,1,2,Loyal Customers,"Upsell premium products, increase frequency"
17063,22,13,3638.53,150,2.53,717,279.89,0.0181,24.26,4,5,5,14,Champion,0,0,Champions,"Reward with loyalty perks, ask for reviews"
17064,59,3,859.35,53,3.69,268,286.45,0.0112,16.21,4,3,3,10,Loyal,0,2,Loyal Customers,"Upsell premium products, increase frequency"
17065,638,2,194.7,6,3.38,0,97.35,2.0,32.45,1,3,1,5,Hibernating,1,3,Lost,Minimal spend — low re-engagement ROI
17066,727,1,228.34,17,2.72,0,228.34,1.0,13.43,1,2,1,4,Hibernating,1,3,Lost,Minimal spend — low re-engagement ROI
17067,725,3,454.54,8,2.16,6,151.51,0.4286,56.82,1,3,2,6,Hibernating,1,3,Lost,Minimal spend — low re-engagement ROI
17068,13,47,9161.08,250,2.48,608,194.92,0.0772,36.64,5,5,5,15,Champion,0,0,Champions,"Reward with loyalty perks, ask for reviews"
17069,29,14,5794.28,202,2.66,708,413.88,0.0197,28.68,4,5,5,14,Champion,0,0,Champions,"Reward with loyalty perks, ask for reviews"
17070,115,2,445.32,102,2.4,296,222.66,0.0067,4.37,3,3,2,8,At Risk,1,1,At Risk,"Send win-back campaigns, offer discounts"
17071,29,13,3801.2,141,3.47,656,292.4,0.0198,26.96,4,5,5,14,Champion,0,0,Champions,"Reward with loyalty perks, ask for reviews"
17072,626,1,282.05,20,1.74,0,282.05,1.0,14.1,1,2,1,4,Hibernating,1,3,Lost,Minimal spend — low re-engagement ROI
17073,18,4,1446.09,142,3.12,91,361.52,0.0435,10.18,5,4,4,13,Champion,0,2,Loyal Customers,"Upsell premium products, increase frequency"
17074,563,1,203.05,4,10.3,0,203.05,1.0,50.76,1,2,1,4,Hibernating,1,3,Lost,Minimal spend — low re-engagement ROI
17075,18,10,2241.73,153,3.91,708,224.17,0.0141,14.65,5,5,4,14,Champion,0,2,Loyal Customers,"Upsell premium products, increase frequency"
17076,37,6,1242.75,31,4.25,699,207.12,0.0086,40.09,4,4,3,11,Loyal,0,2,Loyal Customers,"Upsell premium products, increase frequency"
17077,579,1,306.0,1,8.5,0,306.0,1.0,306.0,1,2,2,5,Hibernating,1,3,Lost,Minimal spend — low re-engagement ROI
17078,37,2,378.2,28,0.6,0,189.1,2.0,13.51,4,3,2,9,At Risk,0,1,At Risk,"Send win-back campaigns, offer discounts"
17079,79,1,118.8,2,4.95,0,118.8,1.0,59.4,3,2,1,6,Hibernating,0,1,At Risk,"Send win-back campaigns, offer discounts"
17080,23,7,957.53,26,3.56,503,136.79,0.0139,36.83,4,4,3,11,Loyal,0,2,Loyal Customers,"Upsell premium products, increase frequency"
17081,26,6,964.39,166,3.41,629,160.73,0.0095,5.81,4,4,3,11,Loyal,0,2,Loyal Customers,"Upsell premium products, increase frequency"
17082,34,6,4732.03,117,3.32,691,788.67,0.0087,40.44,4,4,5,13,Champion,0,2,Loyal Customers,"Upsell premium products, increase frequency"
17083,110,9,4049.79,30,2.44,559,449.98,0.0161,134.99,3,5,5,13,Champion,1,2,Loyal Customers,"Upsell premium products, increase frequency"
17084,36,3,5202.97,263,2.77,361,1734.32,0.0083,19.78,4,3,5,12,Loyal,0,2,Loyal Customers,"Upsell premium products, increase frequency"
17085,124,28,7891.41,411,2.83,610,281.84,0.0458,19.2,3,5,5,13,Champion,1,0,Champions,"Reward with loyalty perks, ask for reviews"
17086,8,6,2050.08,76,2.16,56,341.68,0.1053,26.97,5,4,4,13,Champion,0,2,Loyal Customers,"Upsell premium products, increase frequency"
17087,738,1,221.53,12,3.2,0,221.53,1.0,18.46,1,2,1,4,Hibernating,1,3,Lost,Minimal spend — low re-engagement ROI
17088,29,4,1991.01,96,3.81,225,497.75,0.0177,20.74,4,4,4,12,Loyal,0,2,Loyal Customers,"Upsell premium products, increase frequency"
17089,387,1,128.45,4,3.85,0,128.45,1.0,32.11,2,2,1,5,Hibernating,1,3,Lost,Minimal spend — low re-engagement ROI
17090,5,13,3149.48,54,2.76,503,242.27,0.0258,58.32,5,5,5,15,Champion,0,0,Champions,"Reward with loyalty perks, ask for reviews"
17091,3,19,7811.1,242,2.99,720,411.11,0.0264,32.28,5,5,5,15,Champion,0,0,Champions,"Reward with loyalty perks, ask for reviews"
17092,51,11,5594.96,273,2.34,625,508.63,0.0176,20.49,4,5,5,14,Champion,0,0,Champions,"Reward with loyalty perks, ask for reviews"
17093,593,1,235.88,13,3.05,0,235.88,1.0,18.14,1,2,1,4,Hibernating,1,3,Lost,Minimal spend — low re-engagement ROI
17094,323,2,402.2,18,2.06,101,201.1,0.0196,22.34,2,3,2,7,At Risk,1,3,Lost,Minimal spend — low re-engagement ROI
17095,23,7,2572.25,110,3.3,701,367.46,0.01,23.38,4,4,4,12,Loyal,0,2,Loyal Customers,"Upsell premium products, increase frequency"
17096,16,11,3759.18,162,3.95,540,341.74,0.0203,23.2,5,5,5,15,Champion,0,0,Champions,"Reward with loyalty perks, ask for reviews"
17097,3,9,1340.45,182,2.52,428,148.94,0.021,7.37,5,5,4,14,Champion,0,2,Loyal Customers,"Upsell premium products, increase frequency"
17098,382,3,591.07,10,6.13,159,197.02,0.0188,59.11,2,3,2,7,At Risk,1,3,Lost,Minimal spend — low re-engagement ROI
17099,534,1,582.17,40,3.18,0,582.17,1.0,14.55,1,2,2,5,Hibernating,1,3,Lost,Minimal spend — low re-engagement ROI
17100,19,2,971.74,65,1.94,0,485.87,2.0,14.95,5,3,3,11,Loyal,0,1,At Risk,"Send win-back campaigns, offer discounts"
17101,11,7,2507.05,54,3.47,539,358.15,0.013,46.43,5,4,4,13,Champion,0,2,Loyal Customers,"Upsell premium products, increase frequency"
17102,262,1,25.5,1,12.75,0,25.5,1.0,25.5,2,2,1,5,Hibernating,1,1,At Risk,"Send win-back campaigns, offer discounts"
17103,723,1,424.3,32,1.69,0,424.3,1.0,13.26,1,2,2,5,Hibernating,1,3,Lost,Minimal spend — low re-engagement ROI
17104,424,1,474.03,19,4.55,0,474.03,1.0,24.95,1,2,2,5,Hibernating,1,3,Lost,Minimal spend — low re-engagement ROI
17105,160,2,665.78,80,1.94,147,332.89,0.0135,8.32,3,3,3,9,At Risk,1,1,At Risk,"Send win-back campaigns, offer discounts"
17106,390,1,491.23,51,4.51,0,491.23,1.0,9.63,2,2,2,6,Hibernating,1,3,Lost,Minimal spend — low re-engagement ROI
17107,34,10,16075.42,377,3.21,643,1607.54,0.0155,42.64,4,5,5,14,Champion,0,0,Champions,"Reward with loyalty perks, ask for reviews"
17108,664,1,174.95,9,5.25,0,174.95,1.0,19.44,1,2,1,4,Hibernating,1,3,Lost,Minimal spend — low re-engagement ROI
17109,30,8,1295.46,124,2.47,468,161.93,0.0171,10.45,4,5,4,13,Champion,0,2,Loyal Customers,"Upsell premium products, increase frequency"
17110,166,3,510.7,38,4.17,444,170.23,0.0067,13.44,3,3,2,8,At Risk,1,1,At Risk,"Send win-back campaigns, offer discounts"
17111,48,2,476.58,44,1.62,378,238.29,0.0053,10.83,4,3,2,9,At Risk,0,1,At Risk,"Send win-back campaigns, offer discounts"
17112,503,1,205.17,44,1.98,0,205.17,1.0,4.66,1,2,1,4,Hibernating,1,3,Lost,Minimal spend — low re-engagement ROI
17113,575,6,2322.59,122,4.15,123,387.1,0.0484,19.04,1,4,4,9,At Risk,1,3,Lost,Minimal spend — low re-engagement ROI
17114,6,8,808.62,85,5.02,329,101.08,0.0242,9.51,5,5,3,13,Champion,0,2,Loyal Customers,"Upsell premium products, increase frequency"
17115,9,7,2761.49,102,5.0,726,394.5,0.0096,27.07,5,4,4,13,Champion,0,2,Loyal Customers,"Upsell premium products, increase frequency"
17116,649,1,389.78,47,1.53,0,389.78,1.0,8.29,1,2,2,5,Hibernating,1,3,Lost,Minimal spend — low re-engagement ROI
17117,289,1,116.2,9,3.97,0,116.2,1.0,12.91,2,2,1,5,Hibernating,1,1,At Risk,"Send win-back campaigns, offer discounts"
17118,318,1,157.02,10,1.36,0,157.02,1.0,15.7,2,2,1,5,Hibernating,1,3,Lost,Minimal spend — low re-engagement ROI
17119,4,2,606.91,35,3.58,56,303.46,0.0351,17.34,5,3,2,10,Loyal,0,1,At Risk,"Send win-back campaigns, offer discounts"
17120,234,1,307.46,18,4.4,0,307.46,1.0,17.08,2,2,2,6,Hibernating,1,1,At Risk,"Send win-back campaigns, offer discounts"
17121,403,1,314.74,12,3.74,0,314.74,1.0,26.23,2,2,2,6,Hibernating,1,3,Lost,Minimal spend — low re-engagement ROI
17122,120,4,570.5,23,1.72,380,142.62,0.0105,24.8,3,4,2,9,At Risk,1,2,Loyal Customers,"Upsell premium products, increase frequency"
17123,162,3,977.17,37,1.96,410,325.72,0.0073,26.41,3,3,3,9,At Risk,1,2,Loyal Customers,"Upsell premium products, increase frequency"
17124,186,1,298.89,31,3.44,0,298.89,1.0,9.64,3,2,2,7,At Risk,1,1,At Risk,"Send win-back campaigns, offer discounts"
17125,51,1,259.35,34,3.47,0,259.35,1.0,7.63,4,2,1,7,At Risk,0,1,At Risk,"Send win-back campaigns, offer discounts"
17126,153,9,2070.44,295,2.09,313,230.05,0.0287,7.02,3,5,4,12,Loyal,1,2,Loyal Customers,"Upsell premium products, increase frequency"
17127,429,5,1155.03,27,4.11,306,231.01,0.0163,42.78,1,4,3,8,At Risk,1,3,Lost,Minimal spend — low re-engagement ROI
17128,335,1,157.09,14,3.99,0,157.09,1.0,11.22,2,2,1,5,Hibernating,1,3,Lost,Minimal spend — low re-engagement ROI
17129,521,1,31.85,2,6.73,0,31.85,1.0,15.92,1,2,1,4,Hibernating,1,3,Lost,Minimal spend — low re-engagement ROI
17131,6,5,2463.17,78,3.52,70,492.63,0.0704,31.58,5,4,4,13,Champion,0,2,Loyal Customers,"Upsell premium products, increase frequency"
17132,453,2,1272.8,62,3.28,36,636.4,0.0541,20.53,1,3,4,8,At Risk,1,3,Lost,Minimal spend — low re-engagement ROI
17133,16,12,14622.33,22,2.02,612,1218.53,0.0196,664.65,5,5,5,15,Champion,0,0,Champions,"Reward with loyalty perks, ask for reviews"
17134,107,3,637.1,31,5.5,335,212.37,0.0089,20.55,3,3,3,9,At Risk,1,1,At Risk,"Send win-back campaigns, offer discounts"
17135,17,10,1954.16,98,2.83,563,195.42,0.0177,19.94,5,5,4,14,Champion,0,2,Loyal Customers,"Upsell premium products, increase frequency"
17136,663,1,231.68,14,2.8,0,231.68,1.0,16.55,1,2,1,4,Hibernating,1,3,Lost,Minimal spend — low re-engagement ROI
17137,417,6,1133.63,125,2.14,261,188.94,0.0229,9.07,1,4,3,8,At Risk,1,2,Loyal Customers,"Upsell premium products, increase frequency"
17138,276,7,4417.27,234,3.94,397,631.04,0.0176,18.88,2,4,5,11,Loyal,1,2,Loyal Customers,"Upsell premium products, increase frequency"
17139,16,25,19584.46,447,3.62,681,783.38,0.0367,43.81,5,5,5,15,Champion,0,0,Champions,"Reward with loyalty perks, ask for reviews"
17140,248,1,465.32,16,2.5,0,465.32,1.0,29.08,2,2,2,6,Hibernating,1,1,At Risk,"Send win-back campaigns, offer discounts"
17141,419,4,754.33,138,2.93,266,188.58,0.015,5.47,1,4,3,8,At Risk,1,3,Lost,Minimal spend — low re-engagement ROI
17142,240,4,1283.75,78,6.57,445,320.94,0.009,16.46,2,4,4,10,Loyal,1,2,Loyal Customers,"Upsell premium products, increase frequency"
17143,418,2,924.11,82,3.44,98,462.06,0.0202,11.27,1,3,3,7,At Risk,1,3,Lost,Minimal spend — low re-engagement ROI
17144,2,2,984.57,42,5.28,83,492.28,0.0238,23.44,5,3,3,11,Loyal,0,1,At Risk,"Send win-back campaigns, offer discounts"
17145,513,4,3120.91,168,2.83,145,780.23,0.0274,18.58,1,4,5,10,Loyal,1,3,Lost,Minimal spend — low re-engagement ROI
17146,106,13,5860.24,164,4.47,570,450.79,0.0228,35.73,3,5,5,13,Champion,1,0,Champions,"Reward with loyalty perks, ask for reviews"
17147,23,9,3199.95,99,4.03,675,355.55,0.0133,32.32,4,5,5,14,Champion,0,2,Loyal Customers,"Upsell premium products, increase frequency"
17148,52,1,124.88,9,1.62,0,124.88,1.0,13.88,4,2,1,7,At Risk,0,1,At Risk,"Send win-back campaigns, offer discounts"
17149,452,1,143.1,6,7.95,0,143.1,1.0,23.85,1,2,1,4,Hibernating,1,3,Lost,Minimal spend — low re-engagement ROI
17150,377,6,1375.65,64,5.0,357,229.28,0.0168,21.49,2,4,4,10,Loyal,1,2,Loyal Customers,"Upsell premium products, increase frequency"
17151,736,1,231.9,4,5.58,0,231.9,1.0,57.98,1,2,1,4,Hibernating,1,3,Lost,Minimal spend — low re-engagement ROI
17152,195,4,2016.5,9,3.73,230,504.12,0.0173,224.06,2,4,4,10,Loyal,1,2,Loyal Customers,"Upsell premium products, increase frequency"
17153,25,1,213.78,14,2.79,0,213.78,1.0,15.27,4,2,1,7,At Risk,0,1,At Risk,"Send win-back campaigns, offer discounts"
17154,76,1,329.34,23,1.11,0,329.34,1.0,14.32,3,2,2,7,At Risk,0,1,At Risk,"Send win-back campaigns, offer discounts"
17155,18,7,892.46,43,1.9,719,127.49,0.0097,20.75,5,4,3,12,Loyal,0,2,Loyal Customers,"Upsell premium products, increase frequency"
17156,492,1,591.87,39,2.06,0,591.87,1.0,15.18,1,2,2,5,Hibernating,1,3,Lost,Minimal spend — low re-engagement ROI
17157,8,19,5151.9,78,2.96,727,271.15,0.0261,66.05,5,5,5,15,Champion,0,0,Champions,"Reward with loyalty perks, ask for reviews"
17158,33,5,1980.0,74,3.55,609,396.0,0.0082,26.76,4,4,4,12,Loyal,0,2,Loyal Customers,"Upsell premium products, increase frequency"
17159,22,5,2099.59,115,2.78,623,419.92,0.008,18.26,4,4,4,12,Loyal,0,2,Loyal Customers,"Upsell premium products, increase frequency"
17160,32,17,10209.16,215,1.63,704,600.54,0.0241,47.48,4,5,5,14,Champion,0,0,Champions,"Reward with loyalty perks, ask for reviews"
17161,445,1,856.01,52,2.55,0,856.01,1.0,16.46,1,2,3,6,Hibernating,1,3,Lost,Minimal spend — low re-engagement ROI
17162,29,10,1715.46,81,3.83,276,171.55,0.0361,21.18,4,5,4,13,Champion,0,2,Loyal Customers,"Upsell premium products, increase frequency"
17163,22,4,699.78,27,1.67,653,174.94,0.0061,25.92,4,4,3,11,Loyal,0,2,Loyal Customers,"Upsell premium products, increase frequency"
17164,33,7,2467.35,92,2.49,240,352.48,0.029,26.82,4,4,4,12,Loyal,0,2,Loyal Customers,"Upsell premium products, increase frequency"
17165,285,6,1794.32,77,4.31,444,299.05,0.0135,23.3,2,4,4,10,Loyal,1,2,Loyal Customers,"Upsell premium products, increase frequency"
17166,39,2,206.34,11,3.12,165,103.17,0.012,18.76,4,3,1,8,At Risk,0,1,At Risk,"Send win-back campaigns, offer discounts"
17167,380,3,867.11,64,3.13,65,289.04,0.0455,13.55,2,3,3,8,At Risk,1,3,Lost,Minimal spend — low re-engagement ROI
17168,499,1,400.2,21,3.28,0,400.2,1.0,19.06,1,2,2,5,Hibernating,1,3,Lost,Minimal spend — low re-engagement ROI
17169,58,3,1156.73,64,3.04,520,385.58,0.0058,18.07,4,3,3,10,Loyal,0,2,Loyal Customers,"Upsell premium products, increase frequency"
17170,375,2,178.68,8,1.38,14,89.34,0.1333,22.34,2,3,1,6,Hibernating,1,3,Lost,Minimal spend — low re-engagement ROI
17171,290,2,384.59,25,4.07,372,192.3,0.0054,15.38,2,3,2,7,At Risk,1,1,At Risk,"Send win-back campaigns, offer discounts"
17172,79,3,956.57,39,1.0,647,318.86,0.0046,24.53,3,3,3,9,At Risk,0,2,Loyal Customers,"Upsell premium products, increase frequency"
17173,6,8,3766.6,36,3.72,125,470.82,0.0635,104.63,5,5,5,15,Champion,0,2,Loyal Customers,"Upsell premium products, increase frequency"
17174,218,1,59.9,4,1.66,0,59.9,1.0,14.98,2,2,1,5,Hibernating,1,1,At Risk,"Send win-back campaigns, offer discounts"
17175,45,4,1443.69,42,4.09,252,360.92,0.0158,34.37,4,4,4,12,Loyal,0,2,Loyal Customers,"Upsell premium products, increase frequency"
17176,202,3,902.32,37,2.32,475,300.77,0.0063,24.39,2,3,3,8,At Risk,1,2,Loyal Customers,"Upsell premium products, increase frequency"
17177,506,1,119.5,29,3.4,0,119.5,1.0,4.12,1,2,1,4,Hibernating,1,3,Lost,Minimal spend — low re-engagement ROI
17178,732,1,436.71,31,5.26,0,436.71,1.0,14.09,1,2,2,5,Hibernating,1,3,Lost,Minimal spend — low re-engagement ROI
17179,179,6,1507.26,75,2.29,384,251.21,0.0156,20.1,3,4,4,11,Loyal,1,2,Loyal Customers,"Upsell premium products, increase frequency"
17180,57,11,2256.98,189,1.98,630,205.18,0.0174,11.94,4,5,4,13,Champion,0,2,Loyal Customers,"Upsell premium products, increase frequency"
17181,58,3,465.37,28,4.41,538,155.12,0.0056,16.62,4,3,2,9,At Risk,0,1,At Risk,"Send win-back campaigns, offer discounts"
17182,423,2,321.3,4,5.95,295,160.65,0.0068,80.32,1,3,2,6,Hibernating,1,3,Lost,Minimal spend — low re-engagement ROI
17183,8,6,3347.31,42,4.03,97,557.88,0.0612,79.7,5,4,5,14,Champion,0,2,Loyal Customers,"Upsell premium products, increase frequency"
17184,570,2,198.41,14,3.95,161,99.2,0.0123,14.17,1,3,1,5,Hibernating,1,3,Lost,Minimal spend — low re-engagement ROI
17185,592,3,229.46,38,2.0,6,76.49,0.4286,6.04,1,3,1,5,Hibernating,1,3,Lost,Minimal spend — low re-engagement ROI
17186,47,2,144.0,1,0.72,13,72.0,0.1429,144.0,4,3,1,8,At Risk,0,1,At Risk,"Send win-back campaigns, offer discounts"
17187,227,2,467.71,21,2.69,299,233.86,0.0067,22.27,2,3,2,7,At Risk,1,1,At Risk,"Send win-back campaigns, offer discounts"
17188,12,13,4592.93,136,2.68,719,353.3,0.0181,33.77,5,5,5,15,Champion,0,0,Champions,"Reward with loyalty perks, ask for reviews"
17189,107,5,957.63,101,2.3,631,191.53,0.0079,9.48,3,4,3,10,Loyal,1,2,Loyal Customers,"Upsell premium products, increase frequency"
17190,59,7,1743.04,160,3.98,585,249.01,0.0119,10.89,4,4,4,12,Loyal,0,2,Loyal Customers,"Upsell premium products, increase frequency"
17191,29,15,4836.05,269,2.83,710,322.4,0.0211,17.98,4,5,5,14,Champion,0,0,Champions,"Reward with loyalty perks, ask for reviews"
17192,537,1,77.83,20,3.01,0,77.83,1.0,3.89,1,2,1,4,Hibernating,1,3,Lost,Minimal spend — low re-engagement ROI
17193,36,9,2310.04,28,2.68,702,256.67,0.0128,82.5,4,5,4,13,Champion,0,2,Loyal Customers,"Upsell premium products, increase frequency"
17194,274,3,812.5,57,3.65,256,270.83,0.0117,14.25,2,3,3,8,At Risk,1,2,Loyal Customers,"Upsell premium products, increase frequency"
17195,656,1,562.98,31,1.6,0,562.98,1.0,18.16,1,2,2,5,Hibernating,1,3,Lost,Minimal spend — low re-engagement ROI
17196,428,1,352.9,84,2.41,0,352.9,1.0,4.2,1,2,2,5,Hibernating,1,3,Lost,Minimal spend — low re-engagement ROI
17197,30,1,1013.01,29,5.51,0,1013.01,1.0,34.93,4,2,3,9,At Risk,0,1,At Risk,"Send win-back campaigns, offer discounts"
17198,24,3,1213.88,89,2.96,347,404.63,0.0086,13.64,4,3,3,10,Loyal,0,2,Loyal Customers,"Upsell premium products, increase frequency"
17199,583,1,145.12,8,0.8,0,145.12,1.0,18.14,1,2,1,4,Hibernating,1,3,Lost,Minimal spend — low re-engagement ROI
17200,388,4,356.71,25,2.15,264,89.18,0.0151,14.27,2,4,2,8,At Risk,1,3,Lost,Minimal spend — low re-engagement ROI
17201,54,4,1242.04,154,2.48,613,310.51,0.0065,8.07,4,4,3,11,Loyal,0,2,Loyal Customers,"Upsell premium products, increase frequency"
17202,421,1,160.65,8,2.94,0,160.65,1.0,20.08,1,2,1,4,Hibernating,1,3,Lost,Minimal spend — low re-engagement ROI
17203,36,10,5575.88,195,1.93,352,557.59,0.0283,28.59,4,5,5,14,Champion,0,0,Champions,"Reward with loyalty perks, ask for reviews"
17204,176,9,5504.69,110,4.01,372,611.63,0.0241,50.04,3,5,5,13,Champion,1,0,Champions,"Reward with loyalty perks, ask for reviews"
17205,54,3,999.35,27,0.86,510,333.12,0.0059,37.01,4,3,3,10,Loyal,0,2,Loyal Customers,"Upsell premium products, increase frequency"
17206,54,1,204.24,7,2.79,0,204.24,1.0,29.18,4,2,1,7,At Risk,0,1,At Risk,"Send win-back campaigns, offer discounts"
17207,653,1,303.22,55,1.95,0,303.22,1.0,5.51,1,2,2,5,Hibernating,1,3,Lost,Minimal spend — low re-engagement ROI
17208,396,1,115.35,21,1.91,0,115.35,1.0,5.49,2,2,1,5,Hibernating,1,3,Lost,Minimal spend — low re-engagement ROI
17209,650,3,611.6,36,2.61,87,203.87,0.0341,16.99,1,3,2,6,Hibernating,1,3,Lost,Minimal spend — low re-engagement ROI
17210,393,1,253.37,47,1.35,0,253.37,1.0,5.39,2,2,1,5,Hibernating,1,3,Lost,Minimal spend — low re-engagement ROI
17211,27,13,4046.65,217,2.99,699,311.28,0.0186,18.65,4,5,5,14,Champion,0,0,Champions,"Reward with loyalty perks, ask for reviews"
17212,254,3,794.41,29,1.75,233,264.8,0.0128,27.39,2,3,3,8,At Risk,1,2,Loyal Customers,"Upsell premium products, increase frequency"
17213,41,13,5182.3,130,3.96,684,398.64,0.019,39.86,4,5,5,14,Champion,0,0,Champions,"Reward with loyalty perks, ask for reviews"
17214,61,6,1069.12,79,5.27,298,178.19,0.0201,13.53,3,4,3,10,Loyal,0,2,Loyal Customers,"Upsell premium products, increase frequency"
17215,465,1,186.15,11,2.52,0,186.15,1.0,16.92,1,2,1,4,Hibernating,1,3,Lost,Minimal spend — low re-engagement ROI
17216,555,1,65.05,13,3.06,0,65.05,1.0,5.0,1,2,1,4,Hibernating,1,3,Lost,Minimal spend — low re-engagement ROI
17217,235,2,218.0,27,2.97,385,109.0,0.0052,8.07,2,3,1,6,Hibernating,1,1,At Risk,"Send win-back campaigns, offer discounts"
17218,5,18,4192.68,248,2.78,678,232.93,0.0265,16.91,5,5,5,15,Champion,0,0,Champions,"Reward with loyalty perks, ask for reviews"
17219,32,2,259.13,43,1.7,384,129.56,0.0052,6.03,4,3,1,8,At Risk,0,1,At Risk,"Send win-back campaigns, offer discounts"
17220,25,21,4481.75,408,2.39,664,213.42,0.0316,10.98,4,5,5,14,Champion,0,0,Champions,"Reward with loyalty perks, ask for reviews"
17221,8,5,978.52,115,2.28,599,195.7,0.0083,8.51,5,4,3,12,Loyal,0,2,Loyal Customers,"Upsell premium products, increase frequency"
17222,66,6,1605.01,94,3.06,632,267.5,0.0095,17.07,3,4,4,11,Loyal,0,2,Loyal Customers,"Upsell premium products, increase frequency"
17223,311,3,873.53,62,4.61,64,291.18,0.0462,14.09,2,3,3,8,At Risk,1,2,Loyal Customers,"Upsell premium products, increase frequency"
17224,502,1,100.86,8,7.14,0,100.86,1.0,12.61,1,2,1,4,Hibernating,1,3,Lost,Minimal spend — low re-engagement ROI
17225,582,1,131.15,5,3.26,0,131.15,1.0,26.23,1,2,1,4,Hibernating,1,3,Lost,Minimal spend — low re-engagement ROI
17226,309,3,900.12,51,2.59,356,300.04,0.0084,17.65,2,3,3,8,At Risk,1,2,Loyal Customers,"Upsell premium products, increase frequency"
17227,19,12,2022.03,58,1.24,674,168.5,0.0178,34.86,5,5,4,14,Champion,0,2,Loyal Customers,"Upsell premium products, increase frequency"
17228,16,13,3177.24,199,1.82,621,244.4,0.0209,15.97,5,5,5,15,Champion,0,0,Champions,"Reward with loyalty perks, ask for reviews"
17229,97,2,318.76,39,2.01,46,159.38,0.0426,8.17,3,3,2,8,At Risk,1,1,At Risk,"Send win-back campaigns, offer discounts"
17230,265,18,9924.95,141,3.91,467,551.39,0.0385,70.39,2,5,5,12,Loyal,1,0,Champions,"Reward with loyalty perks, ask for reviews"
17231,13,25,7197.04,509,2.89,719,287.88,0.0347,14.14,5,5,5,15,Champion,0,0,Champions,"Reward with loyalty perks, ask for reviews"
17232,3,2,421.52,30,2.66,11,210.76,0.1667,14.05,5,3,2,10,Loyal,0,1,At Risk,"Send win-back campaigns, offer discounts"
17233,36,3,560.86,56,2.84,689,186.95,0.0043,10.02,4,3,2,9,At Risk,0,1,At Risk,"Send win-back campaigns, offer discounts"
17234,183,1,149.89,14,3.7,0,149.89,1.0,10.71,3,2,1,6,Hibernating,1,1,At Risk,"Send win-back campaigns, offer discounts"
17235,26,8,1904.88,52,2.84,527,238.11,0.0152,36.63,4,5,4,13,Champion,0,2,Loyal Customers,"Upsell premium products, increase frequency"
17236,13,12,1929.26,123,3.55,629,160.77,0.019,15.69,5,5,4,14,Champion,0,2,Loyal Customers,"Upsell premium products, increase frequency"
17237,12,4,1002.08,76,3.18,370,250.52,0.0108,13.19,5,4,3,12,Loyal,0,2,Loyal Customers,"Upsell premium products, increase frequency"
17238,3,32,7783.1,486,2.79,736,243.22,0.0434,16.01,5,5,5,15,Champion,0,0,Champions,"Reward with loyalty perks, ask for reviews"
17239,313,4,1189.45,18,3.22,213,297.36,0.0187,66.08,2,4,3,9,At Risk,1,2,Loyal Customers,"Upsell premium products, increase frequency"
17240,597,1,130.6,7,1.62,0,130.6,1.0,18.66,1,2,1,4,Hibernating,1,3,Lost,Minimal spend — low re-engagement ROI
17241,386,12,2744.14,116,4.64,276,228.68,0.0433,23.66,2,5,4,11,Loyal,1,2,Loyal Customers,"Upsell premium products, increase frequency"
17242,109,5,2889.28,44,2.15,576,577.86,0.0087,65.67,3,4,4,11,Loyal,1,2,Loyal Customers,"Upsell premium products, increase frequency"
17243,2,69,20889.86,359,4.23,736,302.75,0.0936,58.19,5,5,5,15,Champion,0,0,Champions,"Reward with loyalty perks, ask for reviews"
17244,54,5,1826.04,109,2.49,680,365.21,0.0073,16.75,4,4,4,12,Loyal,0,2,Loyal Customers,"Upsell premium products, increase frequency"
17245,205,2,371.63,24,1.89,484,185.82,0.0041,15.48,2,3,2,7,At Risk,1,1,At Risk,"Send win-back campaigns, offer discounts"
17246,547,2,38.92,6,3.74,191,19.46,0.0104,6.49,1,3,1,5,Hibernating,1,3,Lost,Minimal spend — low re-engagement ROI
17247,16,1,282.19,53,3.28,0,282.19,1.0,5.32,5,2,1,8,At Risk,0,1,At Risk,"Send win-back campaigns, offer discounts"
17248,121,2,546.16,85,2.24,361,273.08,0.0055,6.43,3,3,2,8,At Risk,1,1,At Risk,"Send win-back campaigns, offer discounts"
17249,429,1,68.03,27,1.47,0,68.03,1.0,2.52,1,2,1,4,Hibernating,1,3,Lost,Minimal spend — low re-engagement ROI
17250,4,2,384.52,55,3.01,257,192.26,0.0078,6.99,5,3,2,10,Loyal,0,1,At Risk,"Send win-back campaigns, offer discounts"
17251,363,3,812.43,65,3.53,362,270.81,0.0083,12.5,2,3,3,8,At Risk,1,3,Lost,Minimal spend — low re-engagement ROI
17252,117,2,353.86,86,2.77,69,176.93,0.0286,4.11,3,3,2,8,At Risk,1,1,At Risk,"Send win-back campaigns, offer discounts"
17253,19,1,178.26,18,5.61,0,178.26,1.0,9.9,5,2,1,8,At Risk,0,1,At Risk,"Send win-back campaigns, offer discounts"
17254,5,3,470.73,129,1.59,396,156.91,0.0076,3.65,5,3,2,10,Loyal,0,1,At Risk,"Send win-back campaigns, offer discounts"
17255,41,4,799.13,163,2.06,405,199.78,0.0099,4.9,4,4,3,11,Loyal,0,2,Loyal Customers,"Upsell premium products, increase frequency"
17256,108,5,498.93,20,2.17,492,99.79,0.0101,24.95,3,4,2,9,At Risk,1,2,Loyal Customers,"Upsell premium products, increase frequency"
17257,437,2,192.73,14,2.05,0,96.36,2.0,13.77,1,3,1,5,Hibernating,1,3,Lost,Minimal spend — low re-engagement ROI
17258,397,2,417.3,46,2.6,268,208.65,0.0074,9.07,2,3,2,7,At Risk,1,3,Lost,Minimal spend — low re-engagement ROI
17259,149,6,1889.34,179,2.59,507,314.89,0.0118,10.55,3,4,4,11,Loyal,1,2,Loyal Customers,"Upsell premium products, increase frequency"
17260,412,1,120.95,6,10.19,0,120.95,1.0,20.16,1,2,1,4,Hibernating,1,3,Lost,Minimal spend — low re-engagement ROI
17261,510,1,230.44,43,2.46,0,230.44,1.0,5.36,1,2,1,4,Hibernating,1,3,Lost,Minimal spend — low re-engagement ROI
17262,53,11,2757.62,12,4.7,672,250.69,0.0163,229.8,4,5,4,13,Champion,0,0,Champions,"Reward with loyalty perks, ask for reviews"
17263,209,1,63.44,23,2.01,0,63.44,1.0,2.76,2,2,1,5,Hibernating,1,1,At Risk,"Send win-back campaigns, offer discounts"
17264,425,1,279.59,70,1.58,0,279.59,1.0,3.99,1,2,1,4,Hibernating,1,3,Lost,Minimal spend — low re-engagement ROI
17265,139,2,562.9,106,2.33,41,281.45,0.0476,5.31,3,3,2,8,At Risk,1,1,At Risk,"Send win-back campaigns, offer discounts"
17266,3,5,517.73,95,2.76,638,103.55,0.0078,5.45,5,4,2,11,Loyal,0,2,Loyal Customers,"Upsell premium products, increase frequency"
17267,128,2,317.62,37,3.4,0,158.81,2.0,8.58,3,3,2,8,At Risk,1,1,At Risk,"Send win-back campaigns, offer discounts"
17268,108,11,1733.89,26,2.46,623,157.63,0.0176,66.69,3,5,4,12,Loyal,1,2,Loyal Customers,"Upsell premium products, increase frequency"
17269,386,1,537.46,110,2.27,0,537.46,1.0,4.89,2,2,2,6,Hibernating,1,3,Lost,Minimal spend — low re-engagement ROI
17270,470,2,604.4,45,2.76,262,302.2,0.0076,13.43,1,3,2,6,Hibernating,1,3,Lost,Minimal spend — low re-engagement ROI
17271,737,1,210.39,46,2.76,0,210.39,1.0,4.57,1,2,1,4,Hibernating,1,3,Lost,Minimal spend — low re-engagement ROI
17272,43,4,2148.63,70,1.86,220,537.16,0.0181,30.69,4,4,4,12,Loyal,0,2,Loyal Customers,"Upsell premium products, increase frequency"
17273,425,1,141.12,12,1.74,0,141.12,1.0,11.76,1,2,1,4,Hibernating,1,3,Lost,Minimal spend — low re-engagement ROI
17274,36,2,577.38,76,2.81,360,288.69,0.0055,7.6,4,3,2,9,At Risk,0,1,At Risk,"Send win-back campaigns, offer discounts"
17275,384,1,114.52,23,3.57,0,114.52,1.0,4.98,2,2,1,5,Hibernating,1,3,Lost,Minimal spend — low re-engagement ROI
17276,403,1,508.39,50,2.84,0,508.39,1.0,10.17,2,2,2,6,Hibernating,1,3,Lost,Minimal spend — low re-engagement ROI
17277,228,2,1065.35,67,3.35,95,532.67,0.0208,15.9,2,3,3,8,At Risk,1,1,At Risk,"Send win-back campaigns, offer discounts"
17278,242,2,271.24,17,4.46,323,135.62,0.0062,15.96,2,3,1,6,Hibernating,1,1,At Risk,"Send win-back campaigns, offer discounts"
17279,58,1,187.83,8,6.74,0,187.83,1.0,23.48,4,2,1,7,At Risk,0,1,At Risk,"Send win-back campaigns, offer discounts"
17280,439,1,118.86,6,1.68,0,118.86,1.0,19.81,1,2,1,4,Hibernating,1,3,Lost,Minimal spend — low re-engagement ROI
17281,375,6,797.85,2,2.82,299,132.98,0.02,398.92,2,4,3,9,At Risk,1,2,Loyal Customers,"Upsell premium products, increase frequency"
17282,131,5,2339.66,168,2.54,418,467.93,0.0119,13.93,3,4,4,11,Loyal,1,2,Loyal Customers,"Upsell premium products, increase frequency"
17283,379,1,188.46,15,2.35,0,188.46,1.0,12.56,2,2,1,5,Hibernating,1,3,Lost,Minimal spend — low re-engagement ROI
17284,61,8,2793.16,285,2.26,384,349.14,0.0208,9.8,3,5,4,12,Loyal,0,2,Loyal Customers,"Upsell premium products, increase frequency"
17285,629,2,428.34,41,4.57,34,214.17,0.0571,10.45,1,3,2,6,Hibernating,1,3,Lost,Minimal spend — low re-engagement ROI
17286,22,3,395.48,89,1.91,378,131.83,0.0079,4.44,4,3,2,9,At Risk,0,1,At Risk,"Send win-back campaigns, offer discounts"
17287,27,21,4111.96,279,3.41,710,195.81,0.0295,14.74,4,5,5,14,Champion,0,0,Champions,"Reward with loyalty perks, ask for reviews"
17288,10,11,2499.98,233,3.0,385,227.27,0.0285,10.73,5,5,4,14,Champion,0,0,Champions,"Reward with loyalty perks, ask for reviews"
17289,32,9,2079.39,202,2.29,609,231.04,0.0148,10.29,4,5,4,13,Champion,0,2,Loyal Customers,"Upsell premium products, increase frequency"
17290,4,8,1501.44,184,2.73,722,187.68,0.0111,8.16,5,5,4,14,Champion,0,2,Loyal Customers,"Upsell premium products, increase frequency"
17291,309,1,550.8,1,7.65,0,550.8,1.0,550.8,2,2,2,6,Hibernating,1,3,Lost,Minimal spend — low re-engagement ROI
17292,473,2,271.75,14,4.78,107,135.88,0.0185,19.41,1,3,1,5,Hibernating,1,3,Lost,Minimal spend — low re-engagement ROI
17293,9,17,3774.23,148,2.72,727,222.01,0.0234,25.5,5,5,5,15,Champion,0,0,Champions,"Reward with loyalty perks, ask for reviews"
17294,670,2,467.79,17,2.7,0,233.9,2.0,27.52,1,3,2,6,Hibernating,1,3,Lost,Minimal spend — low re-engagement ROI
17295,29,3,556.95,53,2.95,35,185.65,0.0833,10.51,4,3,2,9,At Risk,0,1,At Risk,"Send win-back campaigns, offer discounts"
17296,731,1,338.13,32,3.89,0,338.13,1.0,10.57,1,2,2,5,Hibernating,1,3,Lost,Minimal spend — low re-engagement ROI
17297,18,1,131.78,49,2.21,0,131.78,1.0,2.69,5,2,1,8,At Risk,0,1,At Risk,"Send win-back campaigns, offer discounts"
17298,102,5,957.56,61,1.78,540,191.51,0.0092,15.7,3,4,3,10,Loyal,1,2,Loyal Customers,"Upsell premium products, increase frequency"
17299,12,6,1016.08,96,1.77,469,169.35,0.0128,10.58,5,4,3,12,Loyal,0,2,Loyal Customers,"Upsell premium products, increase frequency"
17300,391,2,393.64,37,2.02,90,196.82,0.022,10.64,2,3,2,7,At Risk,1,3,Lost,Minimal spend — low re-engagement ROI
17301,22,2,330.43,107,1.84,603,165.22,0.0033,3.09,4,3,2,9,At Risk,0,1,At Risk,"Send win-back campaigns, offer discounts"
17302,15,5,1135.63,68,2.51,290,227.13,0.0172,16.7,5,4,3,12,Loyal,0,2,Loyal Customers,"Upsell premium products, increase frequency"
17303,362,1,250.04,53,2.94,0,250.04,1.0,4.72,2,2,1,5,Hibernating,1,3,Lost,Minimal spend — low re-engagement ROI
17304,535,1,111.5,5,3.17,0,111.5,1.0,22.3,1,2,1,4,Hibernating,1,3,Lost,Minimal spend — low re-engagement ROI
17305,649,1,2135.46,9,3.07,0,2135.46,1.0,237.27,1,2,4,7,At Risk,1,3,Lost,Minimal spend — low re-engagement ROI
17306,11,21,9782.35,17,1.49,393,465.83,0.0533,575.43,5,5,5,15,Champion,0,0,Champions,"Reward with loyalty perks, ask for reviews"
17307,396,11,3999.89,22,2.11,293,363.63,0.0374,181.81,2,5,5,12,Loyal,1,2,Loyal Customers,"Upsell premium products, increase frequency"
17308,394,2,4511.76,5,0.89,59,2255.88,0.0333,902.35,2,3,5,10,Loyal,1,2,Loyal Customers,"Upsell premium products, increase frequency"
17309,96,3,330.59,33,3.32,577,110.2,0.0052,10.02,3,3,2,8,At Risk,1,1,At Risk,"Send win-back campaigns, offer discounts"
17310,388,2,1025.1,1,2.55,147,512.55,0.0135,1025.1,2,3,3,8,At Risk,1,3,Lost,Minimal spend — low re-engagement ROI
17311,79,6,3566.56,124,2.7,596,594.43,0.0101,28.76,3,4,5,12,Loyal,0,2,Loyal Customers,"Upsell premium products, increase frequency"
17312,139,3,644.3,11,2.31,20,214.77,0.1429,58.57,3,3,3,9,At Risk,1,1,At Risk,"Send win-back campaigns, offer discounts"
17313,32,1,2328.84,24,2.14,0,2328.84,1.0,97.04,4,2,4,10,Loyal,0,2,Loyal Customers,"Upsell premium products, increase frequency"
17314,25,17,4904.43,200,2.66,711,288.5,0.0239,24.52,4,5,5,14,Champion,0,0,Champions,"Reward with loyalty perks, ask for reviews"
17315,2,43,9650.6,385,2.95,436,224.43,0.0984,25.07,5,5,5,15,Champion,0,0,Champions,"Reward with loyalty perks, ask for reviews"
17316,421,1,124.45,35,2.83,0,124.45,1.0,3.56,1,2,1,4,Hibernating,1,3,Lost,Minimal spend — low re-engagement ROI
17317,47,3,2600.34,8,3.22,43,866.78,0.0682,325.04,4,3,4,11,Loyal,0,2,Loyal Customers,"Upsell premium products, increase frequency"
17318,726,1,164.28,17,3.67,0,164.28,1.0,9.66,1,2,1,4,Hibernating,1,3,Lost,Minimal spend — low re-engagement ROI
17319,670,1,29.1,3,2.05,0,29.1,1.0,9.7,1,2,1,4,Hibernating,1,3,Lost,Minimal spend — low re-engagement ROI
17320,101,6,2895.77,86,4.19,586,482.63,0.0102,33.67,3,4,4,11,Loyal,1,2,Loyal Customers,"Upsell premium products, increase frequency"
17321,9,6,1741.18,241,3.0,569,290.2,0.0105,7.22,5,4,4,13,Champion,0,2,Loyal Customers,"Upsell premium products, increase frequency"
17322,377,5,922.59,115,2.09,360,184.52,0.0139,8.02,2,4,3,9,At Risk,1,2,Loyal Customers,"Upsell premium products, increase frequency"
17323,16,12,1565.59,168,1.33,683,130.47,0.0175,9.32,5,5,4,14,Champion,0,2,Loyal Customers,"Upsell premium products, increase frequency"
17324,18,12,2301.87,111,2.31,703,191.82,0.017,20.74,5,5,4,14,Champion,0,0,Champions,"Reward with loyalty perks, ask for reviews"
17325,281,3,609.57,39,3.1,361,203.19,0.0083,15.63,2,3,2,7,At Risk,1,1,At Risk,"Send win-back campaigns, offer discounts"
17326,409,2,321.95,82,3.04,121,160.98,0.0164,3.93,2,3,2,7,At Risk,1,3,Lost,Minimal spend — low re-engagement ROI
17327,410,2,152.35,3,4.67,152,76.18,0.0131,50.78,2,3,1,6,Hibernating,1,3,Lost,Minimal spend — low re-engagement ROI
17328,674,1,104.7,6,1.88,0,104.7,1.0,17.45,1,2,1,4,Hibernating,1,3,Lost,Minimal spend — low re-engagement ROI
17329,15,5,1004.43,80,2.92,721,200.89,0.0069,12.56,5,4,3,12,Loyal,0,2,Loyal Customers,"Upsell premium products, increase frequency"
17330,23,4,423.8,7,10.85,624,105.95,0.0064,60.54,4,4,2,10,Loyal,0,1,At Risk,"Send win-back campaigns, offer discounts"
17331,124,1,175.2,1,10.95,0,175.2,1.0,175.2,3,2,1,6,Hibernating,1,1,At Risk,"Send win-back campaigns, offer discounts"
17332,529,5,838.27,82,2.57,128,167.65,0.0388,10.22,1,4,3,8,At Risk,1,3,Lost,Minimal spend — low re-engagement ROI
17333,86,1,494.25,28,1.77,0,494.25,1.0,17.65,3,2,2,7,At Risk,0,1,At Risk,"Send win-back campaigns, offer discounts"
17334,303,3,635.15,20,2.5,104,211.72,0.0286,31.76,2,3,3,8,At Risk,1,1,At Risk,"Send win-back campaigns, offer discounts"
17335,384,2,508.0,34,3.13,300,254.0,0.0066,14.94,2,3,2,7,At Risk,1,3,Lost,Minimal spend — low re-engagement ROI
17336,473,1,81.12,1,1.69,0,81.12,1.0,81.12,1,2,1,4,Hibernating,1,3,Lost,Minimal spend — low re-engagement ROI
17337,152,4,2027.87,421,2.3,158,506.97,0.0252,4.82,3,4,4,11,Loyal,1,2,Loyal Customers,"Upsell premium products, increase frequency"
17338,18,17,12142.57,590,2.75,621,714.27,0.0273,20.58,5,5,5,15,Champion,0,0,Champions,"Reward with loyalty perks, ask for reviews"
17339,95,3,362.36,10,3.18,415,120.79,0.0072,36.24,3,3,2,8,At Risk,1,1,At Risk,"Send win-back campaigns, offer discounts"
17340,30,18,22404.82,322,3.01,633,1244.71,0.0284,69.58,4,5,5,14,Champion,0,0,Champions,"Reward with loyalty perks, ask for reviews"
17341,157,5,1889.83,200,2.21,383,377.97,0.013,9.45,3,4,4,11,Loyal,1,2,Loyal Customers,"Upsell premium products, increase frequency"
17342,380,4,1227.54,31,6.77,290,306.88,0.0137,39.6,2,4,3,9,At Risk,1,3,Lost,Minimal spend — low re-engagement ROI
17343,356,6,1259.94,61,4.06,380,209.99,0.0157,20.65,2,4,4,10,Loyal,1,2,Loyal Customers,"Upsell premium products, increase frequency"
17344,47,2,468.11,64,2.71,682,234.06,0.0029,7.31,4,3,2,9,At Risk,0,1,At Risk,"Send win-back campaigns, offer discounts"
17345,16,10,1604.68,174,2.21,722,160.47,0.0138,9.22,5,5,4,14,Champion,0,2,Loyal Customers,"Upsell premium products, increase frequency"
17346,4,26,5323.0,517,2.28,597,204.73,0.0435,10.3,5,5,5,15,Champion,0,0,Champions,"Reward with loyalty perks, ask for reviews"
17347,87,1,228.96,1,1.06,0,228.96,1.0,228.96,3,2,1,6,Hibernating,0,1,At Risk,"Send win-back campaigns, offer discounts"
17348,15,9,2476.41,326,1.74,624,275.16,0.0144,7.6,5,5,4,14,Champion,0,2,Loyal Customers,"Upsell premium products, increase frequency"
17349,180,5,852.25,74,2.32,452,170.45,0.011,11.52,3,4,3,10,Loyal,1,2,Loyal Customers,"Upsell premium products, increase frequency"
17350,9,7,1906.04,124,2.77,668,272.29,0.0105,15.37,5,4,4,13,Champion,0,2,Loyal Customers,"Upsell premium products, increase frequency"
17351,37,12,1988.23,45,5.6,693,165.69,0.0173,44.18,4,5,4,13,Champion,0,2,Loyal Customers,"Upsell premium products, increase frequency"
17352,697,1,36.25,5,3.45,0,36.25,1.0,7.25,1,2,1,4,Hibernating,1,3,Lost,Minimal spend — low re-engagement ROI
17353,130,4,3242.0,7,1.54,495,810.5,0.0081,463.14,3,4,5,12,Loyal,1,2,Loyal Customers,"Upsell premium products, increase frequency"
17354,51,4,3143.46,85,2.02,377,785.86,0.0106,36.98,4,4,5,13,Champion,0,2,Loyal Customers,"Upsell premium products, increase frequency"
17355,387,1,285.11,28,2.09,0,285.11,1.0,10.18,2,2,1,5,Hibernating,1,3,Lost,Minimal spend — low re-engagement ROI
17356,312,5,946.47,73,1.43,376,189.29,0.0133,12.97,2,4,3,9,At Risk,1,2,Loyal Customers,"Upsell premium products, increase frequency"
17357,25,2,388.14,41,3.45,0,194.07,2.0,9.47,4,3,2,9,At Risk,0,1,At Risk,"Send win-back campaigns, offer discounts"
17358,304,5,866.05,126,3.07,350,173.21,0.0142,6.87,2,4,3,9,At Risk,1,2,Loyal Customers,"Upsell premium products, increase frequency"
17359,12,2,284.46,36,2.67,636,142.23,0.0031,7.9,5,3,1,9,At Risk,0,1,At Risk,"Send win-back campaigns, offer discounts"
17360,18,6,1231.38,189,2.91,417,205.23,0.0144,6.52,5,4,3,12,Loyal,0,2,Loyal Customers,"Upsell premium products, increase frequency"
17361,50,5,880.64,51,3.68,627,176.13,0.008,17.27,4,4,3,11,Loyal,0,2,Loyal Customers,"Upsell premium products, increase frequency"
17362,240,7,1024.04,99,2.98,463,146.29,0.0151,10.34,2,4,3,9,At Risk,1,2,Loyal Customers,"Upsell premium products, increase frequency"
17363,396,3,940.86,34,2.26,6,313.62,0.4286,27.67,2,3,3,8,At Risk,1,3,Lost,Minimal spend — low re-engagement ROI
17364,1,28,12070.42,513,3.06,731,431.09,0.0383,23.53,5,5,5,15,Champion,0,0,Champions,"Reward with loyalty perks, ask for reviews"
17365,13,15,8224.98,395,1.92,664,548.33,0.0226,20.82,5,5,5,15,Champion,0,0,Champions,"Reward with loyalty perks, ask for reviews"
17366,433,2,1096.24,120,2.89,23,548.12,0.0833,9.14,1,3,3,7,At Risk,1,3,Lost,Minimal spend — low re-engagement ROI
17367,239,1,168.4,33,1.9,0,168.4,1.0,5.1,2,2,1,5,Hibernating,1,1,At Risk,"Send win-back campaigns, offer discounts"
17368,24,14,2826.14,195,2.86,700,201.87,0.02,14.49,4,5,4,13,Champion,0,0,Champions,"Reward with loyalty perks, ask for reviews"
17369,456,1,979.2,1,0.85,0,979.2,1.0,979.2,1,2,3,6,Hibernating,1,3,Lost,Minimal spend — low re-engagement ROI
17370,73,4,446.18,31,1.4,96,111.54,0.0412,14.39,3,4,2,9,At Risk,0,1,At Risk,"Send win-back campaigns, offer discounts"
17371,18,6,662.55,135,2.87,714,110.42,0.0084,4.91,5,4,3,12,Loyal,0,2,Loyal Customers,"Upsell premium products, increase frequency"
17372,41,28,4377.56,412,2.91,695,156.34,0.0402,10.63,4,5,5,14,Champion,0,0,Champions,"Reward with loyalty perks, ask for reviews"
17373,41,7,1167.5,65,1.74,609,166.79,0.0115,17.96,4,4,3,11,Loyal,0,2,Loyal Customers,"Upsell premium products, increase frequency"
17374,219,3,727.11,34,6.53,176,242.37,0.0169,21.39,2,3,3,8,At Risk,1,1,At Risk,"Send win-back campaigns, offer discounts"
17375,200,4,660.55,77,2.9,232,165.14,0.0172,8.58,2,4,3,9,At Risk,1,2,Loyal Customers,"Upsell premium products, increase frequency"
17376,71,4,453.64,41,3.08,452,113.41,0.0088,11.06,3,4,2,9,At Risk,0,1,At Risk,"Send win-back campaigns, offer discounts"
17377,24,78,18319.41,505,2.87,713,234.86,0.1092,36.28,4,5,5,14,Champion,0,0,Champions,"Reward with loyalty perks, ask for reviews"
17378,375,1,10.95,1,10.95,0,10.95,1.0,10.95,2,2,1,5,Hibernating,1,3,Lost,Minimal spend — low re-engagement ROI
17379,12,1,404.66,71,1.37,0,404.66,1.0,5.7,5,2,2,9,At Risk,0,1,At Risk,"Send win-back campaigns, offer discounts"
17380,435,3,645.0,5,2.63,100,215.0,0.0297,129.0,1,3,3,7,At Risk,1,3,Lost,Minimal spend — low re-engagement ROI
17381,9,38,40002.37,50,1.46,539,1052.69,0.0704,800.05,5,5,5,15,Champion,0,0,Champions,"Reward with loyalty perks, ask for reviews"
17382,66,8,902.28,16,2.9,504,112.78,0.0158,56.39,3,5,3,11,Loyal,0,2,Loyal Customers,"Upsell premium products, increase frequency"
17383,5,2,309.99,51,2.0,449,155.0,0.0044,6.08,5,3,2,10,Loyal,0,1,At Risk,"Send win-back campaigns, offer discounts"
17384,20,3,507.55,15,3.25,447,169.18,0.0067,33.84,5,3,2,10,Loyal,0,1,At Risk,"Send win-back campaigns, offer discounts"
17385,15,1,261.11,42,1.92,0,261.11,1.0,6.22,5,2,1,8,At Risk,0,1,At Risk,"Send win-back campaigns, offer discounts"
17386,8,7,2812.77,32,1.82,377,401.82,0.0185,87.9,5,4,4,13,Champion,0,2,Loyal Customers,"Upsell premium products, increase frequency"
17387,20,2,784.11,71,2.42,13,392.06,0.1429,11.04,5,3,3,11,Loyal,0,1,At Risk,"Send win-back campaigns, offer discounts"
17388,78,11,2691.57,41,2.62,651,244.69,0.0169,65.65,3,5,4,12,Loyal,0,2,Loyal Customers,"Upsell premium products, increase frequency"
17389,1,61,57224.68,63,4.63,734,938.11,0.083,908.33,5,5,5,15,Champion,0,0,Champions,"Reward with loyalty perks, ask for reviews"
17390,421,1,149.3,12,2.69,0,149.3,1.0,12.44,1,2,1,4,Hibernating,1,3,Lost,Minimal spend — low re-engagement ROI
17391,164,2,508.8,2,1.06,0,254.4,2.0,254.4,3,3,2,8,At Risk,1,1,At Risk,"Send win-back campaigns, offer discounts"
17392,307,3,626.56,66,3.44,143,208.85,0.0208,9.49,2,3,3,8,At Risk,1,3,Lost,Minimal spend — low re-engagement ROI
17393,411,2,381.15,45,2.89,77,190.58,0.0256,8.47,2,3,2,7,At Risk,1,3,Lost,Minimal spend — low re-engagement ROI
17394,220,1,203.87,4,3.44,0,203.87,1.0,50.97,2,2,1,5,Hibernating,1,1,At Risk,"Send win-back campaigns, offer discounts"
17395,509,1,97.5,3,2.08,0,97.5,1.0,32.5,1,2,1,4,Hibernating,1,3,Lost,Minimal spend — low re-engagement ROI
17396,40,14,8807.1,29,4.2,402,629.08,0.0347,303.69,4,5,5,14,Champion,0,0,Champions,"Reward with loyalty perks, ask for reviews"
17397,23,3,1233.18,132,2.99,394,411.06,0.0076,9.34,4,3,3,10,Loyal,0,2,Loyal Customers,"Upsell premium products, increase frequency"
17398,115,3,653.38,30,4.84,140,217.79,0.0213,21.78,3,3,3,9,At Risk,1,1,At Risk,"Send win-back campaigns, offer discounts"
17400,127,8,4677.05,345,3.51,595,584.63,0.0134,13.56,3,5,5,13,Champion,1,2,Loyal Customers,"Upsell premium products, increase frequency"
17401,542,1,114.85,11,4.43,0,114.85,1.0,10.44,1,2,1,4,Hibernating,1,3,Lost,Minimal spend — low re-engagement ROI
17402,5,23,5096.18,105,4.08,718,221.57,0.032,48.54,5,5,5,15,Champion,0,0,Champions,"Reward with loyalty perks, ask for reviews"
17403,37,2,400.57,45,3.78,414,200.28,0.0048,8.9,4,3,2,9,At Risk,0,1,At Risk,"Send win-back campaigns, offer discounts"
17404,5,23,47781.12,126,2.1,697,2077.44,0.033,379.22,5,5,5,15,Champion,0,0,Champions,"Reward with loyalty perks, ask for reviews"
17405,2,3,1031.41,77,3.15,149,343.8,0.02,13.39,5,3,3,11,Loyal,0,2,Loyal Customers,"Upsell premium products, increase frequency"
17406,334,13,4905.05,155,4.53,400,377.31,0.0324,31.65,2,5,5,12,Loyal,1,0,Champions,"Reward with loyalty perks, ask for reviews"
17407,412,1,552.9,23,2.3,0,552.9,1.0,24.04,1,2,2,5,Hibernating,1,3,Lost,Minimal spend — low re-engagement ROI
17408,164,3,316.09,7,6.01,350,105.36,0.0085,45.16,3,3,2,8,At Risk,1,1,At Risk,"Send win-back campaigns, offer discounts"
17409,185,10,7793.51,50,3.53,543,779.35,0.0184,155.87,3,5,5,13,Champion,1,0,Champions,"Reward with loyalty perks, ask for reviews"
17410,17,5,1214.72,57,3.49,199,242.94,0.025,21.31,5,4,3,12,Loyal,0,2,Loyal Customers,"Upsell premium products, increase frequency"
17411,13,5,1425.38,69,3.52,724,285.08,0.0069,20.66,5,4,4,13,Champion,0,2,Loyal Customers,"Upsell premium products, increase frequency"
17412,3,16,4417.52,161,4.86,734,276.1,0.0218,27.44,5,5,5,15,Champion,0,0,Champions,"Reward with loyalty perks, ask for reviews"
17413,405,2,560.14,10,3.74,165,280.07,0.012,56.01,2,3,2,7,At Risk,1,3,Lost,Minimal spend — low re-engagement ROI
17414,44,6,2249.52,6,0.47,692,374.92,0.0087,374.92,4,4,4,12,Loyal,0,2,Loyal Customers,"Upsell premium products, increase frequency"
17415,80,1,507.84,14,13.97,0,507.84,1.0,36.27,3,2,2,7,At Risk,0,1,At Risk,"Send win-back campaigns, offer discounts"
17416,30,22,17298.45,324,2.96,695,786.29,0.0316,53.39,4,5,5,14,Champion,0,0,Champions,"Reward with loyalty perks, ask for reviews"
17417,549,1,164.18,16,2.73,0,164.18,1.0,10.26,1,2,1,4,Hibernating,1,3,Lost,Minimal spend — low re-engagement ROI
17418,43,3,670.06,40,2.46,344,223.35,0.0087,16.75,4,3,3,10,Loyal,0,1,At Risk,"Send win-back campaigns, offer discounts"
17419,12,18,6500.52,203,3.78,672,361.14,0.0267,32.02,5,5,5,15,Champion,0,0,Champions,"Reward with loyalty perks, ask for reviews"
17420,51,6,1084.43,43,3.62,351,180.74,0.017,25.22,4,4,3,11,Loyal,0,2,Loyal Customers,"Upsell premium products, increase frequency"
17421,387,3,1059.41,46,1.82,349,353.14,0.0086,23.03,2,3,3,8,At Risk,1,3,Lost,Minimal spend — low re-engagement ROI
17422,17,11,3594.76,149,1.78,518,326.8,0.0212,24.13,5,5,5,15,Champion,0,0,Champions,"Reward with loyalty perks, ask for reviews"
17423,47,3,1118.95,39,1.98,347,372.98,0.0086,28.69,4,3,3,10,Loyal,0,2,Loyal Customers,"Upsell premium products, increase frequency"
17425,20,2,759.17,42,2.67,41,379.58,0.0476,18.08,5,3,3,11,Loyal,0,1,At Risk,"Send win-back campaigns, offer discounts"
17426,9,13,8077.77,248,2.98,652,621.37,0.0199,32.57,5,5,5,15,Champion,0,0,Champions,"Reward with loyalty perks, ask for reviews"
17427,72,1,100.8,2,4.17,0,100.8,1.0,50.4,3,2,1,6,Hibernating,0,1,At Risk,"Send win-back campaigns, offer discounts"
17428,1,45,31819.76,422,3.39,737,707.11,0.061,75.4,5,5,5,15,Champion,0,0,Champions,"Reward with loyalty perks, ask for reviews"
17429,129,5,1357.46,80,2.23,301,271.49,0.0166,16.97,3,4,4,11,Loyal,1,2,Loyal Customers,"Upsell premium products, increase frequency"
17430,33,4,735.17,30,2.39,446,183.79,0.0089,24.51,4,4,3,11,Loyal,0,2,Loyal Customers,"Upsell premium products, increase frequency"
17431,314,1,403.3,41,1.96,0,403.3,1.0,9.84,2,2,2,6,Hibernating,1,3,Lost,Minimal spend — low re-engagement ROI
17432,19,9,1751.39,213,2.49,717,194.6,0.0125,8.22,5,5,4,14,Champion,0,2,Loyal Customers,"Upsell premium products, increase frequency"
17433,89,2,569.96,81,2.57,297,284.98,0.0067,7.04,3,3,2,8,At Risk,0,1,At Risk,"Send win-back campaigns, offer discounts"
17434,3,7,2373.82,100,2.74,82,339.12,0.0843,23.74,5,4,4,13,Champion,0,2,Loyal Customers,"Upsell premium products, increase frequency"
17435,412,1,331.35,15,4.35,0,331.35,1.0,22.09,1,2,2,5,Hibernating,1,3,Lost,Minimal spend — low re-engagement ROI
17436,2,5,534.06,8,3.03,730,106.81,0.0068,66.76,5,4,2,11,Loyal,0,2,Loyal Customers,"Upsell premium products, increase frequency"
17437,530,1,373.17,52,3.52,0,373.17,1.0,7.18,1,2,2,5,Hibernating,1,3,Lost,Minimal spend — low re-engagement ROI
17438,254,5,1422.77,49,4.93,387,284.55,0.0129,29.04,2,4,4,10,Loyal,1,2,Loyal Customers,"Upsell premium products, increase frequency"
17439,656,1,325.74,8,2.21,0,325.74,1.0,40.72,1,2,2,5,Hibernating,1,3,Lost,Minimal spend — low re-engagement ROI
17440,157,4,323.58,4,1.2,392,80.9,0.0102,80.9,3,4,2,9,At Risk,1,1,At Risk,"Send win-back campaigns, offer discounts"
17441,733,1,293.35,21,2.05,0,293.35,1.0,13.97,1,2,2,5,Hibernating,1,3,Lost,Minimal spend — low re-engagement ROI
17442,37,15,4620.3,188,2.59,625,308.02,0.024,24.58,4,5,5,14,Champion,0,0,Champions,"Reward with loyalty perks, ask for reviews"
17443,220,1,534.24,1,1.06,0,534.24,1.0,534.24,2,2,2,6,Hibernating,1,1,At Risk,"Send win-back campaigns, offer discounts"
17444,148,3,2940.04,132,6.55,25,980.01,0.1154,22.27,3,3,4,10,Loyal,1,2,Loyal Customers,"Upsell premium products, increase frequency"
17446,177,2,120.9,6,0.77,133,60.45,0.0149,20.15,3,3,1,7,At Risk,1,1,At Risk,"Send win-back campaigns, offer discounts"
17447,41,2,541.53,33,1.69,31,270.76,0.0625,16.41,4,3,2,9,At Risk,0,1,At Risk,"Send win-back campaigns, offer discounts"
17448,498,46,14556.97,569,2.12,147,316.46,0.3108,25.58,1,5,5,11,Loyal,1,0,Champions,"Reward with loyalty perks, ask for reviews"
17449,3,13,4951.15,292,3.02,728,380.86,0.0178,16.96,5,5,5,15,Champion,0,0,Champions,"Reward with loyalty perks, ask for reviews"
17450,9,51,246973.09,144,3.34,429,4842.61,0.1186,1715.09,5,5,5,15,Champion,0,0,Champions,"Reward with loyalty perks, ask for reviews"
17451,2,7,1721.4,83,2.27,104,245.91,0.0667,20.74,5,4,4,13,Champion,0,2,Loyal Customers,"Upsell premium products, increase frequency"
17453,18,2,486.72,19,3.42,46,243.36,0.0426,25.62,5,3,2,10,Loyal,0,1,At Risk,"Send win-back campaigns, offer discounts"
17454,193,10,1547.94,98,2.98,500,154.79,0.02,15.8,2,5,4,11,Loyal,1,2,Loyal Customers,"Upsell premium products, increase frequency"
17455,204,1,131.7,8,2.83,0,131.7,1.0,16.46,2,2,1,5,Hibernating,1,1,At Risk,"Send win-back campaigns, offer discounts"
17456,366,2,1225.42,59,2.93,90,612.71,0.022,20.77,2,3,3,8,At Risk,1,3,Lost,Minimal spend — low re-engagement ROI
17457,127,14,5984.81,30,2.83,605,427.49,0.0231,199.49,3,5,5,13,Champion,1,0,Champions,"Reward with loyalty perks, ask for reviews"
17458,16,2,529.58,81,2.48,366,264.79,0.0054,6.54,5,3,2,10,Loyal,0,1,At Risk,"Send win-back campaigns, offer discounts"
17459,44,2,657.3,88,1.92,16,328.65,0.1176,7.47,4,3,3,10,Loyal,0,1,At Risk,"Send win-back campaigns, offer discounts"
17460,95,16,2228.27,93,3.7,592,139.27,0.027,23.96,3,5,4,12,Loyal,1,0,Champions,"Reward with loyalty perks, ask for reviews"
17461,23,3,757.46,104,2.4,6,252.49,0.4286,7.28,4,3,3,10,Loyal,0,2,Loyal Customers,"Upsell premium products, increase frequency"
17462,61,2,675.69,25,3.89,223,337.84,0.0089,27.03,3,3,3,9,At Risk,0,1,At Risk,"Send win-back campaigns, offer discounts"
17463,17,7,2557.91,234,2.76,572,365.42,0.0122,10.93,5,4,4,13,Champion,0,2,Loyal Customers,"Upsell premium products, increase frequency"
17464,159,3,1000.94,35,2.49,461,333.65,0.0065,28.6,3,3,3,9,At Risk,1,2,Loyal Customers,"Upsell premium products, increase frequency"
17465,426,7,2542.79,103,3.12,310,363.26,0.0225,24.69,1,4,4,9,At Risk,1,2,Loyal Customers,"Upsell premium products, increase frequency"
17466,11,2,763.28,41,4.69,68,381.64,0.029,18.62,5,3,3,11,Loyal,0,1,At Risk,"Send win-back campaigns, offer discounts"
17467,396,1,102.6,4,6.63,0,102.6,1.0,25.65,2,2,1,5,Hibernating,1,3,Lost,Minimal spend — low re-engagement ROI
17468,11,3,194.8,8,1.05,364,64.93,0.0082,24.35,5,3,1,9,At Risk,0,1,At Risk,"Send win-back campaigns, offer discounts"
17469,17,17,5051.25,165,3.41,706,297.13,0.024,30.61,5,5,5,15,Champion,0,0,Champions,"Reward with loyalty perks, ask for reviews"
17470,45,11,2804.87,111,1.6,463,254.99,0.0237,25.27,4,5,4,13,Champion,0,0,Champions,"Reward with loyalty perks, ask for reviews"
17471,475,1,321.65,19,2.81,0,321.65,1.0,16.93,1,2,2,5,Hibernating,1,3,Lost,Minimal spend — low re-engagement ROI
17472,192,4,935.1,183,2.28,437,233.78,0.0091,5.11,2,4,3,9,At Risk,1,2,Loyal Customers,"Upsell premium products, increase frequency"
17473,409,2,607.0,33,3.19,47,303.5,0.0417,18.39,2,3,2,7,At Risk,1,3,Lost,Minimal spend — low re-engagement ROI
17474,600,1,1047.0,6,6.01,0,1047.0,1.0,174.5,1,2,3,6,Hibernating,1,3,Lost,Minimal spend — low re-engagement ROI
17475,80,1,194.37,14,1.78,0,194.37,1.0,13.88,3,2,1,6,Hibernating,0,1,At Risk,"Send win-back campaigns, offer discounts"
17476,396,2,489.86,29,5.89,341,244.93,0.0058,16.89,2,3,2,7,At Risk,1,3,Lost,Minimal spend — low re-engagement ROI
17477,613,2,1144.3,44,6.01,34,572.15,0.0571,26.01,1,3,3,7,At Risk,1,3,Lost,Minimal spend — low re-engagement ROI
17478,409,2,1272.8,40,3.45,225,636.4,0.0088,31.82,2,3,4,9,At Risk,1,3,Lost,Minimal spend — low re-engagement ROI
17479,633,1,389.26,18,2.0,0,389.26,1.0,21.63,1,2,2,5,Hibernating,1,3,Lost,Minimal spend — low re-engagement ROI
17480,78,2,902.03,50,1.95,366,451.02,0.0054,18.04,3,3,3,9,At Risk,0,1,At Risk,"Send win-back campaigns, offer discounts"
17481,4,4,1255.59,69,2.55,90,313.9,0.044,18.2,5,4,4,13,Champion,0,2,Loyal Customers,"Upsell premium products, increase frequency"
17482,488,2,778.19,50,4.34,91,389.1,0.0217,15.56,1,3,3,7,At Risk,1,3,Lost,Minimal spend — low re-engagement ROI
17483,66,4,591.73,23,3.37,349,147.93,0.0114,25.73,3,4,2,9,At Risk,0,2,Loyal Customers,"Upsell premium products, increase frequency"
17484,577,2,209.57,14,2.34,47,104.78,0.0417,14.97,1,3,1,5,Hibernating,1,3,Lost,Minimal spend — low re-engagement ROI
17486,262,1,396.87,24,2.9,0,396.87,1.0,16.54,2,2,2,6,Hibernating,1,1,At Risk,"Send win-back campaigns, offer discounts"
17487,729,1,160.55,8,6.06,0,160.55,1.0,20.07,1,2,1,4,Hibernating,1,3,Lost,Minimal spend — low re-engagement ROI
17488,642,1,336.5,18,3.09,0,336.5,1.0,18.69,1,2,2,5,Hibernating,1,3,Lost,Minimal spend — low re-engagement ROI
17489,59,2,376.64,28,1.08,153,188.32,0.013,13.45,4,3,2,9,At Risk,0,1,At Risk,"Send win-back campaigns, offer discounts"
17490,1,9,2750.5,93,2.95,568,305.61,0.0158,29.58,5,5,4,14,Champion,0,2,Loyal Customers,"Upsell premium products, increase frequency"
17491,2,17,5981.07,105,2.87,589,351.83,0.0288,56.96,5,5,5,15,Champion,0,0,Champions,"Reward with loyalty perks, ask for reviews"
17492,249,3,1122.42,32,3.81,270,374.14,0.0111,35.08,2,3,3,8,At Risk,1,2,Loyal Customers,"Upsell premium products, increase frequency"
17493,386,1,100.91,8,2.9,0,100.91,1.0,12.61,2,2,1,5,Hibernating,1,3,Lost,Minimal spend — low re-engagement ROI
17494,502,1,54.7,3,4.28,0,54.7,1.0,18.23,1,2,1,4,Hibernating,1,3,Lost,Minimal spend — low re-engagement ROI
17495,8,3,806.72,38,3.83,383,268.91,0.0078,21.23,5,3,3,11,Loyal,0,2,Loyal Customers,"Upsell premium products, increase frequency"
17496,359,4,1412.89,54,4.32,335,353.22,0.0119,26.16,2,4,4,10,Loyal,1,2,Loyal Customers,"Upsell premium products, increase frequency"
17497,391,2,287.25,7,7.19,220,143.62,0.009,41.04,2,3,1,6,Hibernating,1,3,Lost,Minimal spend — low re-engagement ROI
17498,76,1,272.22,17,2.02,0,272.22,1.0,16.01,3,2,1,6,Hibernating,0,1,At Risk,"Send win-back campaigns, offer discounts"
17499,290,2,1341.39,66,2.84,271,670.7,0.0074,20.32,2,3,4,9,At Risk,1,2,Loyal Customers,"Upsell premium products, increase frequency"
17500,18,3,1138.0,3,54.3,12,379.33,0.2308,379.33,5,3,3,11,Loyal,0,2,Loyal Customers,"Upsell premium products, increase frequency"
17501,221,2,288.6,18,3.49,0,144.3,2.0,16.03,2,3,1,6,Hibernating,1,1,At Risk,"Send win-back campaigns, offer discounts"
17502,10,4,689.1,25,2.81,19,172.28,0.2,27.56,5,4,3,12,Loyal,0,2,Loyal Customers,"Upsell premium products, increase frequency"
17503,3,2,558.96,36,2.33,35,279.48,0.0556,15.53,5,3,2,10,Loyal,0,1,At Risk,"Send win-back campaigns, offer discounts"
17504,207,18,9565.12,244,2.91,463,531.4,0.0388,39.2,2,5,5,12,Loyal,1,0,Champions,"Reward with loyalty perks, ask for reviews"
17505,162,5,2435.48,83,3.24,443,487.1,0.0113,29.34,3,4,4,11,Loyal,1,2,Loyal Customers,"Upsell premium products, increase frequency"
17506,76,1,302.2,14,3.63,0,302.2,1.0,21.59,3,2,2,7,At Risk,0,1,At Risk,"Send win-back campaigns, offer discounts"
17507,262,2,605.58,79,2.66,47,302.79,0.0417,7.67,2,3,2,7,At Risk,1,1,At Risk,"Send win-back campaigns, offer discounts"
17508,281,8,4579.23,199,2.93,451,572.4,0.0177,23.01,2,5,5,12,Loyal,1,2,Loyal Customers,"Upsell premium products, increase frequency"
17509,58,8,6115.14,75,2.26,5,764.39,1.3333,81.54,4,5,5,14,Champion,0,0,Champions,"Reward with loyalty perks, ask for reviews"
17510,25,2,514.56,28,1.93,395,257.28,0.0051,18.38,4,3,2,9,At Risk,0,1,At Risk,"Send win-back campaigns, offer discounts"
17511,3,60,175603.55,657,2.4,734,2926.73,0.0816,267.28,5,5,5,15,Champion,0,0,Champions,"Reward with loyalty perks, ask for reviews"
17512,29,18,5467.82,102,1.91,700,303.77,0.0257,53.61,4,5,5,14,Champion,0,0,Champions,"Reward with loyalty perks, ask for reviews"
17513,73,3,1158.8,18,3.25,407,386.27,0.0074,64.38,3,3,3,9,At Risk,0,2,Loyal Customers,"Upsell premium products, increase frequency"
17514,129,2,542.83,72,2.32,541,271.42,0.0037,7.54,3,3,2,8,At Risk,1,1,At Risk,"Send win-back campaigns, offer discounts"
17515,32,9,1617.46,91,4.99,519,179.72,0.0173,17.77,4,5,4,13,Champion,0,2,Loyal Customers,"Upsell premium products, increase frequency"
17516,16,6,957.55,150,2.64,363,159.59,0.0165,6.38,5,4,3,12,Loyal,0,2,Loyal Customers,"Upsell premium products, increase frequency"
17517,309,1,153.94,11,2.54,0,153.94,1.0,13.99,2,2,1,5,Hibernating,1,3,Lost,Minimal spend — low re-engagement ROI
17518,426,2,329.42,71,2.39,195,164.71,0.0102,4.64,1,3,2,6,Hibernating,1,3,Lost,Minimal spend — low re-engagement ROI
17519,18,15,5109.47,142,3.56,721,340.63,0.0208,35.98,5,5,5,15,Champion,0,0,Champions,"Reward with loyalty perks, ask for reviews"
17520,54,1,546.81,30,3.3,0,546.81,1.0,18.23,4,2,2,8,At Risk,0,1,At Risk,"Send win-back campaigns, offer discounts"
17521,30,5,1278.06,65,2.72,404,255.61,0.0123,19.66,4,4,4,12,Loyal,0,2,Loyal Customers,"Upsell premium products, increase frequency"
17522,2,5,1070.71,59,1.94,216,214.14,0.023,18.15,5,4,3,12,Loyal,0,2,Loyal Customers,"Upsell premium products, increase frequency"
17523,12,4,652.74,25,3.13,7,163.18,0.5,26.11,5,4,3,12,Loyal,0,2,Loyal Customers,"Upsell premium products, increase frequency"
17524,362,3,539.14,37,2.12,76,179.71,0.039,14.57,2,3,2,7,At Risk,1,3,Lost,Minimal spend — low re-engagement ROI
17525,360,3,1161.9,19,5.05,69,387.3,0.0429,61.15,2,3,3,8,At Risk,1,3,Lost,Minimal spend — low re-engagement ROI
17526,5,12,4166.04,67,5.98,717,347.17,0.0167,62.18,5,5,5,15,Champion,0,0,Champions,"Reward with loyalty perks, ask for reviews"
17527,54,4,939.37,45,3.41,164,234.84,0.0242,20.87,4,4,3,11,Loyal,0,2,Loyal Customers,"Upsell premium products, increase frequency"
17528,2,8,3628.5,183,3.16,70,453.56,0.1127,19.83,5,5,5,15,Champion,0,2,Loyal Customers,"Upsell premium products, increase frequency"
17529,611,2,1240.25,78,3.73,87,620.12,0.0227,15.9,1,3,3,7,At Risk,1,3,Lost,Minimal spend — low re-engagement ROI
17530,2,12,3141.51,359,2.39,732,261.79,0.0164,8.75,5,5,5,15,Champion,0,0,Champions,"Reward with loyalty perks, ask for reviews"
17531,191,3,1266.82,54,4.27,428,422.27,0.007,23.46,2,3,4,9,At Risk,1,2,Loyal Customers,"Upsell premium products, increase frequency"
17532,386,1,65.34,4,2.62,0,65.34,1.0,16.34,2,2,1,5,Hibernating,1,3,Lost,Minimal spend — low re-engagement ROI
17533,435,1,34.8,1,1.45,0,34.8,1.0,34.8,1,2,1,4,Hibernating,1,3,Lost,Minimal spend — low re-engagement ROI
17534,54,5,1668.83,76,2.77,598,333.77,0.0083,21.96,4,4,4,12,Loyal,0,2,Loyal Customers,"Upsell premium products, increase frequency"
17535,281,1,164.4,13,1.47,0,164.4,1.0,12.65,2,2,1,5,Hibernating,1,1,At Risk,"Send win-back campaigns, offer discounts"
17536,178,3,364.83,16,4.53,505,121.61,0.0059,22.8,3,3,2,8,At Risk,1,1,At Risk,"Send win-back campaigns, offer discounts"
17537,30,2,897.62,74,2.66,273,448.81,0.0073,12.13,4,3,3,10,Loyal,0,1,At Risk,"Send win-back campaigns, offer discounts"
17538,26,1,98.42,9,1.19,0,98.42,1.0,10.94,4,2,1,7,At Risk,0,1,At Risk,"Send win-back campaigns, offer discounts"
17539,618,4,1226.57,132,2.89,108,306.64,0.0367,9.29,1,4,3,8,At Risk,1,3,Lost,Minimal spend — low re-engagement ROI
17540,25,6,1590.6,41,3.1,575,265.1,0.0104,38.8,4,4,4,12,Loyal,0,2,Loyal Customers,"Upsell premium products, increase frequency"
17541,510,1,124.46,31,3.31,0,124.46,1.0,4.01,1,2,1,4,Hibernating,1,3,Lost,Minimal spend — low re-engagement ROI
17542,270,3,341.7,57,2.28,371,113.9,0.0081,5.99,2,3,2,7,At Risk,1,1,At Risk,"Send win-back campaigns, offer discounts"
17543,550,1,120.05,13,3.48,0,120.05,1.0,9.23,1,2,1,4,Hibernating,1,3,Lost,Minimal spend — low re-engagement ROI
17544,391,3,960.69,80,3.39,0,320.23,3.0,12.01,2,3,3,8,At Risk,1,3,Lost,Minimal spend — low re-engagement ROI
17545,44,6,1448.54,204,2.53,534,241.42,0.0112,7.1,4,4,4,12,Loyal,0,2,Loyal Customers,"Upsell premium products, increase frequency"
17547,376,2,727.85,22,4.63,289,363.92,0.0069,33.08,2,3,3,8,At Risk,1,3,Lost,Minimal spend — low re-engagement ROI
17548,234,4,731.26,22,1.87,162,182.82,0.0245,33.24,2,4,3,9,At Risk,1,2,Loyal Customers,"Upsell premium products, increase frequency"
17549,24,2,148.86,5,1.77,27,74.43,0.0714,29.77,4,3,1,8,At Risk,0,1,At Risk,"Send win-back campaigns, offer discounts"
17550,198,9,2547.64,250,3.07,472,283.07,0.019,10.19,2,5,4,11,Loyal,1,2,Loyal Customers,"Upsell premium products, increase frequency"
17551,360,1,306.84,39,2.54,0,306.84,1.0,7.87,2,2,2,6,Hibernating,1,3,Lost,Minimal spend — low re-engagement ROI
17552,61,12,3085.29,78,2.55,567,257.11,0.0211,39.56,3,5,5,13,Champion,0,0,Champions,"Reward with loyalty perks, ask for reviews"
17553,130,4,3757.6,2,2.87,481,939.4,0.0083,1878.8,3,4,5,12,Loyal,1,2,Loyal Customers,"Upsell premium products, increase frequency"
17554,2,5,1952.45,58,3.06,146,390.49,0.034,33.66,5,4,4,13,Champion,0,2,Loyal Customers,"Upsell premium products, increase frequency"
17555,20,5,1057.74,220,1.97,566,211.55,0.0088,4.81,5,4,3,12,Loyal,0,2,Loyal Customers,"Upsell premium products, increase frequency"
17556,206,2,300.67,13,3.33,173,150.34,0.0115,23.13,2,3,2,7,At Risk,1,1,At Risk,"Send win-back campaigns, offer discounts"
17557,15,4,575.46,28,2.87,718,143.86,0.0056,20.55,5,4,2,11,Loyal,0,2,Loyal Customers,"Upsell premium products, increase frequency"
17558,394,1,259.17,28,4.5,0,259.17,1.0,9.26,2,2,1,5,Hibernating,1,3,Lost,Minimal spend — low re-engagement ROI
17559,513,1,167.62,12,0.79,0,167.62,1.0,13.97,1,2,1,4,Hibernating,1,3,Lost,Minimal spend — low re-engagement ROI
17560,95,8,1895.8,37,2.32,565,236.98,0.0141,51.24,3,5,4,12,Loyal,1,2,Loyal Customers,"Upsell premium products, increase frequency"
17561,20,4,722.34,163,2.45,713,180.58,0.0056,4.43,5,4,3,12,Loyal,0,2,Loyal Customers,"Upsell premium products, increase frequency"
17562,15,7,1122.38,48,1.9,159,160.34,0.0438,23.38,5,4,3,12,Loyal,0,2,Loyal Customers,"Upsell premium products, increase frequency"
17563,579,2,392.38,27,2.48,33,196.19,0.0588,14.53,1,3,2,6,Hibernating,1,3,Lost,Minimal spend — low re-engagement ROI
17564,25,3,454.01,38,3.72,55,151.34,0.0536,11.95,4,3,2,9,At Risk,0,1,At Risk,"Send win-back campaigns, offer discounts"
17565,587,1,131.83,30,2.85,0,131.83,1.0,4.39,1,2,1,4,Hibernating,1,3,Lost,Minimal spend — low re-engagement ROI
17566,9,2,901.21,113,2.65,17,450.6,0.1111,7.98,5,3,3,11,Loyal,0,1,At Risk,"Send win-back campaigns, offer discounts"
17567,8,9,5356.03,128,2.49,434,595.11,0.0207,41.84,5,5,5,15,Champion,0,0,Champions,"Reward with loyalty perks, ask for reviews"
17568,634,1,382.79,61,1.52,0,382.79,1.0,6.28,1,2,2,5,Hibernating,1,3,Lost,Minimal spend — low re-engagement ROI
17569,333,1,344.14,29,3.35,0,344.14,1.0,11.87,2,2,2,6,Hibernating,1,3,Lost,Minimal spend — low re-engagement ROI
17570,382,1,100.0,1,100.0,0,100.0,1.0,100.0,2,2,1,5,Hibernating,1,3,Lost,Minimal spend — low re-engagement ROI
17571,51,5,1703.75,290,2.7,492,340.75,0.0101,5.88,4,4,4,12,Loyal,0,2,Loyal Customers,"Upsell premium products, increase frequency"
17572,72,10,723.01,14,2.66,653,72.3,0.0153,51.64,3,5,3,11,Loyal,0,2,Loyal Customers,"Upsell premium products, increase frequency"
17573,30,3,380.6,24,2.2,64,126.87,0.0462,15.86,4,3,2,9,At Risk,0,1,At Risk,"Send win-back campaigns, offer discounts"
17574,243,1,185.65,8,3.32,0,185.65,1.0,23.21,2,2,1,5,Hibernating,1,1,At Risk,"Send win-back campaigns, offer discounts"
17575,668,1,171.7,5,6.16,0,171.7,1.0,34.34,1,2,1,4,Hibernating,1,3,Lost,Minimal spend — low re-engagement ROI
17576,9,41,9056.81,417,3.22,728,220.9,0.0562,21.72,5,5,5,15,Champion,0,0,Champions,"Reward with loyalty perks, ask for reviews"
17577,646,2,348.75,20,2.47,23,174.38,0.0833,17.44,1,3,2,6,Hibernating,1,3,Lost,Minimal spend — low re-engagement ROI
17578,219,7,1047.33,57,3.53,311,149.62,0.0224,18.37,2,4,3,9,At Risk,1,2,Loyal Customers,"Upsell premium products, increase frequency"
17579,5,4,753.28,89,3.43,573,188.32,0.007,8.46,5,4,3,12,Loyal,0,2,Loyal Customers,"Upsell premium products, increase frequency"
17580,253,5,545.27,78,2.68,169,109.05,0.0294,6.99,2,4,2,8,At Risk,1,2,Loyal Customers,"Upsell premium products, increase frequency"
17581,1,43,18757.75,387,2.97,735,436.23,0.0584,48.47,5,5,5,15,Champion,0,0,Champions,"Reward with loyalty perks, ask for reviews"
17582,237,5,1450.7,92,3.07,387,290.14,0.0129,15.77,2,4,4,10,Loyal,1,2,Loyal Customers,"Upsell premium products, increase frequency"
17583,561,1,135.95,7,2.81,0,135.95,1.0,19.42,1,2,1,4,Hibernating,1,3,Lost,Minimal spend — low re-engagement ROI
17584,8,6,5309.42,85,4.13,676,884.9,0.0089,62.46,5,4,5,14,Champion,0,2,Loyal Customers,"Upsell premium products, increase frequency"
17585,110,7,2093.3,295,1.8,368,299.04,0.019,7.1,3,4,4,11,Loyal,1,2,Loyal Customers,"Upsell premium products, increase frequency"
17586,620,1,167.4,8,2.98,0,167.4,1.0,20.92,1,2,1,4,Hibernating,1,3,Lost,Minimal spend — low re-engagement ROI
17587,629,1,181.66,42,3.4,0,181.66,1.0,4.33,1,2,1,4,Hibernating,1,3,Lost,Minimal spend — low re-engagement ROI
17588,101,7,2939.55,35,4.6,537,419.94,0.013,83.99,3,4,4,11,Loyal,1,2,Loyal Customers,"Upsell premium products, increase frequency"
17589,61,18,14049.87,601,2.44,582,780.55,0.0309,23.38,3,5,5,13,Champion,0,0,Champions,"Reward with loyalty perks, ask for reviews"
17590,3,3,1479.22,162,2.67,37,493.07,0.0789,9.13,5,3,4,12,Loyal,0,2,Loyal Customers,"Upsell premium products, increase frequency"
17591,74,8,2776.67,93,3.73,617,347.08,0.0129,29.86,3,5,4,12,Loyal,0,2,Loyal Customers,"Upsell premium products, increase frequency"
17592,739,1,148.3,13,3.97,0,148.3,1.0,11.41,1,2,1,4,Hibernating,1,3,Lost,Minimal spend — low re-engagement ROI
17593,4,11,8095.8,311,2.72,731,735.98,0.015,26.03,5,5,5,15,Champion,0,0,Champions,"Reward with loyalty perks, ask for reviews"
17594,86,4,2497.88,70,2.19,519,624.47,0.0077,35.68,3,4,4,11,Loyal,0,2,Loyal Customers,"Upsell premium products, increase frequency"
17595,13,2,388.79,68,2.5,24,194.4,0.08,5.72,5,3,2,10,Loyal,0,1,At Risk,"Send win-back campaigns, offer discounts"
17596,24,13,4920.67,274,1.95,701,378.51,0.0185,17.96,4,5,5,14,Champion,0,0,Champions,"Reward with loyalty perks, ask for reviews"
17597,214,5,3484.09,109,2.99,369,696.82,0.0135,31.96,2,4,5,11,Loyal,1,2,Loyal Customers,"Upsell premium products, increase frequency"
17598,382,1,409.98,10,3.27,0,409.98,1.0,41.0,2,2,2,6,Hibernating,1,3,Lost,Minimal spend — low re-engagement ROI
17599,478,1,52.05,3,5.15,0,52.05,1.0,17.35,1,2,1,4,Hibernating,1,3,Lost,Minimal spend — low re-engagement ROI
17600,18,1,161.67,13,3.53,0,161.67,1.0,12.44,5,2,1,8,At Risk,0,1,At Risk,"Send win-back campaigns, offer discounts"
17601,240,2,421.48,69,2.39,141,210.74,0.0141,6.11,2,3,2,7,At Risk,1,1,At Risk,"Send win-back campaigns, offer discounts"
17602,3,14,7451.13,450,1.97,616,532.22,0.0227,16.56,5,5,5,15,Champion,0,0,Champions,"Reward with loyalty perks, ask for reviews"
17603,79,4,1793.48,104,4.34,651,448.37,0.0061,17.24,3,4,4,11,Loyal,0,2,Loyal Customers,"Upsell premium products, increase frequency"
17604,218,6,945.93,142,2.31,464,157.66,0.0129,6.66,2,4,3,9,At Risk,1,2,Loyal Customers,"Upsell premium products, increase frequency"
17605,591,1,160.75,13,2.21,0,160.75,1.0,12.37,1,2,1,4,Hibernating,1,3,Lost,Minimal spend — low re-engagement ROI
17606,738,1,87.3,6,2.22,0,87.3,1.0,14.55,1,2,1,4,Hibernating,1,3,Lost,Minimal spend — low re-engagement ROI
17607,377,1,333.81,22,2.44,0,333.81,1.0,15.17,2,2,2,6,Hibernating,1,3,Lost,Minimal spend — low re-engagement ROI
17608,34,4,498.53,134,1.19,573,124.63,0.007,3.72,4,4,2,10,Loyal,0,1,At Risk,"Send win-back campaigns, offer discounts"
17609,41,11,1894.34,317,2.16,568,172.21,0.0193,5.98,4,5,4,13,Champion,0,2,Loyal Customers,"Upsell premium products, increase frequency"
17610,541,5,1529.49,114,2.92,193,305.9,0.0258,13.42,1,4,4,9,At Risk,1,3,Lost,Minimal spend — low re-engagement ROI
17611,8,28,8371.98,722,2.66,731,299.0,0.0383,11.6,5,5,5,15,Champion,0,0,Champions,"Reward with loyalty perks, ask for reviews"
17612,54,18,5394.86,213,3.23,669,299.71,0.0269,25.33,4,5,5,14,Champion,0,0,Champions,"Reward with loyalty perks, ask for reviews"
17613,23,14,4559.15,211,2.65,282,325.65,0.0495,21.61,4,5,5,14,Champion,0,0,Champions,"Reward with loyalty perks, ask for reviews"
17614,58,1,390.07,97,2.21,0,390.07,1.0,4.02,4,2,2,8,At Risk,0,1,At Risk,"Send win-back campaigns, offer discounts"
17615,131,6,733.2,47,3.07,355,122.2,0.0169,15.6,3,4,3,10,Loyal,1,2,Loyal Customers,"Upsell premium products, increase frequency"
17616,174,4,1060.8,1,2.55,277,265.2,0.0144,1060.8,3,4,3,10,Loyal,1,2,Loyal Customers,"Upsell premium products, increase frequency"
17617,559,1,395.33,18,2.52,0,395.33,1.0,21.96,1,2,2,5,Hibernating,1,3,Lost,Minimal spend — low re-engagement ROI
17618,6,11,4073.24,202,3.62,679,370.29,0.0162,20.16,5,5,5,15,Champion,0,0,Champions,"Reward with loyalty perks, ask for reviews"
17619,313,1,218.52,71,1.8,0,218.52,1.0,3.08,2,2,1,5,Hibernating,1,3,Lost,Minimal spend — low re-engagement ROI
17620,60,1,81.44,4,2.76,0,81.44,1.0,20.36,3,2,1,6,Hibernating,0,1,At Risk,"Send win-back campaigns, offer discounts"
17621,22,6,3175.12,61,3.4,410,529.19,0.0146,52.05,4,4,5,13,Champion,0,2,Loyal Customers,"Upsell premium products, increase frequency"
17622,598,2,1130.21,19,4.12,0,565.1,2.0,59.48,1,3,3,7,At Risk,1,3,Lost,Minimal spend — low re-engagement ROI
17623,33,7,2383.67,130,4.49,692,340.52,0.0101,18.34,4,4,4,12,Loyal,0,2,Loyal Customers,"Upsell premium products, increase frequency"
17624,15,4,1568.63,91,3.12,704,392.16,0.0057,17.24,5,4,4,13,Champion,0,2,Loyal Customers,"Upsell premium products, increase frequency"
17625,19,8,6067.8,429,2.46,706,758.48,0.0113,14.14,5,5,5,15,Champion,0,0,Champions,"Reward with loyalty perks, ask for reviews"
17626,603,1,254.0,18,1.88,0,254.0,1.0,14.11,1,2,1,4,Hibernating,1,3,Lost,Minimal spend — low re-engagement ROI
17627,479,1,296.36,10,1.87,0,296.36,1.0,29.64,1,2,2,5,Hibernating,1,3,Lost,Minimal spend — low re-engagement ROI
17628,82,1,75.75,5,2.41,0,75.75,1.0,15.15,3,2,1,6,Hibernating,0,1,At Risk,"Send win-back campaigns, offer discounts"
17629,6,10,2455.52,129,2.48,415,245.55,0.024,19.04,5,5,4,14,Champion,0,2,Loyal Customers,"Upsell premium products, increase frequency"
17630,170,2,503.6,24,7.83,62,251.8,0.0317,20.98,3,3,2,8,At Risk,1,1,At Risk,"Send win-back campaigns, offer discounts"
17631,2,7,998.49,66,3.55,728,142.64,0.0096,15.13,5,4,3,12,Loyal,0,2,Loyal Customers,"Upsell premium products, increase frequency"
17633,32,7,2057.39,84,3.24,357,293.91,0.0196,24.49,4,4,4,12,Loyal,0,2,Loyal Customers,"Upsell premium products, increase frequency"
17634,37,9,2361.97,209,3.73,301,262.44,0.0298,11.3,4,5,4,13,Champion,0,2,Loyal Customers,"Upsell premium products, increase frequency"
17635,425,3,1265.58,60,2.78,166,421.86,0.018,21.09,1,3,4,8,At Risk,1,3,Lost,Minimal spend — low re-engagement ROI
17636,20,1,285.56,20,2.39,0,285.56,1.0,14.28,5,2,1,8,At Risk,0,1,At Risk,"Send win-back campaigns, offer discounts"
17637,32,2,547.06,35,3.43,83,273.53,0.0238,15.63,4,3,2,9,At Risk,0,1,At Risk,"Send win-back campaigns, offer discounts"
17638,648,2,842.4,2,1.95,74,421.2,0.0267,421.2,1,3,3,7,At Risk,1,3,Lost,Minimal spend — low re-engagement ROI
17639,277,6,615.17,59,2.42,207,102.53,0.0288,10.43,2,4,2,8,At Risk,1,2,Loyal Customers,"Upsell premium products, increase frequency"
17640,87,6,3168.94,48,2.33,539,528.16,0.0111,66.02,3,4,5,12,Loyal,0,2,Loyal Customers,"Upsell premium products, increase frequency"
17642,120,5,1824.49,88,2.13,614,364.9,0.0081,20.73,3,4,4,11,Loyal,1,2,Loyal Customers,"Upsell premium products, increase frequency"
17643,374,2,541.25,30,3.57,132,270.62,0.015,18.04,2,3,2,7,At Risk,1,3,Lost,Minimal spend — low re-engagement ROI
17644,2,20,6028.6,160,3.1,660,301.43,0.0303,37.68,5,5,5,15,Champion,0,0,Champions,"Reward with loyalty perks, ask for reviews"
17646,220,12,4149.79,124,5.14,504,345.82,0.0238,33.47,2,5,5,12,Loyal,1,0,Champions,"Reward with loyalty perks, ask for reviews"
17647,66,3,331.66,12,6.29,604,110.55,0.005,27.64,3,3,2,8,At Risk,0,1,At Risk,"Send win-back campaigns, offer discounts"
17648,61,5,2216.37,114,4.53,324,443.27,0.0154,19.44,3,4,4,11,Loyal,0,2,Loyal Customers,"Upsell premium products, increase frequency"
17649,139,3,1578.89,88,3.65,334,526.3,0.009,17.94,3,3,4,10,Loyal,1,2,Loyal Customers,"Upsell premium products, increase frequency"
17650,22,1,166.08,8,1.9,0,166.08,1.0,20.76,4,2,1,7,At Risk,0,1,At Risk,"Send win-back campaigns, offer discounts"
17651,12,16,5703.52,198,2.29,514,356.47,0.0311,28.81,5,5,5,15,Champion,0,0,Champions,"Reward with loyalty perks, ask for reviews"
17652,26,12,4867.72,118,3.34,255,405.64,0.0469,41.25,4,5,5,14,Champion,0,0,Champions,"Reward with loyalty perks, ask for reviews"
17653,37,4,1207.56,44,4.07,83,301.89,0.0476,27.44,4,4,3,11,Loyal,0,2,Loyal Customers,"Upsell premium products, increase frequency"
17654,278,1,117.55,22,3.16,0,117.55,1.0,5.34,2,2,1,5,Hibernating,1,1,At Risk,"Send win-back campaigns, offer discounts"
17655,11,9,3652.48,75,4.6,406,405.83,0.0221,48.7,5,5,5,15,Champion,0,2,Loyal Customers,"Upsell premium products, increase frequency"
17656,74,5,1674.69,67,2.77,55,334.94,0.0893,25.0,3,4,4,11,Loyal,0,2,Loyal Customers,"Upsell premium products, increase frequency"
17657,431,1,126.0,7,2.25,0,126.0,1.0,18.0,1,2,1,4,Hibernating,1,3,Lost,Minimal spend — low re-engagement ROI
17658,26,2,595.42,17,2.56,185,297.71,0.0108,35.02,4,3,2,9,At Risk,0,1,At Risk,"Send win-back campaigns, offer discounts"
17659,18,14,3834.79,150,4.14,368,273.91,0.0379,25.57,5,5,5,15,Champion,0,0,Champions,"Reward with loyalty perks, ask for reviews"
17660,142,2,359.47,75,2.21,595,179.74,0.0034,4.79,3,3,2,8,At Risk,1,1,At Risk,"Send win-back campaigns, offer discounts"
17662,662,2,412.92,14,4.55,60,206.46,0.0328,29.49,1,3,2,6,Hibernating,1,3,Lost,Minimal spend — low re-engagement ROI
17663,26,17,5175.83,153,4.49,619,304.46,0.0274,33.83,4,5,5,14,Champion,0,0,Champions,"Reward with loyalty perks, ask for reviews"
17664,19,4,1166.23,68,2.1,601,291.56,0.0066,17.15,5,4,3,12,Loyal,0,2,Loyal Customers,"Upsell premium products, increase frequency"
17665,494,1,563.1,19,1.51,0,563.1,1.0,29.64,1,2,2,5,Hibernating,1,3,Lost,Minimal spend — low re-engagement ROI
17666,4,5,2047.8,30,1.85,523,409.56,0.0095,68.26,5,4,4,13,Champion,0,2,Loyal Customers,"Upsell premium products, increase frequency"
17667,67,9,3950.7,140,3.28,588,438.97,0.0153,28.22,3,5,5,13,Champion,0,2,Loyal Customers,"Upsell premium products, increase frequency"
17668,2,2,347.75,14,7.34,36,173.88,0.0541,24.84,5,3,2,10,Loyal,0,1,At Risk,"Send win-back campaigns, offer discounts"
17669,43,10,6142.35,85,2.11,574,614.24,0.0174,72.26,4,5,5,14,Champion,0,0,Champions,"Reward with loyalty perks, ask for reviews"
17670,228,1,205.7,11,2.59,0,205.7,1.0,18.7,2,2,1,5,Hibernating,1,1,At Risk,"Send win-back campaigns, offer discounts"
17671,16,5,2403.34,54,3.38,360,480.67,0.0139,44.51,5,4,4,13,Champion,0,2,Loyal Customers,"Upsell premium products, increase frequency"
17672,51,7,5778.63,179,4.26,631,825.52,0.0111,32.28,4,4,5,13,Champion,0,2,Loyal Customers,"Upsell premium products, increase frequency"
17673,2,13,4233.58,195,1.66,628,325.66,0.0207,21.71,5,5,5,15,Champion,0,0,Champions,"Reward with loyalty perks, ask for reviews"
17674,75,2,851.7,19,0.73,294,425.85,0.0068,44.83,3,3,3,9,At Risk,0,1,At Risk,"Send win-back campaigns, offer discounts"
17675,2,70,38259.6,345,3.46,728,546.57,0.096,110.9,5,5,5,15,Champion,0,0,Champions,"Reward with loyalty perks, ask for reviews"
17676,5,10,2765.84,85,1.94,615,276.58,0.0162,32.54,5,5,4,14,Champion,0,2,Loyal Customers,"Upsell premium products, increase frequency"
17677,2,54,36692.91,346,2.68,721,679.5,0.0748,106.05,5,5,5,15,Champion,0,0,Champions,"Reward with loyalty perks, ask for reviews"
17678,264,2,599.76,27,3.1,339,299.88,0.0059,22.21,2,3,2,7,At Risk,1,1,At Risk,"Send win-back campaigns, offer discounts"
17679,53,7,3577.61,70,3.14,683,511.09,0.0102,51.11,4,4,5,13,Champion,0,2,Loyal Customers,"Upsell premium products, increase frequency"
17680,24,3,497.45,20,5.57,487,165.82,0.0061,24.87,4,3,2,9,At Risk,0,1,At Risk,"Send win-back campaigns, offer discounts"
17681,598,5,731.2,12,2.76,96,146.24,0.0515,60.93,1,4,3,8,At Risk,1,3,Lost,Minimal spend — low re-engagement ROI
17682,11,11,4456.78,85,2.42,631,405.16,0.0174,52.43,5,5,5,15,Champion,0,0,Champions,"Reward with loyalty perks, ask for reviews"
17683,386,3,819.01,41,2.1,168,273.0,0.0178,19.98,2,3,3,8,At Risk,1,3,Lost,Minimal spend — low re-engagement ROI
17684,44,1,239.41,15,2.92,0,239.41,1.0,15.96,4,2,1,7,At Risk,0,1,At Risk,"Send win-back campaigns, offer discounts"
17685,17,12,5943.17,124,1.95,649,495.26,0.0185,47.93,5,5,5,15,Champion,0,0,Champions,"Reward with loyalty perks, ask for reviews"
17686,8,9,8296.81,283,3.8,526,921.87,0.0171,29.32,5,5,5,15,Champion,0,0,Champions,"Reward with loyalty perks, ask for reviews"
17687,421,1,432.68,26,2.82,0,432.68,1.0,16.64,1,2,2,5,Hibernating,1,3,Lost,Minimal spend — low re-engagement ROI
17688,394,1,304.2,19,3.82,0,304.2,1.0,16.01,2,2,2,6,Hibernating,1,3,Lost,Minimal spend — low re-engagement ROI
17689,389,2,317.08,17,1.2,85,158.54,0.0233,18.65,2,3,2,7,At Risk,1,3,Lost,Minimal spend — low re-engagement ROI
17690,31,20,7448.1,237,5.2,644,372.4,0.031,31.43,4,5,5,14,Champion,0,0,Champions,"Reward with loyalty perks, ask for reviews"
17691,359,4,780.05,37,3.35,188,195.01,0.0212,21.08,2,4,3,9,At Risk,1,3,Lost,Minimal spend — low re-engagement ROI
17692,128,12,2975.8,90,1.9,413,247.98,0.029,33.06,3,5,5,13,Champion,1,0,Champions,"Reward with loyalty perks, ask for reviews"
17693,138,1,200.47,16,2.08,0,200.47,1.0,12.53,3,2,1,6,Hibernating,1,1,At Risk,"Send win-back campaigns, offer discounts"
17694,142,3,1695.97,54,1.68,421,565.32,0.0071,31.41,3,3,4,10,Loyal,1,2,Loyal Customers,"Upsell premium products, increase frequency"
17695,132,5,1746.04,46,1.28,549,349.21,0.0091,37.96,3,4,4,11,Loyal,1,2,Loyal Customers,"Upsell premium products, increase frequency"
17696,39,27,7679.59,191,2.18,690,284.43,0.0391,40.21,4,5,5,14,Champion,0,0,Champions,"Reward with loyalty perks, ask for reviews"
17697,237,1,338.95,19,5.08,0,338.95,1.0,17.84,2,2,2,6,Hibernating,1,1,At Risk,"Send win-back campaigns, offer discounts"
17698,261,1,154.95,8,2.14,0,154.95,1.0,19.37,2,2,1,5,Hibernating,1,1,At Risk,"Send win-back campaigns, offer discounts"
17699,477,2,442.0,17,3.29,84,221.0,0.0235,26.0,1,3,2,6,Hibernating,1,3,Lost,Minimal spend — low re-engagement ROI
17700,17,14,6679.97,259,3.53,722,477.14,0.0194,25.79,5,5,5,15,Champion,0,0,Champions,"Reward with loyalty perks, ask for reviews"
17701,253,1,417.95,24,5.75,0,417.95,1.0,17.41,2,2,2,6,Hibernating,1,1,At Risk,"Send win-back campaigns, offer discounts"
17702,31,6,3144.04,120,2.19,370,524.01,0.0162,26.2,4,4,5,13,Champion,0,2,Loyal Customers,"Upsell premium products, increase frequency"
17703,36,4,1094.84,63,1.56,382,273.71,0.0104,17.38,4,4,3,11,Loyal,0,2,Loyal Customers,"Upsell premium products, increase frequency"
17704,169,2,885.19,27,3.92,71,442.6,0.0278,32.78,3,3,3,9,At Risk,1,1,At Risk,"Send win-back campaigns, offer discounts"
17705,4,11,2083.9,74,2.81,573,189.45,0.0192,28.16,5,5,4,14,Champion,0,2,Loyal Customers,"Upsell premium products, increase frequency"
17706,5,31,20749.98,408,3.94,685,669.35,0.0452,50.86,5,5,5,15,Champion,0,0,Champions,"Reward with loyalty perks, ask for reviews"
17707,186,8,609.3,9,1.69,547,76.16,0.0146,67.7,3,5,2,10,Loyal,1,2,Loyal Customers,"Upsell premium products, increase frequency"
17708,188,4,887.93,57,3.25,235,221.98,0.0169,15.58,3,4,3,10,Loyal,1,2,Loyal Customers,"Upsell premium products, increase frequency"
17709,170,5,671.01,37,6.04,433,134.2,0.0115,18.14,3,4,3,10,Loyal,1,2,Loyal Customers,"Upsell premium products, increase frequency"
17710,424,1,293.5,20,4.01,0,293.5,1.0,14.68,1,2,2,5,Hibernating,1,3,Lost,Minimal spend — low re-engagement ROI
17711,11,2,385.1,22,2.45,279,192.55,0.0071,17.5,5,3,2,10,Loyal,0,1,At Risk,"Send win-back campaigns, offer discounts"
17712,45,1,522.91,29,4.67,0,522.91,1.0,18.03,4,2,2,8,At Risk,0,1,At Risk,"Send win-back campaigns, offer discounts"
17713,383,4,1198.09,55,2.88,166,299.52,0.024,21.78,2,4,3,9,At Risk,1,3,Lost,Minimal spend — low re-engagement ROI
17714,321,5,1410.18,69,4.43,192,282.04,0.0259,20.44,2,4,4,10,Loyal,1,2,Loyal Customers,"Upsell premium products, increase frequency"
17715,201,2,489.6,1,0.85,392,244.8,0.0051,489.6,2,3,2,7,At Risk,1,1,At Risk,"Send win-back campaigns, offer discounts"
17716,23,24,15956.97,334,2.72,714,664.87,0.0336,47.78,4,5,5,14,Champion,0,0,Champions,"Reward with loyalty perks, ask for reviews"
17717,422,1,376.92,26,1.86,0,376.92,1.0,14.5,1,2,2,5,Hibernating,1,3,Lost,Minimal spend — low re-engagement ROI
17718,233,2,439.18,22,3.05,412,219.59,0.0048,19.96,2,3,2,7,At Risk,1,1,At Risk,"Send win-back campaigns, offer discounts"
17719,38,15,5396.04,111,4.48,217,359.74,0.0688,48.61,4,5,5,14,Champion,0,0,Champions,"Reward with loyalty perks, ask for reviews"
17720,27,10,2768.91,81,4.29,552,276.89,0.0181,34.18,4,5,4,13,Champion,0,2,Loyal Customers,"Upsell premium products, increase frequency"
17721,660,1,307.21,11,4.17,0,307.21,1.0,27.93,1,2,2,5,Hibernating,1,3,Lost,Minimal spend — low re-engagement ROI
17722,97,5,4430.36,163,3.0,279,886.07,0.0179,27.18,3,4,5,12,Loyal,1,2,Loyal Customers,"Upsell premium products, increase frequency"
17723,128,7,3378.4,6,3.53,248,482.63,0.0281,563.07,3,4,5,12,Loyal,1,2,Loyal Customers,"Upsell premium products, increase frequency"
17724,72,3,1033.0,38,4.37,67,344.33,0.0441,27.18,3,3,3,9,At Risk,0,2,Loyal Customers,"Upsell premium products, increase frequency"
17725,17,11,3439.08,115,2.58,250,312.64,0.0438,29.91,5,5,5,15,Champion,0,0,Champions,"Reward with loyalty perks, ask for reviews"
17726,396,7,1092.06,52,3.47,286,156.01,0.0244,21.0,2,4,3,9,At Risk,1,2,Loyal Customers,"Upsell premium products, increase frequency"
17727,16,1,1060.25,66,3.13,0,1060.25,1.0,16.06,5,2,3,10,Loyal,0,1,At Risk,"Send win-back campaigns, offer discounts"
17728,4,5,4238.76,196,3.43,449,847.75,0.0111,21.63,5,4,5,14,Champion,0,2,Loyal Customers,"Upsell premium products, increase frequency"
17729,597,1,438.65,23,3.07,0,438.65,1.0,19.07,1,2,2,5,Hibernating,1,3,Lost,Minimal spend — low re-engagement ROI
17730,4,20,7773.8,177,1.94,586,388.69,0.0341,43.92,5,5,5,15,Champion,0,0,Champions,"Reward with loyalty perks, ask for reviews"
17731,80,6,1708.99,82,4.43,589,284.83,0.0102,20.84,3,4,4,11,Loyal,0,2,Loyal Customers,"Upsell premium products, increase frequency"
17732,373,8,2470.39,90,4.57,115,308.8,0.069,27.45,2,5,4,11,Loyal,1,2,Loyal Customers,"Upsell premium products, increase frequency"
17733,39,2,692.19,33,2.96,222,346.1,0.009,20.98,4,3,3,10,Loyal,0,1,At Risk,"Send win-back campaigns, offer discounts"
17734,54,6,1442.32,76,3.25,588,240.39,0.0102,18.98,4,4,4,12,Loyal,0,2,Loyal Customers,"Upsell premium products, increase frequency"
17735,3,26,17244.93,391,2.48,495,663.27,0.0524,44.1,5,5,5,15,Champion,0,0,Champions,"Reward with loyalty perks, ask for reviews"
17736,10,3,377.44,24,5.22,104,125.81,0.0286,15.73,5,3,2,10,Loyal,0,1,At Risk,"Send win-back campaigns, offer discounts"
17737,10,2,168.24,8,2.41,49,84.12,0.04,21.03,5,3,1,9,At Risk,0,1,At Risk,"Send win-back campaigns, offer discounts"
17738,20,13,4183.56,173,2.83,611,321.81,0.0212,24.18,5,5,5,15,Champion,0,0,Champions,"Reward with loyalty perks, ask for reviews"
17739,12,18,7730.59,56,4.21,720,429.48,0.025,138.05,5,5,5,15,Champion,0,0,Champions,"Reward with loyalty perks, ask for reviews"
17740,390,6,426.9,5,2.19,308,71.15,0.0194,85.38,2,4,2,8,At Risk,1,3,Lost,Minimal spend — low re-engagement ROI
17741,407,2,101.1,6,1.13,153,50.55,0.013,16.85,2,3,1,6,Hibernating,1,3,Lost,Minimal spend — low re-engagement ROI
17742,114,11,2098.48,52,7.75,625,190.77,0.0176,40.36,3,5,4,12,Loyal,1,2,Loyal Customers,"Upsell premium products, increase frequency"
17743,449,1,229.2,3,2.45,0,229.2,1.0,76.4,1,2,1,4,Hibernating,1,3,Lost,Minimal spend — low re-engagement ROI
17744,4,7,2649.14,121,0.92,377,378.45,0.0185,21.89,5,4,4,13,Champion,0,2,Loyal Customers,"Upsell premium products, increase frequency"
17745,478,2,600.34,27,6.62,78,300.17,0.0253,22.23,1,3,2,6,Hibernating,1,3,Lost,Minimal spend — low re-engagement ROI
17746,241,4,904.18,32,3.07,370,226.04,0.0108,28.26,2,4,3,9,At Risk,1,2,Loyal Customers,"Upsell premium products, increase frequency"
17747,113,1,71.4,1,5.95,0,71.4,1.0,71.4,3,2,1,6,Hibernating,1,1,At Risk,"Send win-back campaigns, offer discounts"
17748,528,1,358.15,17,4.5,0,358.15,1.0,21.07,1,2,2,5,Hibernating,1,3,Lost,Minimal spend — low re-engagement ROI
17749,179,3,1026.18,52,5.16,368,342.06,0.0081,19.73,3,3,3,9,At Risk,1,2,Loyal Customers,"Upsell premium products, increase frequency"
17750,6,9,1797.57,101,0.66,158,199.73,0.0566,17.8,5,5,4,14,Champion,0,2,Loyal Customers,"Upsell premium products, increase frequency"
17751,422,1,157.86,31,2.11,0,157.86,1.0,5.09,1,2,1,4,Hibernating,1,3,Lost,Minimal spend — low re-engagement ROI
17752,360,1,80.64,1,0.42,0,80.64,1.0,80.64,2,2,1,5,Hibernating,1,3,Lost,Minimal spend — low re-engagement ROI
17753,465,4,390.56,63,2.84,238,97.64,0.0167,6.2,1,4,2,7,At Risk,1,3,Lost,Minimal spend — low re-engagement ROI
17754,1,13,4577.53,185,1.25,727,352.12,0.0179,24.74,5,5,5,15,Champion,0,0,Champions,"Reward with loyalty perks, ask for reviews"
17756,376,3,733.7,54,2.82,18,244.57,0.1579,13.59,2,3,3,8,At Risk,1,3,Lost,Minimal spend — low re-engagement ROI
17757,2,56,9422.45,362,2.82,693,168.26,0.0807,26.03,5,5,5,15,Champion,0,0,Champions,"Reward with loyalty perks, ask for reviews"
17758,20,12,5012.53,403,2.41,549,417.71,0.0218,12.44,5,5,5,15,Champion,0,0,Champions,"Reward with loyalty perks, ask for reviews"
17759,18,5,1276.91,114,2.34,566,255.38,0.0088,11.2,5,4,4,13,Champion,0,2,Loyal Customers,"Upsell premium products, increase frequency"
17760,22,6,918.93,58,2.57,627,153.16,0.0096,15.84,4,4,3,11,Loyal,0,2,Loyal Customers,"Upsell premium products, increase frequency"
17761,33,1,712.78,19,3.14,0,712.78,1.0,37.51,4,2,3,9,At Risk,0,1,At Risk,"Send win-back campaigns, offer discounts"
17762,457,1,129.75,16,1.92,0,129.75,1.0,8.11,1,2,1,4,Hibernating,1,3,Lost,Minimal spend — low re-engagement ROI
17763,264,4,86.15,11,3.05,395,21.54,0.0101,7.83,2,4,1,7,At Risk,1,1,At Risk,"Send win-back campaigns, offer discounts"
17764,51,5,1623.64,126,3.16,685,324.73,0.0073,12.89,4,4,4,12,Loyal,0,2,Loyal Customers,"Upsell premium products, increase frequency"
17765,159,4,530.8,71,3.96,289,132.7,0.0138,7.48,3,4,2,9,At Risk,1,1,At Risk,"Send win-back campaigns, offer discounts"
17766,382,2,299.61,21,2.86,0,149.8,2.0,14.27,2,3,2,7,At Risk,1,3,Lost,Minimal spend — low re-engagement ROI
17767,16,2,413.05,35,2.59,394,206.52,0.0051,11.8,5,3,2,10,Loyal,0,1,At Risk,"Send win-back campaigns, offer discounts"
17768,9,7,3509.51,134,3.12,729,501.36,0.0096,26.19,5,4,5,14,Champion,0,2,Loyal Customers,"Upsell premium products, increase frequency"
17769,13,17,7103.08,330,3.09,676,417.83,0.0251,21.52,5,5,5,15,Champion,0,0,Champions,"Reward with loyalty perks, ask for reviews"
17770,199,5,1143.27,33,4.83,83,228.65,0.0595,34.64,2,4,3,9,At Risk,1,2,Loyal Customers,"Upsell premium products, increase frequency"
17771,57,4,387.41,63,2.57,532,96.85,0.0075,6.15,4,4,2,10,Loyal,0,1,At Risk,"Send win-back campaigns, offer discounts"
17772,11,3,384.77,94,3.22,381,128.26,0.0079,4.09,5,3,2,10,Loyal,0,1,At Risk,"Send win-back campaigns, offer discounts"
17773,515,2,585.27,48,3.09,175,292.64,0.0114,12.19,1,3,2,6,Hibernating,1,3,Lost,Minimal spend — low re-engagement ROI
17774,97,9,3328.05,286,3.23,572,369.78,0.0157,11.64,3,5,5,13,Champion,1,2,Loyal Customers,"Upsell premium products, increase frequency"
17775,255,1,56.4,3,0.78,0,56.4,1.0,18.8,2,2,1,5,Hibernating,1,1,At Risk,"Send win-back campaigns, offer discounts"
17776,387,2,338.56,74,2.36,336,169.28,0.0059,4.58,2,3,2,7,At Risk,1,3,Lost,Minimal spend — low re-engagement ROI
17777,25,3,665.86,141,1.65,75,221.95,0.0395,4.72,4,3,3,10,Loyal,0,1,At Risk,"Send win-back campaigns, offer discounts"
17778,662,1,197.7,10,2.35,0,197.7,1.0,19.77,1,2,1,4,Hibernating,1,3,Lost,Minimal spend — low re-engagement ROI
17779,22,3,658.57,73,2.8,122,219.52,0.0244,9.02,4,3,3,10,Loyal,0,1,At Risk,"Send win-back campaigns, offer discounts"
17780,668,3,352.91,76,3.16,17,117.64,0.1667,4.64,1,3,2,6,Hibernating,1,3,Lost,Minimal spend — low re-engagement ROI
17781,160,2,188.02,12,5.56,93,94.01,0.0213,15.67,3,3,1,7,At Risk,1,1,At Risk,"Send win-back campaigns, offer discounts"
17782,383,2,679.02,29,1.76,0,339.51,2.0,23.41,2,3,3,8,At Risk,1,3,Lost,Minimal spend — low re-engagement ROI
17783,73,3,379.91,91,2.13,440,126.64,0.0068,4.17,3,3,2,8,At Risk,0,1,At Risk,"Send win-back campaigns, offer discounts"
17784,551,1,112.86,19,3.06,0,112.86,1.0,5.94,1,2,1,4,Hibernating,1,3,Lost,Minimal spend — low re-engagement ROI
17785,54,3,403.38,48,2.82,512,134.46,0.0058,8.4,4,3,2,9,At Risk,0,1,At Risk,"Send win-back campaigns, offer discounts"
17786,86,2,278.74,57,2.12,231,139.37,0.0086,4.89,3,3,1,7,At Risk,0,1,At Risk,"Send win-back campaigns, offer discounts"
17787,153,4,2601.47,94,2.97,218,650.37,0.0183,27.68,3,4,4,11,Loyal,1,2,Loyal Customers,"Upsell premium products, increase frequency"
17788,74,2,1117.9,3,5.42,55,558.95,0.0357,372.63,3,3,3,9,At Risk,0,1,At Risk,"Send win-back campaigns, offer discounts"
17789,282,2,397.15,27,3.35,379,198.58,0.0053,14.71,2,3,2,7,At Risk,1,1,At Risk,"Send win-back campaigns, offer discounts"
17790,27,20,2783.61,188,2.67,517,139.18,0.0386,14.81,4,5,4,13,Champion,0,0,Champions,"Reward with loyalty perks, ask for reviews"
17791,30,1,106.1,10,2.77,0,106.1,1.0,10.61,4,2,1,7,At Risk,0,1,At Risk,"Send win-back campaigns, offer discounts"
17792,468,2,370.05,45,3.4,11,185.02,0.1667,8.22,1,3,2,6,Hibernating,1,3,Lost,Minimal spend — low re-engagement ROI
17793,26,1,323.04,49,3.77,0,323.04,1.0,6.59,4,2,2,8,At Risk,0,1,At Risk,"Send win-back campaigns, offer discounts"
17794,687,2,147.3,7,4.42,1,73.65,1.0,21.04,1,3,1,5,Hibernating,1,3,Lost,Minimal spend — low re-engagement ROI
17795,180,2,350.39,43,1.93,85,175.2,0.0233,8.15,3,3,2,8,At Risk,1,1,At Risk,"Send win-back campaigns, offer discounts"
17796,41,7,1361.99,149,3.78,381,194.57,0.0183,9.14,4,4,4,12,Loyal,0,2,Loyal Customers,"Upsell premium products, increase frequency"
17797,23,8,1985.87,222,2.71,701,248.23,0.0114,8.95,4,5,4,13,Champion,0,2,Loyal Customers,"Upsell premium products, increase frequency"
17798,582,1,183.09,43,1.77,0,183.09,1.0,4.26,1,2,1,4,Hibernating,1,3,Lost,Minimal spend — low re-engagement ROI
17799,23,20,6341.89,478,2.54,703,317.09,0.0284,13.27,4,5,5,14,Champion,0,0,Champions,"Reward with loyalty perks, ask for reviews"
17800,38,9,1199.01,51,2.2,296,133.22,0.0303,23.51,4,5,3,12,Loyal,0,2,Loyal Customers,"Upsell premium products, increase frequency"
17801,452,3,798.33,66,1.56,240,266.11,0.0124,12.1,1,3,3,7,At Risk,1,3,Lost,Minimal spend — low re-engagement ROI
17802,83,10,5053.12,283,2.15,644,505.31,0.0155,17.86,3,5,5,13,Champion,0,0,Champions,"Reward with loyalty perks, ask for reviews"
17803,393,1,184.66,27,2.58,0,184.66,1.0,6.84,2,2,1,5,Hibernating,1,3,Lost,Minimal spend — low re-engagement ROI
17804,377,3,385.23,82,2.71,362,128.41,0.0083,4.7,2,3,2,7,At Risk,1,3,Lost,Minimal spend — low re-engagement ROI
17805,74,2,927.03,10,2.11,536,463.52,0.0037,92.7,3,3,3,9,At Risk,0,1,At Risk,"Send win-back campaigns, offer discounts"
17806,12,1,546.04,43,1.02,0,546.04,1.0,12.7,5,2,2,9,At Risk,0,1,At Risk,"Send win-back campaigns, offer discounts"
17807,396,3,437.87,88,2.33,309,145.96,0.0097,4.98,2,3,2,7,At Risk,1,3,Lost,Minimal spend — low re-engagement ROI
17808,549,4,262.64,29,2.71,32,65.66,0.1212,9.06,1,4,1,6,Hibernating,1,3,Lost,Minimal spend — low re-engagement ROI
17809,17,20,11337.39,59,3.65,720,566.87,0.0277,192.16,5,5,5,15,Champion,0,0,Champions,"Reward with loyalty perks, ask for reviews"
17810,669,2,374.81,51,4.37,15,187.4,0.125,7.35,1,3,2,6,Hibernating,1,3,Lost,Minimal spend — low re-engagement ROI
17811,5,47,9609.8,538,2.67,441,204.46,0.1063,17.86,5,5,5,15,Champion,0,0,Champions,"Reward with loyalty perks, ask for reviews"
17812,13,7,1165.89,162,2.78,517,166.56,0.0135,7.2,5,4,3,12,Loyal,0,2,Loyal Customers,"Upsell premium products, increase frequency"
17813,15,5,1770.88,297,3.37,57,354.18,0.0862,5.96,5,4,4,13,Champion,0,2,Loyal Customers,"Upsell premium products, increase frequency"
17814,376,2,1617.32,112,2.47,47,808.66,0.0417,14.44,2,3,4,9,At Risk,1,3,Lost,Minimal spend — low re-engagement ROI
17815,394,1,591.96,13,1.17,0,591.96,1.0,45.54,2,2,2,6,Hibernating,1,3,Lost,Minimal spend — low re-engagement ROI
17816,37,6,112.32,41,1.3,687,18.72,0.0087,2.74,4,4,1,9,At Risk,0,1,At Risk,"Send win-back campaigns, offer discounts"
17817,5,6,807.85,115,3.92,417,134.64,0.0144,7.02,5,4,3,12,Loyal,0,2,Loyal Customers,"Upsell premium products, increase frequency"
17818,738,1,130.18,42,1.88,0,130.18,1.0,3.1,1,2,1,4,Hibernating,1,3,Lost,Minimal spend — low re-engagement ROI
17819,72,12,6612.52,66,3.84,654,551.04,0.0183,100.19,3,5,5,13,Champion,0,0,Champions,"Reward with loyalty perks, ask for reviews"
17820,375,1,183.56,39,2.78,0,183.56,1.0,4.71,2,2,1,5,Hibernating,1,3,Lost,Minimal spend — low re-engagement ROI
17821,407,1,334.62,6,2.82,0,334.62,1.0,55.77,2,2,2,6,Hibernating,1,3,Lost,Minimal spend — low re-engagement ROI
17822,421,5,2188.5,152,2.7,140,437.7,0.0355,14.4,1,4,4,9,At Risk,1,2,Loyal Customers,"Upsell premium products, increase frequency"
17823,422,2,494.25,88,2.87,0,247.12,2.0,5.62,1,3,2,6,Hibernating,1,3,Lost,Minimal spend — low re-engagement ROI
17824,52,1,298.4,13,1.07,0,298.4,1.0,22.95,4,2,2,8,At Risk,0,1,At Risk,"Send win-back campaigns, offer discounts"
17825,599,4,731.96,24,2.33,126,182.99,0.0315,30.5,1,4,3,8,At Risk,1,3,Lost,Minimal spend — low re-engagement ROI
17826,375,1,134.59,33,2.35,0,134.59,1.0,4.08,2,2,1,5,Hibernating,1,3,Lost,Minimal spend — low re-engagement ROI
17827,6,6,2388.05,240,2.2,616,398.01,0.0097,9.95,5,4,4,13,Champion,0,2,Loyal Customers,"Upsell premium products, increase frequency"
17828,23,4,1820.09,54,5.27,162,455.02,0.0245,33.71,4,4,4,12,Loyal,0,2,Loyal Customers,"Upsell premium products, increase frequency"
17829,299,5,4756.74,121,2.47,356,951.35,0.014,39.31,2,4,5,11,Loyal,1,2,Loyal Customers,"Upsell premium products, increase frequency"
17830,2,3,398.7,18,6.01,287,132.9,0.0104,22.15,5,3,2,10,Loyal,0,1,At Risk,"Send win-back campaigns, offer discounts"
17831,34,1,35.4,2,2.95,0,35.4,1.0,17.7,4,2,1,7,At Risk,0,1,At Risk,"Send win-back campaigns, offer discounts"
17832,50,1,155.37,61,1.11,0,155.37,1.0,2.55,4,2,1,7,At Risk,0,1,At Risk,"Send win-back campaigns, offer discounts"
17833,724,1,342.36,28,3.48,0,342.36,1.0,12.23,1,2,2,5,Hibernating,1,3,Lost,Minimal spend — low re-engagement ROI
17834,415,2,730.47,54,3.81,30,365.24,0.0645,13.53,1,3,3,7,At Risk,1,3,Lost,Minimal spend — low re-engagement ROI
17835,3,3,350.64,45,1.7,20,116.88,0.1429,7.79,5,3,2,10,Loyal,0,1,At Risk,"Send win-back campaigns, offer discounts"
17836,48,1,110.21,23,1.37,0,110.21,1.0,4.79,4,2,1,7,At Risk,0,1,At Risk,"Send win-back campaigns, offer discounts"
17837,43,8,1593.38,110,3.87,120,199.17,0.0661,14.49,4,5,4,13,Champion,0,2,Loyal Customers,"Upsell premium products, increase frequency"
17838,27,13,6722.9,141,3.25,604,517.15,0.0215,47.68,4,5,5,14,Champion,0,0,Champions,"Reward with loyalty perks, ask for reviews"
17839,43,1,338.8,50,1.75,0,338.8,1.0,6.78,4,2,2,8,At Risk,0,1,At Risk,"Send win-back campaigns, offer discounts"
17840,444,1,185.72,44,1.71,0,185.72,1.0,4.22,1,2,1,4,Hibernating,1,3,Lost,Minimal spend — low re-engagement ROI
17841,2,211,70884.07,2116,2.72,735,335.94,0.2867,33.5,5,5,5,15,Champion,0,0,Champions,"Reward with loyalty perks, ask for reviews"
17842,603,1,430.69,18,5.78,0,430.69,1.0,23.93,1,2,2,5,Hibernating,1,3,Lost,Minimal spend — low re-engagement ROI
17843,304,2,326.23,58,2.42,108,163.12,0.0183,5.62,2,3,2,7,At Risk,1,3,Lost,Minimal spend — low re-engagement ROI
17844,107,1,51.56,5,1.0,0,51.56,1.0,10.31,3,2,1,6,Hibernating,1,1,At Risk,"Send win-back campaigns, offer discounts"
17845,556,4,598.19,42,4.53,21,149.55,0.1818,14.24,1,4,2,7,At Risk,1,3,Lost,Minimal spend — low re-engagement ROI
17846,86,1,2033.1,1,2033.1,0,2033.1,1.0,2033.1,3,2,4,9,At Risk,0,1,At Risk,"Send win-back campaigns, offer discounts"
17847,516,2,129.69,9,4.63,129,64.84,0.0154,14.41,1,3,1,5,Hibernating,1,3,Lost,Minimal spend — low re-engagement ROI
17848,82,30,3650.9,105,4.94,652,121.7,0.0459,34.77,3,5,5,13,Champion,0,0,Champions,"Reward with loyalty perks, ask for reviews"
17849,219,8,1063.76,24,8.84,416,132.97,0.0192,44.32,2,5,3,10,Loyal,1,2,Loyal Customers,"Upsell premium products, increase frequency"
17850,373,155,56600.08,100,3.16,362,365.16,0.427,566.0,2,5,5,12,Loyal,1,0,Champions,"Reward with loyalty perks, ask for reviews"
17851,423,6,1563.34,185,2.8,313,260.56,0.0191,8.45,1,4,4,9,At Risk,1,2,Loyal Customers,"Upsell premium products, increase frequency"
17852,12,5,663.21,82,1.89,719,132.64,0.0069,8.09,5,4,3,12,Loyal,0,2,Loyal Customers,"Upsell premium products, increase frequency"
17853,408,3,1608.19,84,4.15,329,536.06,0.0091,19.15,2,3,4,9,At Risk,1,3,Lost,Minimal spend — low re-engagement ROI
17854,186,6,1071.45,113,2.5,546,178.58,0.011,9.48,3,4,3,10,Loyal,1,2,Loyal Customers,"Upsell premium products, increase frequency"
17855,373,1,417.94,17,1.77,0,417.94,1.0,24.58,2,2,2,6,Hibernating,1,3,Lost,Minimal spend — low re-engagement ROI
17856,2,4,1418.03,12,3.56,279,354.51,0.0143,118.17,5,4,4,13,Champion,0,2,Loyal Customers,"Upsell premium products, increase frequency"
17857,5,24,28682.24,21,9.38,637,1195.09,0.0376,1365.82,5,5,5,15,Champion,0,0,Champions,"Reward with loyalty perks, ask for reviews"
17858,6,30,12797.65,173,6.0,727,426.59,0.0412,73.97,5,5,5,15,Champion,0,0,Champions,"Reward with loyalty perks, ask for reviews"
17859,305,1,148.21,23,1.81,0,148.21,1.0,6.44,2,2,1,5,Hibernating,1,3,Lost,Minimal spend — low re-engagement ROI
17860,369,4,1015.54,127,2.62,359,253.88,0.0111,8.0,2,4,3,9,At Risk,1,3,Lost,Minimal spend — low re-engagement ROI
17861,4,18,5127.69,329,2.24,726,284.87,0.0248,15.59,5,5,5,15,Champion,0,0,Champions,"Reward with loyalty perks, ask for reviews"
17862,324,4,1279.09,90,4.23,239,319.77,0.0167,14.21,2,4,4,10,Loyal,1,2,Loyal Customers,"Upsell premium products, increase frequency"
17863,60,12,5745.2,154,1.58,593,478.77,0.0202,37.31,3,5,5,13,Champion,0,0,Champions,"Reward with loyalty perks, ask for reviews"
17864,13,5,924.32,93,1.81,414,184.86,0.012,9.94,5,4,3,12,Loyal,0,2,Loyal Customers,"Upsell premium products, increase frequency"
17865,31,46,26374.39,391,3.08,708,573.36,0.0649,67.45,4,5,5,14,Champion,0,0,Champions,"Reward with loyalty perks, ask for reviews"
17866,143,3,1134.95,20,3.73,582,378.32,0.0051,56.75,3,3,3,9,At Risk,1,2,Loyal Customers,"Upsell premium products, increase frequency"
17867,31,15,1621.28,119,3.44,707,108.09,0.0212,13.62,4,5,4,13,Champion,0,0,Champions,"Reward with loyalty perks, ask for reviews"
17868,387,1,234.65,18,3.81,0,234.65,1.0,13.04,2,2,1,5,Hibernating,1,3,Lost,Minimal spend — low re-engagement ROI
17869,108,7,1036.16,72,5.75,440,148.02,0.0159,14.39,3,4,3,10,Loyal,1,2,Loyal Customers,"Upsell premium products, increase frequency"
17870,3,13,3108.15,215,2.22,379,239.09,0.0342,14.46,5,5,5,15,Champion,0,0,Champions,"Reward with loyalty perks, ask for reviews"
17871,205,5,1118.99,64,3.08,488,223.8,0.0102,17.48,2,4,3,9,At Risk,1,2,Loyal Customers,"Upsell premium products, increase frequency"
17872,382,1,235.87,15,2.28,0,235.87,1.0,15.72,2,2,1,5,Hibernating,1,3,Lost,Minimal spend — low re-engagement ROI
17873,81,18,6515.88,65,2.79,643,361.99,0.028,100.24,3,5,5,13,Champion,0,0,Champions,"Reward with loyalty perks, ask for reviews"
17874,186,6,683.46,37,4.08,70,113.91,0.0845,18.47,3,4,3,10,Loyal,1,2,Loyal Customers,"Upsell premium products, increase frequency"
17875,689,1,167.1,25,2.78,0,167.1,1.0,6.68,1,2,1,4,Hibernating,1,3,Lost,Minimal spend — low re-engagement ROI
17876,400,3,3424.02,3,1.75,275,1141.34,0.0109,1141.34,2,3,5,10,Loyal,1,2,Loyal Customers,"Upsell premium products, increase frequency"
17877,171,1,237.61,12,3.54,0,237.61,1.0,19.8,3,2,1,6,Hibernating,1,1,At Risk,"Send win-back campaigns, offer discounts"
17878,44,3,1412.33,82,2.1,351,470.78,0.0085,17.22,4,3,4,11,Loyal,0,2,Loyal Customers,"Upsell premium products, increase frequency"
17879,174,1,178.52,6,3.64,0,178.52,1.0,29.75,3,2,1,6,Hibernating,1,1,At Risk,"Send win-back campaigns, offer discounts"
17880,365,3,824.92,43,2.68,365,274.97,0.0082,19.18,2,3,3,8,At Risk,1,3,Lost,Minimal spend — low re-engagement ROI
17881,305,1,133.35,8,4.53,0,133.35,1.0,16.67,2,2,1,5,Hibernating,1,3,Lost,Minimal spend — low re-engagement ROI
17882,380,2,313.46,47,2.85,0,156.73,2.0,6.67,2,3,2,7,At Risk,1,3,Lost,Minimal spend — low re-engagement ROI
17883,4,7,995.85,155,2.74,648,142.26,0.0108,6.42,5,4,3,12,Loyal,0,2,Loyal Customers,"Upsell premium products, increase frequency"
17884,4,20,3072.89,305,2.16,731,153.64,0.0273,10.08,5,5,5,15,Champion,0,0,Champions,"Reward with loyalty perks, ask for reviews"
17885,13,1,190.19,50,2.22,0,190.19,1.0,3.8,5,2,1,8,At Risk,0,1,At Risk,"Send win-back campaigns, offer discounts"
17886,32,6,1608.38,138,3.65,557,268.06,0.0108,11.65,4,4,4,12,Loyal,0,2,Loyal Customers,"Upsell premium products, increase frequency"
17887,130,1,111.35,10,5.24,0,111.35,1.0,11.14,3,2,1,6,Hibernating,1,1,At Risk,"Send win-back campaigns, offer discounts"
17888,22,25,1820.44,145,2.84,696,72.82,0.0359,12.55,4,5,4,13,Champion,0,0,Champions,"Reward with loyalty perks, ask for reviews"
17889,213,7,774.87,97,3.0,406,110.7,0.0172,7.99,2,4,3,9,At Risk,1,2,Loyal Customers,"Upsell premium products, increase frequency"
17890,323,2,602.09,88,2.47,38,301.04,0.0513,6.84,2,3,2,7,At Risk,1,3,Lost,Minimal spend — low re-engagement ROI
17891,163,1,203.86,34,0.71,0,203.86,1.0,6.0,3,2,1,6,Hibernating,1,1,At Risk,"Send win-back campaigns, offer discounts"
17892,57,3,244.1,27,3.28,99,81.37,0.03,9.04,4,3,1,8,At Risk,0,1,At Risk,"Send win-back campaigns, offer discounts"
17893,226,1,112.25,15,2.1,0,112.25,1.0,7.48,2,2,1,5,Hibernating,1,1,At Risk,"Send win-back campaigns, offer discounts"
17894,72,18,2453.38,215,2.82,397,136.3,0.0452,11.41,3,5,4,12,Loyal,0,0,Champions,"Reward with loyalty perks, ask for reviews"
17895,45,1,98.0,15,1.86,0,98.0,1.0,6.53,4,2,1,7,At Risk,0,1,At Risk,"Send win-back campaigns, offer discounts"
17896,24,1,256.32,2,0.89,0,256.32,1.0,128.16,4,2,1,7,At Risk,0,1,At Risk,"Send win-back campaigns, offer discounts"
17897,173,9,2585.0,211,3.1,403,287.22,0.0223,12.25,3,5,4,12,Loyal,1,2,Loyal Customers,"Upsell premium products, increase frequency"
17898,86,4,299.18,48,2.42,481,74.8,0.0083,6.23,3,4,2,9,At Risk,0,1,At Risk,"Send win-back campaigns, offer discounts"
17899,160,1,155.8,29,2.38,0,155.8,1.0,5.37,3,2,1,6,Hibernating,1,1,At Risk,"Send win-back campaigns, offer discounts"
17900,191,2,112.2,4,3.61,0,56.1,2.0,28.05,2,3,1,6,Hibernating,1,1,At Risk,"Send win-back campaigns, offer discounts"
17901,30,3,260.08,22,6.59,492,86.69,0.0061,11.82,4,3,1,8,At Risk,0,1,At Risk,"Send win-back campaigns, offer discounts"
17902,547,1,216.4,24,1.31,0,216.4,1.0,9.02,1,2,1,4,Hibernating,1,3,Lost,Minimal spend — low re-engagement ROI
17903,395,1,381.09,44,3.26,0,381.09,1.0,8.66,2,2,2,6,Hibernating,1,3,Lost,Minimal spend — low re-engagement ROI
17904,22,1,191.67,33,3.62,0,191.67,1.0,5.81,4,2,1,7,At Risk,0,1,At Risk,"Send win-back campaigns, offer discounts"
17905,72,13,2383.52,129,3.87,608,183.35,0.0213,18.48,3,5,4,12,Loyal,0,0,Champions,"Reward with loyalty perks, ask for reviews"
17906,248,1,72.9,12,3.83,0,72.9,1.0,6.08,2,2,1,5,Hibernating,1,1,At Risk,"Send win-back campaigns, offer discounts"
17907,641,1,291.76,13,3.34,0,291.76,1.0,22.44,1,2,2,5,Hibernating,1,3,Lost,Minimal spend — low re-engagement ROI
17908,374,5,1411.54,178,2.92,351,282.31,0.0142,7.93,2,4,4,10,Loyal,1,2,Loyal Customers,"Upsell premium products, increase frequency"
17909,738,1,132.55,8,5.34,0,132.55,1.0,16.57,1,2,1,4,Hibernating,1,3,Lost,Minimal spend — low re-engagement ROI
17910,727,1,261.7,25,3.04,0,261.7,1.0,10.47,1,2,1,4,Hibernating,1,3,Lost,Minimal spend — low re-engagement ROI
17911,10,1,366.23,39,2.18,0,366.23,1.0,9.39,5,2,2,9,At Risk,0,1,At Risk,"Send win-back campaigns, offer discounts"
17912,311,6,375.5,48,3.61,65,62.58,0.0909,7.82,2,4,2,8,At Risk,1,2,Loyal Customers,"Upsell premium products, increase frequency"
17913,59,14,3479.64,224,2.91,677,248.55,0.0206,15.53,4,5,5,14,Champion,0,0,Champions,"Reward with loyalty perks, ask for reviews"
17914,4,1,336.43,72,1.97,0,336.43,1.0,4.67,5,2,2,9,At Risk,0,1,At Risk,"Send win-back campaigns, offer discounts"
17915,552,1,242.13,27,2.76,0,242.13,1.0,8.97,1,2,1,4,Hibernating,1,3,Lost,Minimal spend — low re-engagement ROI
17916,629,2,43.87,15,1.17,104,21.94,0.019,2.92,1,3,1,5,Hibernating,1,3,Lost,Minimal spend — low re-engagement ROI
17917,46,3,341.28,77,2.23,317,113.76,0.0094,4.43,4,3,2,9,At Risk,0,1,At Risk,"Send win-back campaigns, offer discounts"
17918,501,3,396.39,34,1.99,4,132.13,0.6,11.66,1,3,2,6,Hibernating,1,3,Lost,Minimal spend — low re-engagement ROI
17919,89,2,1840.32,37,1.7,350,920.16,0.0057,49.74,3,3,4,10,Loyal,0,2,Loyal Customers,"Upsell premium products, increase frequency"
17920,5,54,24516.46,715,2.55,729,454.01,0.074,34.29,5,5,5,15,Champion,0,0,Champions,"Reward with loyalty perks, ask for reviews"
17921,65,10,2423.5,230,2.97,447,242.35,0.0223,10.54,3,5,4,12,Loyal,0,2,Loyal Customers,"Upsell premium products, increase frequency"
17922,544,1,170.4,8,4.63,0,170.4,1.0,21.3,1,2,1,4,Hibernating,1,3,Lost,Minimal spend — low re-engagement ROI
17923,283,3,497.0,2,3.48,262,165.67,0.0114,248.5,2,3,2,7,At Risk,1,1,At Risk,"Send win-back campaigns, offer discounts"
17924,12,8,3536.7,27,3.49,402,442.09,0.0199,130.99,5,5,5,15,Champion,0,2,Loyal Customers,"Upsell premium products, increase frequency"
17925,373,1,488.16,1,3.39,0,488.16,1.0,488.16,2,2,2,6,Hibernating,1,3,Lost,Minimal spend — low re-engagement ROI
17926,134,5,1035.49,27,3.17,446,207.1,0.0112,38.35,3,4,3,10,Loyal,1,2,Loyal Customers,"Upsell premium products, increase frequency"
17927,722,1,294.0,10,3.02,0,294.0,1.0,29.4,1,2,2,5,Hibernating,1,3,Lost,Minimal spend — low re-engagement ROI
17928,46,3,341.24,27,2.77,525,113.75,0.0057,12.64,4,3,2,9,At Risk,0,1,At Risk,"Send win-back campaigns, offer discounts"
17929,12,12,3082.1,6,7.16,719,256.84,0.0167,513.68,5,5,5,15,Champion,0,0,Champions,"Reward with loyalty perks, ask for reviews"
17930,36,13,4275.22,39,1.57,609,328.86,0.0213,109.62,4,5,5,14,Champion,0,0,Champions,"Reward with loyalty perks, ask for reviews"
17931,135,14,3437.29,274,2.77,527,245.52,0.0265,12.54,3,5,5,13,Champion,1,0,Champions,"Reward with loyalty perks, ask for reviews"
17932,30,3,1331.57,84,2.74,182,443.86,0.0164,15.85,4,3,4,11,Loyal,0,2,Loyal Customers,"Upsell premium products, increase frequency"
17933,633,1,114.69,12,2.1,0,114.69,1.0,9.56,1,2,1,4,Hibernating,1,3,Lost,Minimal spend — low re-engagement ROI
17934,52,3,1049.15,36,3.1,354,349.72,0.0085,29.14,4,3,3,10,Loyal,0,2,Loyal Customers,"Upsell premium products, increase frequency"
17935,139,7,686.14,60,2.86,596,98.02,0.0117,11.44,3,4,3,10,Loyal,1,2,Loyal Customers,"Upsell premium products, increase frequency"
17936,6,1,389.84,68,2.38,0,389.84,1.0,5.73,5,2,2,9,At Risk,0,1,At Risk,"Send win-back campaigns, offer discounts"
17937,9,7,4301.22,19,3.47,353,614.46,0.0198,226.38,5,4,5,14,Champion,0,2,Loyal Customers,"Upsell premium products, increase frequency"
17938,421,1,144.29,29,3.13,0,144.29,1.0,4.98,1,2,1,4,Hibernating,1,3,Lost,Minimal spend — low re-engagement ROI
17939,160,1,99.14,12,2.46,0,99.14,1.0,8.26,3,2,1,6,Hibernating,1,1,At Risk,"Send win-back campaigns, offer discounts"
17940,50,16,30393.19,11,53.58,687,1899.57,0.0233,2763.02,4,5,5,14,Champion,0,0,Champions,"Reward with loyalty perks, ask for reviews"
17941,131,4,1433.28,5,1.92,571,358.32,0.007,286.66,3,4,4,11,Loyal,1,2,Loyal Customers,"Upsell premium products, increase frequency"
17942,8,1,77.5,2,1.53,0,77.5,1.0,38.75,5,2,1,8,At Risk,0,1,At Risk,"Send win-back campaigns, offer discounts"
17944,424,1,75.41,24,1.86,0,75.41,1.0,3.14,1,2,1,4,Hibernating,1,3,Lost,Minimal spend — low re-engagement ROI
17945,697,3,360.35,66,2.03,0,120.12,3.0,5.46,1,3,2,6,Hibernating,1,3,Lost,Minimal spend — low re-engagement ROI
17946,234,2,149.58,18,3.14,26,74.79,0.0741,8.31,2,3,1,6,Hibernating,1,1,At Risk,"Send win-back campaigns, offer discounts"
17947,38,1,176.68,9,0.94,0,176.68,1.0,19.63,4,2,1,7,At Risk,0,1,At Risk,"Send win-back campaigns, offer discounts"
17948,148,1,358.56,1,2.49,0,358.56,1.0,358.56,3,2,2,7,At Risk,1,1,At Risk,"Send win-back campaigns, offer discounts"
17949,2,118,118628.08,58,60.25,736,1005.32,0.1601,2045.31,5,5,5,15,Champion,0,0,Champions,"Reward with loyalty perks, ask for reviews"
17950,73,7,1432.81,133,2.57,631,204.69,0.0111,10.77,3,4,4,11,Loyal,0,2,Loyal Customers,"Upsell premium products, increase frequency"
17951,40,4,1636.08,24,2.62,364,409.02,0.011,68.17,4,4,4,12,Loyal,0,2,Loyal Customers,"Upsell premium products, increase frequency"
17952,379,4,819.61,85,2.4,163,204.9,0.0244,9.64,2,4,3,9,At Risk,1,3,Lost,Minimal spend — low re-engagement ROI
17953,541,1,160.82,20,3.5,0,160.82,1.0,8.04,1,2,1,4,Hibernating,1,3,Lost,Minimal spend — low re-engagement ROI
17954,6,19,3966.05,479,2.2,725,208.74,0.0262,8.28,5,5,5,15,Champion,0,0,Champions,"Reward with loyalty perks, ask for reviews"
17955,199,6,949.9,16,5.01,466,158.32,0.0128,59.37,2,4,3,9,At Risk,1,2,Loyal Customers,"Upsell premium products, increase frequency"
17956,250,1,12.75,1,12.75,0,12.75,1.0,12.75,2,2,1,5,Hibernating,1,1,At Risk,"Send win-back campaigns, offer discounts"
17957,67,1,111.68,31,1.35,0,111.68,1.0,3.6,3,2,1,6,Hibernating,0,1,At Risk,"Send win-back campaigns, offer discounts"
17958,117,2,973.88,35,3.4,611,486.94,0.0033,27.83,3,3,3,9,At Risk,1,1,At Risk,"Send win-back campaigns, offer discounts"
17959,593,1,140.75,2,21.03,0,140.75,1.0,70.38,1,2,1,4,Hibernating,1,3,Lost,Minimal spend — low re-engagement ROI
17960,172,3,135.08,37,2.19,470,45.03,0.0064,3.65,3,3,1,7,At Risk,1,1,At Risk,"Send win-back campaigns, offer discounts"
17961,22,100,2995.54,486,2.89,717,29.96,0.1393,6.16,4,5,5,14,Champion,0,0,Champions,"Reward with loyalty perks, ask for reviews"
17962,143,4,687.42,146,2.0,552,171.86,0.0072,4.71,3,4,3,10,Loyal,1,2,Loyal Customers,"Upsell premium products, increase frequency"
17963,472,4,651.51,98,3.04,217,162.88,0.0183,6.65,1,4,3,8,At Risk,1,3,Lost,Minimal spend — low re-engagement ROI
17964,32,2,733.46,84,2.9,340,366.73,0.0059,8.73,4,3,3,10,Loyal,0,1,At Risk,"Send win-back campaigns, offer discounts"
17965,38,29,7240.98,588,3.25,687,249.69,0.0422,12.31,4,5,5,14,Champion,0,0,Champions,"Reward with loyalty perks, ask for reviews"
17966,38,10,1974.42,82,1.44,652,197.44,0.0153,24.08,4,5,4,13,Champion,0,2,Loyal Customers,"Upsell premium products, increase frequency"
17967,372,2,357.29,59,2.15,44,178.64,0.0444,6.06,2,3,2,7,At Risk,1,3,Lost,Minimal spend — low re-engagement ROI
17968,374,4,888.04,106,1.9,138,222.01,0.0288,8.38,2,4,3,9,At Risk,1,3,Lost,Minimal spend — low re-engagement ROI
17969,167,20,2369.94,113,5.04,566,118.5,0.0353,20.97,3,5,4,12,Loyal,1,0,Champions,"Reward with loyalty perks, ask for reviews"
17970,212,1,582.59,27,2.97,0,582.59,1.0,21.58,2,2,2,6,Hibernating,1,1,At Risk,"Send win-back campaigns, offer discounts"
17971,549,1,161.94,21,3.13,0,161.94,1.0,7.71,1,2,1,4,Hibernating,1,3,Lost,Minimal spend — low re-engagement ROI
17972,242,1,136.04,30,4.23,0,136.04,1.0,4.53,2,2,1,5,Hibernating,1,1,At Risk,"Send win-back campaigns, offer discounts"
17973,52,1,337.04,15,3.24,0,337.04,1.0,22.47,4,2,2,8,At Risk,0,1,At Risk,"Send win-back campaigns, offer discounts"
17974,25,6,1858.06,279,2.11,382,309.68,0.0157,6.66,4,4,4,12,Loyal,0,2,Loyal Customers,"Upsell premium products, increase frequency"
17975,16,24,7028.83,243,3.41,475,292.87,0.0504,28.93,5,5,5,15,Champion,0,0,Champions,"Reward with loyalty perks, ask for reviews"
17976,373,1,706.38,56,3.53,0,706.38,1.0,12.61,2,2,3,7,At Risk,1,3,Lost,Minimal spend — low re-engagement ROI
17977,30,2,1565.63,94,1.84,370,782.82,0.0054,16.66,4,3,4,11,Loyal,0,2,Loyal Customers,"Upsell premium products, increase frequency"
17978,366,4,1461.76,62,3.12,366,365.44,0.0109,23.58,2,4,4,10,Loyal,1,2,Loyal Customers,"Upsell premium products, increase frequency"
17979,36,4,757.71,116,2.34,224,189.43,0.0178,6.53,4,4,3,11,Loyal,0,2,Loyal Customers,"Upsell premium products, increase frequency"
17980,166,4,1033.42,41,2.6,227,258.36,0.0175,25.21,3,4,3,10,Loyal,1,2,Loyal Customers,"Upsell premium products, increase frequency"
17981,411,1,239.12,17,1.6,0,239.12,1.0,14.07,2,2,1,5,Hibernating,1,3,Lost,Minimal spend — low re-engagement ROI
17982,681,1,138.18,13,1.97,0,138.18,1.0,10.63,1,2,1,4,Hibernating,1,3,Lost,Minimal spend — low re-engagement ROI
17983,396,1,171.71,23,2.81,0,171.71,1.0,7.47,2,2,1,5,Hibernating,1,3,Lost,Minimal spend — low re-engagement ROI
17984,146,5,1191.27,209,2.25,593,238.25,0.0084,5.7,3,4,3,10,Loyal,1,2,Loyal Customers,"Upsell premium products, increase frequency"
17985,23,1,634.95,20,4.47,0,634.95,1.0,31.75,4,2,3,9,At Risk,0,1,At Risk,"Send win-back campaigns, offer discounts"
17986,57,1,20.8,1,2.08,0,20.8,1.0,20.8,4,2,1,7,At Risk,0,1,At Risk,"Send win-back campaigns, offer discounts"
17987,186,5,1003.64,139,2.06,365,200.73,0.0137,7.22,3,4,3,10,Loyal,1,2,Loyal Customers,"Upsell premium products, increase frequency"
17988,12,14,489.54,115,3.48,720,34.97,0.0194,4.26,5,5,2,12,Loyal,0,2,Loyal Customers,"Upsell premium products, increase frequency"
17989,380,1,228.83,26,1.93,0,228.83,1.0,8.8,2,2,1,5,Hibernating,1,3,Lost,Minimal spend — low re-engagement ROI
17990,237,6,1527.61,40,2.55,495,254.6,0.0121,38.19,2,4,4,10,Loyal,1,2,Loyal Customers,"Upsell premium products, increase frequency"
17991,226,3,320.55,37,4.47,366,106.85,0.0082,8.66,2,3,2,7,At Risk,1,1,At Risk,"Send win-back campaigns, offer discounts"
17992,390,1,254.13,49,2.38,0,254.13,1.0,5.19,2,2,1,5,Hibernating,1,3,Lost,Minimal spend — low re-engagement ROI
17993,618,1,235.19,60,2.33,0,235.19,1.0,3.92,1,2,1,4,Hibernating,1,3,Lost,Minimal spend — low re-engagement ROI
17994,122,11,2313.32,227,2.62,499,210.3,0.022,10.19,3,5,4,12,Loyal,1,2,Loyal Customers,"Upsell premium products, increase frequency"
17995,282,3,495.48,28,3.6,105,165.16,0.0283,17.7,2,3,2,7,At Risk,1,1,At Risk,"Send win-back campaigns, offer discounts"
17996,380,3,482.33,63,3.21,166,160.78,0.018,7.66,2,3,2,7,At Risk,1,3,Lost,Minimal spend — low re-engagement ROI
17997,75,8,1970.67,133,1.52,89,246.33,0.0889,14.82,3,5,4,12,Loyal,0,2,Loyal Customers,"Upsell premium products, increase frequency"
17998,381,3,639.24,57,3.82,358,213.08,0.0084,11.21,2,3,3,8,At Risk,1,3,Lost,Minimal spend — low re-engagement ROI
17999,38,3,730.9,125,2.99,341,243.63,0.0088,5.85,4,3,3,10,Loyal,0,1,At Risk,"Send win-back campaigns, offer discounts"
18000,565,1,124.25,6,2.02,0,124.25,1.0,20.71,1,2,1,4,Hibernating,1,3,Lost,Minimal spend — low re-engagement ROI
18001,13,6,953.84,120,2.31,725,158.97,0.0083,7.95,5,4,3,12,Loyal,0,2,Loyal Customers,"Upsell premium products, increase frequency"
18002,376,4,249.92,52,4.01,355,62.48,0.0112,4.81,2,4,1,7,At Risk,1,3,Lost,Minimal spend — low re-engagement ROI
18003,377,1,358.61,23,1.93,0,358.61,1.0,15.59,2,2,2,6,Hibernating,1,3,Lost,Minimal spend — low re-engagement ROI
18004,363,1,169.47,32,2.77,0,169.47,1.0,5.3,2,2,1,5,Hibernating,1,3,Lost,Minimal spend — low re-engagement ROI
18005,4,2,249.72,52,3.19,43,124.86,0.0455,4.8,5,3,1,9,At Risk,0,1,At Risk,"Send win-back campaigns, offer discounts"
18006,24,4,997.86,57,3.61,699,249.46,0.0057,17.51,4,4,3,11,Loyal,0,2,Loyal Customers,"Upsell premium products, increase frequency"
18007,393,1,220.32,46,1.61,0,220.32,1.0,4.79,2,2,1,5,Hibernating,1,3,Lost,Minimal spend — low re-engagement ROI
18008,71,23,19787.13,77,4.27,632,860.31,0.0363,256.98,3,5,5,13,Champion,0,0,Champions,"Reward with loyalty perks, ask for reviews"
18009,236,8,2155.83,145,4.0,417,269.48,0.0191,14.87,2,5,4,11,Loyal,1,2,Loyal Customers,"Upsell premium products, increase frequency"
18010,257,1,174.8,14,5.01,0,174.8,1.0,12.49,2,2,1,5,Hibernating,1,1,At Risk,"Send win-back campaigns, offer discounts"
18011,374,2,527.03,63,3.7,194,263.52,0.0103,8.37,2,3,2,7,At Risk,1,3,Lost,Minimal spend — low re-engagement ROI
18012,724,1,115.3,13,6.81,0,115.3,1.0,8.87,1,2,1,4,Hibernating,1,3,Lost,Minimal spend — low re-engagement ROI
18013,156,2,187.29,31,1.17,0,93.64,2.0,6.04,3,3,1,7,At Risk,1,1,At Risk,"Send win-back campaigns, offer discounts"
18014,29,1,166.42,29,2.93,0,166.42,1.0,5.74,4,2,1,7,At Risk,0,1,At Risk,"Send win-back campaigns, offer discounts"
18015,5,1,120.03,46,1.28,0,120.03,1.0,2.61,5,2,1,8,At Risk,0,1,At Risk,"Send win-back campaigns, offer discounts"
18016,33,7,1960.46,115,3.38,648,280.07,0.0108,17.05,4,4,4,12,Loyal,0,2,Loyal Customers,"Upsell premium products, increase frequency"
18017,82,4,688.0,1,1.72,350,172.0,0.0114,688.0,3,4,3,10,Loyal,0,2,Loyal Customers,"Upsell premium products, increase frequency"
18018,109,4,297.99,43,3.38,312,74.5,0.0128,6.93,3,4,2,9,At Risk,1,1,At Risk,"Send win-back campaigns, offer discounts"
18019,52,1,38.45,5,5.71,0,38.45,1.0,7.69,4,2,1,7,At Risk,0,1,At Risk,"Send win-back campaigns, offer discounts"
18020,544,1,190.48,12,4.87,0,190.48,1.0,15.87,1,2,1,4,Hibernating,1,3,Lost,Minimal spend — low re-engagement ROI
18021,510,2,227.06,32,2.78,2,113.53,0.6667,7.1,1,3,1,5,Hibernating,1,3,Lost,Minimal spend — low re-engagement ROI
18022,36,5,1651.79,306,1.96,510,330.36,0.0098,5.4,4,4,4,12,Loyal,0,2,Loyal Customers,"Upsell premium products, increase frequency"
18024,153,2,389.78,21,2.58,0,194.89,2.0,18.56,3,3,2,8,At Risk,1,1,At Risk,"Send win-back campaigns, offer discounts"
18025,380,6,1177.72,83,1.91,239,196.29,0.025,14.19,2,4,3,9,At Risk,1,2,Loyal Customers,"Upsell premium products, increase frequency"
18026,501,2,2074.07,12,5.15,4,1037.04,0.4,172.84,1,3,4,8,At Risk,1,3,Lost,Minimal spend — low re-engagement ROI
18027,99,1,115.31,21,2.79,0,115.31,1.0,5.49,3,2,1,6,Hibernating,1,1,At Risk,"Send win-back campaigns, offer discounts"
18028,584,1,192.05,4,2.75,0,192.05,1.0,48.01,1,2,1,4,Hibernating,1,3,Lost,Minimal spend — low re-engagement ROI
18029,643,1,433.77,18,1.74,0,433.77,1.0,24.1,1,2,2,5,Hibernating,1,3,Lost,Minimal spend — low re-engagement ROI
18030,5,2,230.65,8,6.71,38,115.32,0.0513,28.83,5,3,1,9,At Risk,0,1,At Risk,"Send win-back campaigns, offer discounts"
18031,379,1,462.1,49,1.84,0,462.1,1.0,9.43,2,2,2,6,Hibernating,1,3,Lost,Minimal spend — low re-engagement ROI
18032,335,1,73.5,5,1.87,0,73.5,1.0,14.7,2,2,1,5,Hibernating,1,3,Lost,Minimal spend — low re-engagement ROI
18033,66,1,97.97,32,1.87,0,97.97,1.0,3.06,3,2,1,6,Hibernating,0,1,At Risk,"Send win-back campaigns, offer discounts"
18034,22,3,793.7,182,1.52,353,264.57,0.0085,4.36,4,3,3,10,Loyal,0,2,Loyal Customers,"Upsell premium products, increase frequency"
18035,36,5,1276.74,52,2.28,349,255.35,0.0143,24.55,4,4,4,12,Loyal,0,2,Loyal Customers,"Upsell premium products, increase frequency"
18036,33,11,1563.64,221,2.56,689,142.15,0.0159,7.08,4,5,4,13,Champion,0,2,Loyal Customers,"Upsell premium products, increase frequency"
18037,155,15,167.42,31,4.65,583,11.16,0.0257,5.4,3,5,1,9,At Risk,1,2,Loyal Customers,"Upsell premium products, increase frequency"
18038,557,1,149.41,25,2.5,0,149.41,1.0,5.98,1,2,1,4,Hibernating,1,3,Lost,Minimal spend — low re-engagement ROI
18039,375,4,579.17,137,2.12,266,144.79,0.015,4.23,2,4,2,8,At Risk,1,3,Lost,Minimal spend — low re-engagement ROI
18040,20,2,357.2,18,3.07,226,178.6,0.0088,19.84,5,3,2,10,Loyal,0,1,At Risk,"Send win-back campaigns, offer discounts"
18041,12,38,8752.38,464,2.05,683,230.33,0.0556,18.86,5,5,5,15,Champion,0,0,Champions,"Reward with loyalty perks, ask for reviews"
18042,54,2,281.15,13,4.29,488,140.57,0.0041,21.63,4,3,1,8,At Risk,0,1,At Risk,"Send win-back campaigns, offer discounts"
18043,25,3,875.97,106,2.91,342,291.99,0.0087,8.26,4,3,3,10,Loyal,0,2,Loyal Customers,"Upsell premium products, increase frequency"
18044,5,18,3505.61,128,4.22,555,194.76,0.0324,27.39,5,5,5,15,Champion,0,0,Champions,"Reward with loyalty perks, ask for reviews"
18045,46,1,189.4,43,2.61,0,189.4,1.0,4.4,4,2,1,7,At Risk,0,1,At Risk,"Send win-back campaigns, offer discounts"
18046,650,1,189.63,26,6.18,0,189.63,1.0,7.29,1,2,1,4,Hibernating,1,3,Lost,Minimal spend — low re-engagement ROI
18047,382,2,342.69,74,2.8,0,171.34,2.0,4.63,2,3,2,7,At Risk,1,3,Lost,Minimal spend — low re-engagement ROI
18048,204,3,401.73,56,2.55,290,133.91,0.0103,7.17,2,3,2,7,At Risk,1,1,At Risk,"Send win-back campaigns, offer discounts"
18049,438,2,556.52,82,2.32,153,278.26,0.013,6.79,1,3,2,6,Hibernating,1,3,Lost,Minimal spend — low re-engagement ROI
18050,360,2,412.06,22,3.18,33,206.03,0.0588,18.73,2,3,2,7,At Risk,1,3,Lost,Minimal spend — low re-engagement ROI
18051,635,7,2282.28,41,1.96,96,326.04,0.0722,55.67,1,4,4,9,At Risk,1,3,Lost,Minimal spend — low re-engagement ROI
18052,565,1,10877.18,16,0.66,0,10877.18,1.0,679.82,1,2,5,8,At Risk,1,3,Lost,Minimal spend — low re-engagement ROI
18053,71,3,571.07,29,2.22,456,190.36,0.0066,19.69,3,3,2,8,At Risk,0,1,At Risk,"Send win-back campaigns, offer discounts"
18054,393,1,176.5,11,2.47,0,176.5,1.0,16.05,2,2,1,5,Hibernating,1,3,Lost,Minimal spend — low re-engagement ROI
18055,8,14,11195.57,320,4.32,406,799.68,0.0344,34.99,5,5,5,15,Champion,0,0,Champions,"Reward with loyalty perks, ask for reviews"
18056,289,2,554.6,28,3.08,330,277.3,0.006,19.81,2,3,2,7,At Risk,1,1,At Risk,"Send win-back campaigns, offer discounts"
18057,394,3,1203.56,121,2.97,297,401.19,0.0101,9.95,2,3,3,8,At Risk,1,3,Lost,Minimal spend — low re-engagement ROI
18058,10,3,774.06,12,1.96,657,258.02,0.0046,64.5,5,3,3,11,Loyal,0,2,Loyal Customers,"Upsell premium products, increase frequency"
18059,24,3,306.46,17,1.91,44,102.15,0.0667,18.03,4,3,2,9,At Risk,0,1,At Risk,"Send win-back campaigns, offer discounts"
18060,409,2,1185.46,74,3.16,156,592.73,0.0127,16.02,2,3,3,8,At Risk,1,3,Lost,Minimal spend — low re-engagement ROI
18061,22,28,6488.97,30,3.86,713,231.75,0.0392,216.3,4,5,5,14,Champion,0,0,Champions,"Reward with loyalty perks, ask for reviews"
18062,174,6,1632.67,46,3.71,424,272.11,0.0141,35.49,3,4,4,11,Loyal,1,2,Loyal Customers,"Upsell premium products, increase frequency"
18063,391,2,186.6,2,3.77,242,93.3,0.0082,93.3,2,3,1,6,Hibernating,1,3,Lost,Minimal spend — low re-engagement ROI
18064,134,11,4495.03,53,2.18,543,408.64,0.0202,84.81,3,5,5,13,Champion,1,0,Champions,"Reward with loyalty perks, ask for reviews"
18065,6,29,5866.63,193,4.54,724,202.3,0.04,30.4,5,5,5,15,Champion,0,0,Champions,"Reward with loyalty perks, ask for reviews"
18066,76,3,1440.4,37,3.92,340,480.13,0.0088,38.93,3,3,4,10,Loyal,0,2,Loyal Customers,"Upsell premium products, increase frequency"
18067,41,1,396.33,36,2.83,0,396.33,1.0,11.01,4,2,2,8,At Risk,0,1,At Risk,"Send win-back campaigns, offer discounts"
18068,290,1,101.7,1,16.95,0,101.7,1.0,101.7,2,2,1,5,Hibernating,1,1,At Risk,"Send win-back campaigns, offer discounts"
18069,27,11,4540.56,602,2.17,622,412.78,0.0177,7.54,4,5,5,14,Champion,0,0,Champions,"Reward with loyalty perks, ask for reviews"
18070,670,1,314.1,9,3.82,0,314.1,1.0,34.9,1,2,2,5,Hibernating,1,3,Lost,Minimal spend — low re-engagement ROI
18071,258,6,1428.63,52,2.95,477,238.1,0.0126,27.47,2,4,4,10,Loyal,1,2,Loyal Customers,"Upsell premium products, increase frequency"
18072,186,1,247.44,18,0.89,0,247.44,1.0,13.75,3,2,1,6,Hibernating,1,1,At Risk,"Send win-back campaigns, offer discounts"
18073,115,12,3877.52,23,3.83,82,323.13,0.1446,168.59,3,5,5,13,Champion,1,0,Champions,"Reward with loyalty perks, ask for reviews"
18074,374,2,1509.04,37,4.62,131,754.52,0.0152,40.78,2,3,4,9,At Risk,1,3,Lost,Minimal spend — low re-engagement ROI
18075,24,20,5783.29,180,3.45,475,289.16,0.042,32.13,4,5,5,14,Champion,0,0,Champions,"Reward with loyalty perks, ask for reviews"
18076,381,1,151.49,8,2.35,0,151.49,1.0,18.94,2,2,1,5,Hibernating,1,3,Lost,Minimal spend — low re-engagement ROI
18077,9,18,4338.56,141,1.71,724,241.03,0.0248,30.77,5,5,5,15,Champion,0,0,Champions,"Reward with loyalty perks, ask for reviews"
18078,218,4,844.6,65,2.85,410,211.15,0.0097,12.99,2,4,3,9,At Risk,1,2,Loyal Customers,"Upsell premium products, increase frequency"
18079,46,5,4242.75,107,0.9,446,848.55,0.0112,39.65,4,4,5,13,Champion,0,2,Loyal Customers,"Upsell premium products, increase frequency"
18080,19,2,1231.5,2,1.9,223,615.75,0.0089,615.75,5,3,3,11,Loyal,0,2,Loyal Customers,"Upsell premium products, increase frequency"
18081,37,3,343.45,14,3.84,97,114.48,0.0306,24.53,4,3,2,9,At Risk,0,1,At Risk,"Send win-back campaigns, offer discounts"
18082,26,1,703.37,62,2.15,0,703.37,1.0,11.34,4,2,3,9,At Risk,0,1,At Risk,"Send win-back campaigns, offer discounts"
18083,398,1,470.73,36,3.51,0,470.73,1.0,13.08,2,2,2,6,Hibernating,1,3,Lost,Minimal spend — low re-engagement ROI
18084,17,3,812.93,7,3.72,372,270.98,0.008,116.13,5,3,3,11,Loyal,0,2,Loyal Customers,"Upsell premium products, increase frequency"
18085,331,4,1645.75,42,3.17,298,411.44,0.0134,39.18,2,4,4,10,Loyal,1,2,Loyal Customers,"Upsell premium products, increase frequency"
18086,275,1,101.34,7,1.48,0,101.34,1.0,14.48,2,2,1,5,Hibernating,1,1,At Risk,"Send win-back campaigns, offer discounts"
18087,99,17,14761.52,44,12.75,640,868.32,0.0265,335.49,3,5,5,13,Champion,1,0,Champions,"Reward with loyalty perks, ask for reviews"
18088,62,1,167.67,35,2.09,0,167.67,1.0,4.79,3,2,1,6,Hibernating,0,1,At Risk,"Send win-back campaigns, offer discounts"
18089,447,1,428.45,9,7.78,0,428.45,1.0,47.61,1,2,2,5,Hibernating,1,3,Lost,Minimal spend — low re-engagement ROI
18090,422,1,349.4,47,1.7,0,349.4,1.0,7.43,1,2,2,5,Hibernating,1,3,Lost,Minimal spend — low re-engagement ROI
18091,594,1,360.85,25,1.68,0,360.85,1.0,14.43,1,2,2,5,Hibernating,1,3,Lost,Minimal spend — low re-engagement ROI
18092,3,18,16179.44,42,3.37,733,898.86,0.0245,385.22,5,5,5,15,Champion,0,0,Champions,"Reward with loyalty perks, ask for reviews"
18093,94,8,4452.71,43,1.8,525,556.59,0.0152,103.55,3,5,5,13,Champion,1,2,Loyal Customers,"Upsell premium products, increase frequency"
18094,82,13,6391.52,55,2.5,619,491.66,0.021,116.21,3,5,5,13,Champion,0,0,Champions,"Reward with loyalty perks, ask for reviews"
18095,313,5,2303.09,37,2.36,286,460.62,0.0174,62.25,2,4,4,10,Loyal,1,2,Loyal Customers,"Upsell premium products, increase frequency"
18096,12,6,1805.28,299,2.3,501,300.88,0.012,6.04,5,4,4,13,Champion,0,2,Loyal Customers,"Upsell premium products, increase frequency"
18097,8,11,4663.32,86,2.92,715,423.94,0.0154,54.22,5,5,5,15,Champion,0,0,Champions,"Reward with loyalty perks, ask for reviews"
18098,397,1,550.84,85,3.54,0,550.84,1.0,6.48,2,2,2,6,Hibernating,1,3,Lost,Minimal spend — low re-engagement ROI
18099,128,1,168.31,19,2.14,0,168.31,1.0,8.86,3,2,1,6,Hibernating,1,1,At Risk,"Send win-back campaigns, offer discounts"
18100,551,1,451.56,30,2.08,0,451.56,1.0,15.05,1,2,2,5,Hibernating,1,3,Lost,Minimal spend — low re-engagement ROI
18101,12,5,629.16,89,2.91,662,125.83,0.0075,7.07,5,4,3,12,Loyal,0,2,Loyal Customers,"Upsell premium products, increase frequency"
18102,1,145,608821.65,382,3.9,738,4198.77,0.1962,1593.77,5,5,5,15,Champion,0,0,Champions,"Reward with loyalty perks, ask for reviews"
18103,550,1,105.8,10,4.86,0,105.8,1.0,10.58,1,2,1,4,Hibernating,1,3,Lost,Minimal spend — low re-engagement ROI
18104,38,1,754.64,38,3.76,0,754.64,1.0,19.86,4,2,3,9,At Risk,0,1,At Risk,"Send win-back campaigns, offer discounts"
18105,38,1,113.48,18,2.23,0,113.48,1.0,6.3,4,2,1,7,At Risk,0,1,At Risk,"Send win-back campaigns, offer discounts"
18106,330,6,1461.46,126,3.17,364,243.58,0.0164,11.6,2,4,4,10,Loyal,1,2,Loyal Customers,"Upsell premium products, increase frequency"
18107,443,1,167.13,38,3.23,0,167.13,1.0,4.4,1,2,1,4,Hibernating,1,3,Lost,Minimal spend — low re-engagement ROI
18108,255,3,848.81,43,4.65,483,282.94,0.0062,19.74,2,3,3,8,At Risk,1,2,Loyal Customers,"Upsell premium products, increase frequency"
18109,2,38,9893.96,203,4.46,524,260.37,0.0724,48.74,5,5,5,15,Champion,0,0,Champions,"Reward with loyalty perks, ask for reviews"
18110,20,2,435.43,58,2.5,391,217.72,0.0051,7.51,5,3,2,10,Loyal,0,1,At Risk,"Send win-back campaigns, offer discounts"
18111,590,1,405.85,27,4.84,0,405.85,1.0,15.03,1,2,2,5,Hibernating,1,3,Lost,Minimal spend — low re-engagement ROI
18112,13,4,775.96,59,3.65,539,193.99,0.0074,13.15,5,4,3,12,Loyal,0,2,Loyal Customers,"Upsell premium products, increase frequency"
18113,369,1,152.64,1,1.06,0,152.64,1.0,152.64,2,2,1,5,Hibernating,1,3,Lost,Minimal spend — low re-engagement ROI
18114,291,1,220.1,28,5.53,0,220.1,1.0,7.86,2,2,1,5,Hibernating,1,1,At Risk,"Send win-back campaigns, offer discounts"
18115,698,1,9.7,3,3.23,0,9.7,1.0,3.23,1,2,1,4,Hibernating,1,3,Lost,Minimal spend — low re-engagement ROI
18116,68,13,2154.3,311,2.51,343,165.72,0.0378,6.93,3,5,4,12,Loyal,0,0,Champions,"Reward with loyalty perks, ask for reviews"
18117,26,1,320.72,68,1.21,0,320.72,1.0,4.72,4,2,2,8,At Risk,0,1,At Risk,"Send win-back campaigns, offer discounts"
18118,11,29,6733.22,444,2.49,370,232.18,0.0782,15.16,5,5,5,15,Champion,0,0,Champions,"Reward with loyalty perks, ask for reviews"
18119,368,1,362.24,29,2.78,0,362.24,1.0,12.49,2,2,2,6,Hibernating,1,3,Lost,Minimal spend — low re-engagement ROI
18120,215,1,111.15,17,4.03,0,111.15,1.0,6.54,2,2,1,5,Hibernating,1,1,At Risk,"Send win-back campaigns, offer discounts"
18121,150,2,673.1,28,1.87,5,336.55,0.3333,24.04,3,3,3,9,At Risk,1,1,At Risk,"Send win-back campaigns, offer discounts"
18122,9,6,1826.21,239,2.34,142,304.37,0.042,7.64,5,4,4,13,Champion,0,2,Loyal Customers,"Upsell premium products, increase frequency"
18123,25,3,684.59,53,2.32,489,228.2,0.0061,12.92,4,3,3,10,Loyal,0,1,At Risk,"Send win-back campaigns, offer discounts"
18124,473,1,111.53,20,2.61,0,111.53,1.0,5.58,1,2,1,4,Hibernating,1,3,Lost,Minimal spend — low re-engagement ROI
18125,30,4,1142.99,164,2.23,286,285.75,0.0139,6.97,4,4,3,11,Loyal,0,2,Loyal Customers,"Upsell premium products, increase frequency"
18126,61,1,206.83,52,1.95,0,206.83,1.0,3.98,3,2,1,6,Hibernating,0,1,At Risk,"Send win-back campaigns, offer discounts"
18127,20,4,561.53,56,3.39,384,140.38,0.0104,10.03,5,4,2,11,Loyal,0,2,Loyal Customers,"Upsell premium products, increase frequency"
18128,538,1,420.04,42,2.63,0,420.04,1.0,10.0,1,2,2,5,Hibernating,1,3,Lost,Minimal spend — low re-engagement ROI
18129,244,1,112.55,13,2.93,0,112.55,1.0,8.66,2,2,1,5,Hibernating,1,1,At Risk,"Send win-back campaigns, offer discounts"
18130,16,3,1059.39,58,2.37,41,353.13,0.0714,18.27,5,3,3,11,Loyal,0,2,Loyal Customers,"Upsell premium products, increase frequency"
18131,632,1,222.96,4,1.01,0,222.96,1.0,55.74,1,2,1,4,Hibernating,1,3,Lost,Minimal spend — low re-engagement ROI
18132,505,1,226.9,60,2.0,0,226.9,1.0,3.78,1,2,1,4,Hibernating,1,3,Lost,Minimal spend — low re-engagement ROI
18133,213,1,931.5,1,0.69,0,931.5,1.0,931.5,2,2,3,7,At Risk,1,1,At Risk,"Send win-back campaigns, offer discounts"
18134,599,2,445.0,27,4.92,96,222.5,0.0206,16.48,1,3,2,6,Hibernating,1,3,Lost,Minimal spend — low re-engagement ROI
18135,30,10,1249.62,23,2.47,605,124.96,0.0165,54.33,4,5,4,13,Champion,0,2,Loyal Customers,"Upsell premium products, increase frequency"
18136,64,5,1631.36,77,3.05,387,326.27,0.0129,21.19,3,4,4,11,Loyal,0,2,Loyal Customers,"Upsell premium products, increase frequency"
18137,552,2,145.99,26,3.51,0,73.0,2.0,5.62,1,3,1,5,Hibernating,1,3,Lost,Minimal spend — low re-engagement ROI
18138,296,1,152.65,8,6.26,0,152.65,1.0,19.08,2,2,1,5,Hibernating,1,1,At Risk,"Send win-back campaigns, offer discounts"
18139,18,6,8438.34,35,1.51,0,1406.39,6.0,241.1,5,4,5,14,Champion,0,0,Champions,"Reward with loyalty perks, ask for reviews"
18140,474,1,536.41,49,2.27,0,536.41,1.0,10.95,1,2,2,5,Hibernating,1,3,Lost,Minimal spend — low re-engagement ROI
18141,402,2,882.47,38,2.97,187,441.24,0.0106,23.22,2,3,3,8,At Risk,1,3,Lost,Minimal spend — low re-engagement ROI
18142,158,2,1019.52,9,1.53,58,509.76,0.0339,113.28,3,3,3,9,At Risk,1,1,At Risk,"Send win-back campaigns, offer discounts"
18143,117,2,1000.16,59,2.73,25,500.08,0.0769,16.95,3,3,3,9,At Risk,1,1,At Risk,"Send win-back campaigns, offer discounts"
18144,8,19,5058.0,51,4.15,715,266.21,0.0265,99.18,5,5,5,15,Champion,0,0,Champions,"Reward with loyalty perks, ask for reviews"
18145,13,11,5617.79,250,1.88,718,510.71,0.0153,22.47,5,5,5,15,Champion,0,0,Champions,"Reward with loyalty perks, ask for reviews"
18146,141,2,160.35,10,1.95,79,80.18,0.025,16.04,3,3,1,7,At Risk,1,1,At Risk,"Send win-back campaigns, offer discounts"
18147,46,2,179.34,7,1.3,62,89.67,0.0317,25.62,4,3,1,8,At Risk,0,1,At Risk,"Send win-back campaigns, offer discounts"
18148,647,1,114.1,9,2.58,0,114.1,1.0,12.68,1,2,1,4,Hibernating,1,3,Lost,Minimal spend — low re-engagement ROI
18149,51,7,1624.71,54,2.44,584,232.1,0.012,30.09,4,4,4,12,Loyal,0,2,Loyal Customers,"Upsell premium products, increase frequency"
18150,33,3,566.58,29,2.32,169,188.86,0.0176,19.54,4,3,2,9,At Risk,0,1,At Risk,"Send win-back campaigns, offer discounts"
18151,135,6,1879.44,99,3.67,511,313.24,0.0117,18.98,3,4,4,11,Loyal,1,2,Loyal Customers,"Upsell premium products, increase frequency"
18152,647,1,426.69,10,7.16,0,426.69,1.0,42.67,1,2,2,5,Hibernating,1,3,Lost,Minimal spend — low re-engagement ROI
18153,660,1,246.22,17,1.4,0,246.22,1.0,14.48,1,2,1,4,Hibernating,1,3,Lost,Minimal spend — low re-engagement ROI
18154,4,5,932.6,34,2.24,487,186.52,0.0102,27.43,5,4,3,12,Loyal,0,2,Loyal Customers,"Upsell premium products, increase frequency"
18155,76,3,371.62,19,2.47,216,123.87,0.0138,19.56,3,3,2,8,At Risk,0,1,At Risk,"Send win-back campaigns, offer discounts"
18156,13,2,941.17,100,2.99,356,470.58,0.0056,9.41,5,3,3,11,Loyal,0,1,At Risk,"Send win-back campaigns, offer discounts"
18157,572,1,215.35,25,3.58,0,215.35,1.0,8.61,1,2,1,4,Hibernating,1,3,Lost,Minimal spend — low re-engagement ROI
18158,10,2,453.4,24,1.29,79,226.7,0.025,18.89,5,3,2,10,Loyal,0,1,At Risk,"Send win-back campaigns, offer discounts"
18159,302,1,530.15,23,5.0,0,530.15,1.0,23.05,2,2,2,6,Hibernating,1,3,Lost,Minimal spend — low re-engagement ROI
18160,58,3,1003.88,56,3.34,328,334.63,0.0091,17.93,4,3,3,10,Loyal,0,2,Loyal Customers,"Upsell premium products, increase frequency"
18161,16,6,1803.1,57,3.52,364,300.52,0.0164,31.63,5,4,4,13,Champion,0,2,Loyal Customers,"Upsell premium products, increase frequency"
18162,733,1,379.16,45,1.89,0,379.16,1.0,8.43,1,2,2,5,Hibernating,1,3,Lost,Minimal spend — low re-engagement ROI
18163,585,1,728.84,33,3.77,0,728.84,1.0,22.09,1,2,3,6,Hibernating,1,3,Lost,Minimal spend — low re-engagement ROI
18164,38,1,399.65,24,4.21,0,399.65,1.0,16.65,4,2,2,8,At Risk,0,1,At Risk,"Send win-back campaigns, offer discounts"
18165,178,1,302.46,10,1.24,0,302.46,1.0,30.25,3,2,2,7,At Risk,1,1,At Risk,"Send win-back campaigns, offer discounts"
18166,624,1,175.5,10,2.38,0,175.5,1.0,17.55,1,2,1,4,Hibernating,1,3,Lost,Minimal spend — low re-engagement ROI
18167,24,3,1384.86,24,3.79,82,461.62,0.0361,57.7,4,3,4,11,Loyal,0,2,Loyal Customers,"Upsell premium products, increase frequency"
18168,177,16,3770.27,209,2.93,560,235.64,0.0285,18.04,3,5,5,13,Champion,1,0,Champions,"Reward with loyalty perks, ask for reviews"
18169,61,1,202.65,9,3.69,0,202.65,1.0,22.52,3,2,1,6,Hibernating,0,1,At Risk,"Send win-back campaigns, offer discounts"
18170,34,9,2878.0,59,4.58,667,319.78,0.0135,48.78,4,5,4,13,Champion,0,2,Loyal Customers,"Upsell premium products, increase frequency"
18171,59,9,2437.31,76,5.61,644,270.81,0.014,32.07,4,5,4,13,Champion,0,2,Loyal Customers,"Upsell premium products, increase frequency"
18172,15,52,17479.84,176,3.8,714,336.15,0.0727,99.32,5,5,5,15,Champion,0,0,Champions,"Reward with loyalty perks, ask for reviews"
18173,87,5,2696.36,34,2.77,526,539.27,0.0095,79.3,3,4,4,11,Loyal,0,2,Loyal Customers,"Upsell premium products, increase frequency"
18174,8,2,162.5,1,2.02,596,81.25,0.0034,162.5,5,3,1,9,At Risk,0,1,At Risk,"Send win-back campaigns, offer discounts"
18175,676,1,176.1,7,4.45,0,176.1,1.0,25.16,1,2,1,4,Hibernating,1,3,Lost,Minimal spend — low re-engagement ROI
18176,359,1,476.35,30,2.68,0,476.35,1.0,15.88,2,2,2,6,Hibernating,1,3,Lost,Minimal spend — low re-engagement ROI
18177,32,9,2216.87,66,1.86,692,246.32,0.013,33.59,4,5,4,13,Champion,0,2,Loyal Customers,"Upsell premium products, increase frequency"
18178,129,11,6103.74,204,2.6,530,554.89,0.0207,29.92,3,5,5,13,Champion,1,0,Champions,"Reward with loyalty perks, ask for reviews"
18179,10,8,2547.55,101,2.75,654,318.44,0.0122,25.22,5,5,4,14,Champion,0,2,Loyal Customers,"Upsell premium products, increase frequency"
18180,5,6,1843.75,108,2.08,137,307.29,0.0435,17.07,5,4,4,13,Champion,0,2,Loyal Customers,"Upsell premium products, increase frequency"
18181,25,5,1205.94,139,3.1,710,241.19,0.007,8.68,4,4,3,11,Loyal,0,2,Loyal Customers,"Upsell premium products, increase frequency"
18182,464,1,291.13,10,2.3,0,291.13,1.0,29.11,1,2,1,4,Hibernating,1,3,Lost,Minimal spend — low re-engagement ROI
18183,228,2,632.07,36,3.5,47,316.04,0.0417,17.56,2,3,3,8,At Risk,1,1,At Risk,"Send win-back campaigns, offer discounts"
18184,16,1,49.8,1,0.83,0,49.8,1.0,49.8,5,2,1,8,At Risk,0,1,At Risk,"Send win-back campaigns, offer discounts"
18185,250,1,304.25,17,3.63,0,304.25,1.0,17.9,2,2,2,6,Hibernating,1,1,At Risk,"Send win-back campaigns, offer discounts"
18186,723,1,329.58,11,2.18,0,329.58,1.0,29.96,1,2,2,5,Hibernating,1,3,Lost,Minimal spend — low re-engagement ROI
18187,632,1,724.89,48,4.73,0,724.89,1.0,15.1,1,2,3,6,Hibernating,1,3,Lost,Minimal spend — low re-engagement ROI
18188,16,6,3280.59,95,2.47,608,546.76,0.0099,34.53,5,4,5,14,Champion,0,2,Loyal Customers,"Upsell premium products, increase frequency"
18189,78,3,1403.73,79,2.99,548,467.91,0.0055,17.77,3,3,4,10,Loyal,0,2,Loyal Customers,"Upsell premium products, increase frequency"
18190,193,5,745.62,34,2.87,525,149.12,0.0095,21.93,2,4,3,9,At Risk,1,2,Loyal Customers,"Upsell premium products, increase frequency"
18191,262,2,529.4,15,2.98,215,264.7,0.0093,35.29,2,3,2,7,At Risk,1,1,At Risk,"Send win-back campaigns, offer discounts"
18192,72,1,957.97,45,4.01,0,957.97,1.0,21.29,3,2,3,8,At Risk,0,1,At Risk,"Send win-back campaigns, offer discounts"
18193,166,3,1207.35,66,2.78,277,402.45,0.0108,18.29,3,3,3,9,At Risk,1,2,Loyal Customers,"Upsell premium products, increase frequency"
18194,83,6,4162.04,23,3.35,597,693.67,0.01,180.96,3,4,5,12,Loyal,0,2,Loyal Customers,"Upsell premium products, increase frequency"
18195,388,1,101.16,5,2.42,0,101.16,1.0,20.23,2,2,1,5,Hibernating,1,3,Lost,Minimal spend — low re-engagement ROI
18196,96,4,1464.31,210,2.12,537,366.08,0.0074,6.97,3,4,4,11,Loyal,1,2,Loyal Customers,"Upsell premium products, increase frequency"
18197,576,1,230.1,9,1.92,0,230.1,1.0,25.57,1,2,1,4,Hibernating,1,3,Lost,Minimal spend — low re-engagement ROI
18198,5,17,5425.56,81,2.4,332,319.15,0.0511,66.98,5,5,5,15,Champion,0,0,Champions,"Reward with loyalty perks, ask for reviews"
18199,684,1,344.75,20,5.04,0,344.75,1.0,17.24,1,2,2,5,Hibernating,1,3,Lost,Minimal spend — low re-engagement ROI
18200,107,1,163.8,29,1.97,0,163.8,1.0,5.65,3,2,1,6,Hibernating,1,1,At Risk,"Send win-back campaigns, offer discounts"
18201,723,1,447.53,27,4.63,0,447.53,1.0,16.58,1,2,2,5,Hibernating,1,3,Lost,Minimal spend — low re-engagement ROI
18202,200,3,1396.99,55,4.05,111,465.66,0.0268,25.4,2,3,4,9,At Risk,1,2,Loyal Customers,"Upsell premium products, increase frequency"
18203,158,4,504.42,40,5.19,573,126.1,0.007,12.61,3,4,2,9,At Risk,1,1,At Risk,"Send win-back campaigns, offer discounts"
18204,72,3,1993.7,159,2.55,121,664.57,0.0246,12.54,3,3,4,10,Loyal,0,2,Loyal Customers,"Upsell premium products, increase frequency"
18205,37,2,517.36,30,4.58,38,258.68,0.0513,17.25,4,3,2,9,At Risk,0,1,At Risk,"Send win-back campaigns, offer discounts"
18206,554,1,314.66,19,1.44,0,314.66,1.0,16.56,1,2,2,5,Hibernating,1,3,Lost,Minimal spend — low re-engagement ROI
18207,500,1,544.47,31,2.94,0,544.47,1.0,17.56,1,2,2,5,Hibernating,1,3,Lost,Minimal spend — low re-engagement ROI
18208,566,1,360.08,17,8.35,0,360.08,1.0,21.18,1,2,2,5,Hibernating,1,3,Lost,Minimal spend — low re-engagement ROI
18209,29,1,139.1,8,3.24,0,139.1,1.0,17.39,4,2,1,7,At Risk,0,1,At Risk,"Send win-back campaigns, offer discounts"
18210,2,7,2768.83,116,3.52,381,395.55,0.0183,23.87,5,4,4,13,Champion,0,2,Loyal Customers,"Upsell premium products, increase frequency"
18211,26,5,600.07,37,2.45,252,120.01,0.0198,16.22,4,4,2,10,Loyal,0,2,Loyal Customers,"Upsell premium products, increase frequency"
18212,327,2,546.72,40,3.55,351,273.36,0.0057,13.67,2,3,2,7,At Risk,1,3,Lost,Minimal spend — low re-engagement ROI
18213,237,1,232.48,15,1.5,0,232.48,1.0,15.5,2,2,1,5,Hibernating,1,1,At Risk,"Send win-back campaigns, offer discounts"
18214,531,4,1780.34,38,3.12,23,445.08,0.1667,46.85,1,4,4,9,At Risk,1,3,Lost,Minimal spend — low re-engagement ROI
18215,90,5,2247.49,53,2.94,534,449.5,0.0093,42.41,3,4,4,11,Loyal,1,2,Loyal Customers,"Upsell premium products, increase frequency"
18216,32,1,481.75,26,4.94,0,481.75,1.0,18.53,4,2,2,8,At Risk,0,1,At Risk,"Send win-back campaigns, offer discounts"
18217,30,4,945.04,33,2.07,496,236.26,0.008,28.64,4,4,3,11,Loyal,0,2,Loyal Customers,"Upsell premium products, increase frequency"
18218,212,4,1142.0,25,1.73,448,285.5,0.0089,45.68,2,4,3,9,At Risk,1,2,Loyal Customers,"Upsell premium products, increase frequency"
18219,3,17,3562.89,87,3.86,729,209.58,0.0233,40.95,5,5,5,15,Champion,0,0,Champions,"Reward with loyalty perks, ask for reviews"
18220,227,6,1921.76,17,3.47,497,320.29,0.012,113.04,2,4,4,10,Loyal,1,2,Loyal Customers,"Upsell premium products, increase frequency"
18221,23,6,1424.94,71,2.69,367,237.49,0.0163,20.07,4,4,4,12,Loyal,0,2,Loyal Customers,"Upsell premium products, increase frequency"
18222,93,1,443.0,19,3.26,0,443.0,1.0,23.32,3,2,2,7,At Risk,1,1,At Risk,"Send win-back campaigns, offer discounts"
18223,5,26,14000.85,192,3.2,730,538.49,0.0356,72.92,5,5,5,15,Champion,0,0,Champions,"Reward with loyalty perks, ask for reviews"
18224,264,1,158.95,10,3.06,0,158.95,1.0,15.9,2,2,1,5,Hibernating,1,1,At Risk,"Send win-back campaigns, offer discounts"
18225,4,26,13054.26,266,2.72,731,502.09,0.0355,49.08,5,5,5,15,Champion,0,0,Champions,"Reward with loyalty perks, ask for reviews"
18226,45,26,11878.88,299,2.83,600,456.88,0.0433,39.73,4,5,5,14,Champion,0,0,Champions,"Reward with loyalty perks, ask for reviews"
18227,218,2,388.75,6,56.38,266,194.38,0.0075,64.79,2,3,2,7,At Risk,1,1,At Risk,"Send win-back campaigns, offer discounts"
18228,57,2,779.9,23,3.99,22,389.95,0.087,33.91,4,3,3,10,Loyal,0,1,At Risk,"Send win-back campaigns, offer discounts"
18229,12,28,10803.71,73,4.97,724,385.85,0.0386,148.0,5,5,5,15,Champion,0,0,Champions,"Reward with loyalty perks, ask for reviews"
18230,10,9,4291.06,42,2.26,516,476.78,0.0174,102.17,5,5,5,15,Champion,0,0,Champions,"Reward with loyalty perks, ask for reviews"
18231,193,28,6880.97,218,4.07,506,245.75,0.0552,31.56,2,5,5,12,Loyal,1,0,Champions,"Reward with loyalty perks, ask for reviews"
18232,82,4,592.97,31,3.72,115,148.24,0.0345,19.13,3,4,2,9,At Risk,0,2,Loyal Customers,"Upsell premium products, increase frequency"
18233,326,1,440.0,1,110.0,0,440.0,1.0,440.0,2,2,2,6,Hibernating,1,3,Lost,Minimal spend — low re-engagement ROI
18234,552,1,179.6,30,2.36,0,179.6,1.0,5.99,1,2,1,4,Hibernating,1,3,Lost,Minimal spend — low re-engagement ROI
18235,72,3,1796.48,100,2.15,145,598.83,0.0205,17.96,3,3,4,10,Loyal,0,2,Loyal Customers,"Upsell premium products, increase frequency"
18236,30,12,1795.35,80,4.06,573,149.61,0.0209,22.44,4,5,4,13,Champion,0,2,Loyal Customers,"Upsell premium products, increase frequency"
18237,3,5,987.1,40,2.96,131,197.42,0.0379,24.68,5,4,3,12,Loyal,0,2,Loyal Customers,"Upsell premium products, increase frequency"
18238,516,1,270.92,14,2.9,0,270.92,1.0,19.35,1,2,1,4,Hibernating,1,3,Lost,Minimal spend — low re-engagement ROI
18239,219,6,2150.36,85,3.14,204,358.39,0.0293,25.3,2,4,4,10,Loyal,1,2,Loyal Customers,"Upsell premium products, increase frequency"
18240,47,1,422.58,6,3.93,0,422.58,1.0,70.43,4,2,2,8,At Risk,0,1,At Risk,"Send win-back campaigns, offer discounts"
18241,10,21,2986.99,101,3.2,608,142.24,0.0345,29.57,5,5,5,15,Champion,0,0,Champions,"Reward with loyalty perks, ask for reviews"
18242,73,8,3605.21,113,2.63,625,450.65,0.0128,31.9,3,5,5,13,Champion,0,2,Loyal Customers,"Upsell premium products, increase frequency"
18243,415,1,515.78,26,3.16,0,515.78,1.0,19.84,1,2,2,5,Hibernating,1,3,Lost,Minimal spend — low re-engagement ROI
18244,431,2,568.64,19,1.49,72,284.32,0.0274,29.93,1,3,2,6,Hibernating,1,3,Lost,Minimal spend — low re-engagement ROI
18245,8,20,6324.98,336,2.31,633,316.25,0.0315,18.82,5,5,5,15,Champion,0,0,Champions,"Reward with loyalty perks, ask for reviews"
18246,24,3,758.82,3,4.45,586,252.94,0.0051,252.94,4,3,3,10,Loyal,0,2,Loyal Customers,"Upsell premium products, increase frequency"
18247,415,3,839.73,28,4.5,216,279.91,0.0138,29.99,1,3,3,7,At Risk,1,3,Lost,Minimal spend — low re-engagement ROI
18248,123,2,804.02,39,4.11,63,402.01,0.0312,20.62,3,3,3,9,At Risk,1,1,At Risk,"Send win-back campaigns, offer discounts"
18249,18,1,95.34,8,1.6,0,95.34,1.0,11.92,5,2,1,8,At Risk,0,1,At Risk,"Send win-back campaigns, offer discounts"
18250,311,1,349.27,21,3.81,0,349.27,1.0,16.63,2,2,2,6,Hibernating,1,3,Lost,Minimal spend — low re-engagement ROI
18251,88,9,26278.86,87,1.02,630,2919.87,0.0143,302.06,3,5,5,13,Champion,0,0,Champions,"Reward with loyalty perks, ask for reviews"
18252,51,7,1542.09,125,3.36,670,220.3,0.0104,12.34,4,4,4,12,Loyal,0,2,Loyal Customers,"Upsell premium products, increase frequency"
18253,643,1,317.88,7,4.6,0,317.88,1.0,45.41,1,2,2,5,Hibernating,1,3,Lost,Minimal spend — low re-engagement ROI
18254,582,1,267.9,16,1.55,0,267.9,1.0,16.74,1,2,1,4,Hibernating,1,3,Lost,Minimal spend — low re-engagement ROI
18255,90,2,303.15,16,1.88,366,151.57,0.0054,18.95,3,3,2,8,At Risk,1,1,At Risk,"Send win-back campaigns, offer discounts"
18256,388,1,110.7,10,0.82,0,110.7,1.0,11.07,2,2,1,5,Hibernating,1,3,Lost,Minimal spend — low re-engagement ROI
18257,40,12,4600.15,219,3.01,619,383.35,0.0194,21.01,4,5,5,14,Champion,0,0,Champions,"Reward with loyalty perks, ask for reviews"
18258,465,6,2059.67,30,2.95,108,343.28,0.055,68.66,1,4,4,9,At Risk,1,2,Loyal Customers,"Upsell premium products, increase frequency"
18259,25,7,4318.2,51,3.16,707,616.89,0.0099,84.67,4,4,5,13,Champion,0,2,Loyal Customers,"Upsell premium products, increase frequency"
18260,173,23,9962.11,212,4.78,551,433.14,0.0417,46.99,3,5,5,13,Champion,1,0,Champions,"Reward with loyalty perks, ask for reviews"
18261,44,2,324.24,19,3.08,52,162.12,0.0377,17.07,4,3,2,9,At Risk,0,1,At Risk,"Send win-back campaigns, offer discounts"
18262,141,3,577.54,40,1.58,462,192.51,0.0065,14.44,3,3,2,8,At Risk,1,1,At Risk,"Send win-back campaigns, offer discounts"
18263,26,3,1213.16,59,0.96,226,404.39,0.0132,20.56,4,3,3,10,Loyal,0,2,Loyal Customers,"Upsell premium products, increase frequency"
18264,499,1,603.25,36,4.6,0,603.25,1.0,16.76,1,2,2,5,Hibernating,1,3,Lost,Minimal spend — low re-engagement ROI
18265,73,2,801.51,44,5.25,85,400.76,0.0233,18.22,3,3,3,9,At Risk,0,1,At Risk,"Send win-back campaigns, offer discounts"
18266,435,1,251.1,14,2.08,0,251.1,1.0,17.94,1,2,1,4,Hibernating,1,3,Lost,Minimal spend — low re-engagement ROI
18267,673,1,269.37,17,2.99,0,269.37,1.0,15.85,1,2,1,4,Hibernating,1,3,Lost,Minimal spend — low re-engagement ROI
18268,135,6,1490.23,36,3.24,594,248.37,0.0101,41.4,3,4,4,11,Loyal,1,2,Loyal Customers,"Upsell premium products, increase frequency"
18269,367,1,337.2,7,3.16,0,337.2,1.0,48.17,2,2,2,6,Hibernating,1,3,Lost,Minimal spend — low re-engagement ROI
18270,39,3,444.55,17,2.97,394,148.18,0.0076,26.15,4,3,2,9,At Risk,0,1,At Risk,"Send win-back campaigns, offer discounts"
18271,610,2,680.85,19,2.95,121,340.42,0.0164,35.83,1,3,3,7,At Risk,1,3,Lost,Minimal spend — low re-engagement ROI
18272,3,9,4385.98,145,2.37,642,487.33,0.014,30.25,5,5,5,15,Champion,0,0,Champions,"Reward with loyalty perks, ask for reviews"
18273,3,4,357.0,1,2.55,588,89.25,0.0068,357.0,5,4,2,11,Loyal,0,1,At Risk,"Send win-back campaigns, offer discounts"
18274,31,1,175.92,11,3.67,0,175.92,1.0,15.99,4,2,1,7,At Risk,0,1,At Risk,"Send win-back campaigns, offer discounts"
18275,579,2,741.85,19,2.49,152,370.92,0.0131,39.04,1,3,3,7,At Risk,1,3,Lost,Minimal spend — low re-engagement ROI
18276,44,6,1656.52,81,2.32,685,276.09,0.0087,20.45,4,4,4,12,Loyal,0,2,Loyal Customers,"Upsell premium products, increase frequency"
18277,59,5,1180.05,53,5.04,436,236.01,0.0114,22.27,4,4,3,11,Loyal,0,2,Loyal Customers,"Upsell premium products, increase frequency"
18278,74,2,414.2,22,3.96,330,207.1,0.006,18.83,3,3,2,8,At Risk,0,1,At Risk,"Send win-back campaigns, offer discounts"
18279,520,1,231.34,13,0.55,0,231.34,1.0,17.8,1,2,1,4,Hibernating,1,3,Lost,Minimal spend — low re-engagement ROI
18280,278,2,488.15,28,3.96,116,244.08,0.0171,17.43,2,3,2,7,At Risk,1,1,At Risk,"Send win-back campaigns, offer discounts"
18281,181,2,201.14,17,3.43,397,100.57,0.005,11.83,3,3,1,7,At Risk,1,1,At Risk,"Send win-back campaigns, offer discounts"
18282,8,2,178.05,12,5.2,118,89.02,0.0168,14.84,5,3,1,9,At Risk,0,1,At Risk,"Send win-back campaigns, offer discounts"
18283,4,22,2736.65,352,1.74,654,124.39,0.0336,7.77,5,5,4,14,Champion,0,0,Champions,"Reward with loyalty perks, ask for reviews"
18284,432,1,461.68,28,3.25,0,461.68,1.0,16.49,1,2,2,5,Hibernating,1,3,Lost,Minimal spend — low re-engagement ROI
18285,661,1,427.0,12,8.35,0,427.0,1.0,35.58,1,2,2,5,Hibernating,1,3,Lost,Minimal spend — low re-engagement ROI
18286,477,2,1296.43,67,4.27,247,648.22,0.0081,19.35,1,3,4,8,At Risk,1,3,Lost,Minimal spend — low re-engagement ROI
18287,43,7,4182.99,120,2.23,528,597.57,0.0132,34.86,4,4,5,13,Champion,0,2,Loyal Customers,"Upsell premium products, increase frequency"
